Number,time,date,hour,min,cap,obs_power,norm_obs_power,pred_power,norm_pred_power,obs_temp,pred_temp,obs_humidity,pred_humidity,obs_pressure,pred_pressure,obs_wind_speed,pred_wind_speed,obs_wind_direction,pred_wind_direction,pred_irr,obs_irr
0,2022/1/3 0:00,2022/1/3,0,0,50,0,0,0,0,2.71,6,77.16,66.38,1020.93496,1012.98999,1.34677,3.07,219.46945,120,0,0
1,2022/1/3 0:15,2022/1/3,0,15,50,0,0,0,0,2.505,5.85,77.2725,66.71,1019.82876,1012.90002,2.41669,3.07,226.77487,121,0,0
2,2022/1/3 0:30,2022/1/3,0,30,50,0,0,0,0,2.47,5.71,77.39,67.06,1019.46002,1012.82001,2.75,3.07,316.31,122,0,0
3,2022/1/3 0:45,2022/1/3,0,45,50,0,0,0,0,2.32,5.56,77.95,67.42,1019.53998,1012.75,2.73,3.08,53.4,123,0,0
4,2022/1/3 1:00,2022/1/3,1,0,50,0,0,0,0,2.21,5.42,77.32,67.78,1019.58002,1012.69,2.7,3.08,172.92999,124,0,0
5,2022/1/3 1:15,2022/1/3,1,15,50,0,0,0,0,2.17,5.29,77.02,68.12,1019.66998,1012.64001,2.68,3.08,209.7,125,0,0
6,2022/1/3 1:30,2022/1/3,1,30,50,0,0,0,0,2.2,5.17,77.25,68.43,1019.75,1012.60999,2.66,3.08,193.56,125,0,0
7,2022/1/3 1:45,2022/1/3,1,45,50,0,0,0,0,1.86,5.05,77.17,68.7,1019.71002,1012.59998,2.65,3.08,2.69,126,0,0
8,2022/1/3 2:00,2022/1/3,2,0,50,0,0,0,0,1.77,4.94,77.63,68.95,1019.87,1012.59998,2.63,3.07,315.42001,126,0,0
9,2022/1/3 2:15,2022/1/3,2,15,50,0,0,0,0,1.61,4.83,77.43,69.19,1019.71002,1012.59998,2.62,3.06,251.11999,127,0,0
10,2022/1/3 2:30,2022/1/3,2,30,50,0,0,0,0,1.5,4.71,77.82,69.43,1019.71002,1012.60999,2.6,3.03,48.19,127,0,0
11,2022/1/3 2:45,2022/1/3,2,45,50,0,0,0,0,1.62,4.59,79.98,69.67,1019.58002,1012.60999,2.59,3,55.89,128,0,0
12,2022/1/3 3:00,2022/1/3,3,0,50,0,0,0,0,1.65,4.47,81.34,69.9,1019.58002,1012.62,2.57,2.96,46.82,129,0,0
13,2022/1/3 3:15,2022/1/3,3,15,50,0,0,0,0,1.45,4.36,81,70.13,1019.59003,1012.63,2.56,2.92,51.93,130,0,0
14,2022/1/3 3:30,2022/1/3,3,30,50,0,0,0,0,1.37,4.26,81.15,70.36,1019.46002,1012.64001,2.55,2.88,55.42,130,0,0
15,2022/1/3 3:45,2022/1/3,3,45,50,0,0,0,0,1.47,4.17,82.57,70.58,1019.58002,1012.65997,2.53,2.84,63.46,131,0,0
16,2022/1/3 4:00,2022/1/3,4,0,50,0,0,0,0,1.39,4.1,83.01,70.8,1019.27002,1012.66998,2.52,2.8,69.71,131,0,0
17,2022/1/3 4:15,2022/1/3,4,15,50,0,0,0,0,1.2,4.04,82.98,71.01,1019.19,1012.69,2.52,2.78,149.21001,132,0,0
18,2022/1/3 4:30,2022/1/3,4,30,50,0,0,0,0,1.17,4,82.7,71.23,1019.03003,1012.71002,2.51,2.76,135.8,132,0,0
19,2022/1/3 4:45,2022/1/3,4,45,50,0,0,0,0,0.92,3.99,81.84,71.44,1019.03003,1012.71997,2.51,2.75,45.03,132,0,0
20,2022/1/3 5:00,2022/1/3,5,0,50,0,0,0,0,0.79,4,82,71.66,1019.08002,1012.77002,2.52,2.76,68.56,132,0,0
21,2022/1/3 5:15,2022/1/3,5,15,50,0,0,0,0,0.97,4.01,81.55,71.89,1019.16998,1012.85999,2.56,2.79,77.07,131,0,0
22,2022/1/3 5:30,2022/1/3,5,30,50,0,0,0,0,0.86,4.03,82.53,72.14,1019.47998,1012.97998,2.61,2.83,231.14999,130,0,0
23,2022/1/3 5:45,2022/1/3,5,45,50,0,0,0,0,0.86,4.06,81.41,72.4,1019.40002,1013.13,2.67,2.87,87.7,129,0,0
24,2022/1/3 6:00,2022/1/3,6,0,50,0,0,0,0,0.76,4.1,81.01,72.65,1019.48999,1013.28998,2.74,2.93,156.77,128,0,0
25,2022/1/3 6:15,2022/1/3,6,15,50,0,0,0,0,0.74,4.15,80.25,72.89,1019.71002,1013.46997,2.82,2.99,251.08,126,0,0
26,2022/1/3 6:30,2022/1/3,6,30,50,0,0,0,0,0.49,4.2,80.62,73.11,1019.83002,1013.64001,2.89,3.05,282.41,125,0,0
27,2022/1/3 6:45,2022/1/3,6,45,50,0,0,0,0,0.47,4.26,80.31,73.32,1019.83002,1013.79999,2.97,3.1,274.23001,123,0,0
28,2022/1/3 7:00,2022/1/3,7,0,50,0,0,0.33,0.0066,0.49,4.33,79.84,73.48,1020.20001,1013.94,3.03,3.15,269.63,122,14.53,0
29,2022/1/3 7:15,2022/1/3,7,15,50,0.68388,0.0136776,0.66,0.0132,0.56,4.41,79.69,73.61,1020.15997,1014.04999,3.08,3.19,319.32999,121,26.76,11.55
30,2022/1/3 7:30,2022/1/3,7,30,50,1.86589,0.0373178,1.64,0.0327999999999999,0.69,4.49,79.62,73.69,1020.32001,1014.12,3.11,3.21,51.87,120,51.55,31.56
31,2022/1/3 7:45,2022/1/3,7,45,50,3.22919,0.0645838,3.29,0.0658,1.33,4.58,81.24,73.72,1020.47998,1014.15002,3.12,3.22,49.68,119,86.03,56.93
32,2022/1/3 8:00,2022/1/3,8,0,50,5.53932,0.1107864,6.13,0.1226,2.02,4.76,84.67,73.48,1020.58002,1014.14001,3.11,3.21,56.71,118,127.3,85.5
33,2022/1/3 8:15,2022/1/3,8,15,50,8.99761,0.1799522,8.81,0.1762,3,5.11,85.42,72.79,1020.81,1014.13,3.07,3.16,84.08,117,172.49,127.81
34,2022/1/3 8:30,2022/1/3,8,30,50,11.6514,0.233028,11.22,0.2244,4.4,5.59,84.59,71.75,1020.92999,1014.10999,3.01,3.09,145.83,116,218.71001,172.46001
35,2022/1/3 8:45,2022/1/3,8,45,50,14.5368,0.290736,13.39,0.2678,6.09,6.19,82.53,70.42,1020.97998,1014.07001,2.93,2.99,234.3,114,263.07999,217.5
36,2022/1/3 9:00,2022/1/3,9,0,50,17.5797,0.3515939999999999,15.61,0.3122,7.79,6.87,81.39,68.89,1021.21002,1014.03003,2.84,2.88,312.19,112,302.73001,260.37
37,2022/1/3 9:15,2022/1/3,9,15,50,20.479,0.40958,17.459999,0.34919998,9.03,7.6,81.14,67.22,1021.21002,1013.98999,2.73,2.76,97.29,109,334.76001,308.26999
38,2022/1/3 9:30,2022/1/3,9,30,50,23.2661,0.465322,19.049999,0.38099998,10.02,8.37,79.54,65.51,1021.26001,1013.92999,2.62,2.63,128.78999,107,357.89002,352.78
39,2022/1/3 9:45,2022/1/3,9,45,50,25.7353,0.514706,20.889999,0.41779998,10.92,9.13,76.53,63.81,1021.21002,1013.87,2.49,2.5,89.74,104,379.73999,392.97
40,2022/1/3 10:00,2022/1/3,10,0,50,27.5313,0.5506260000000001,23.219999,0.46439998,11.83,9.86,73.46,62.23,1021.20001,1013.81,2.37,2.37,105.45,100,401.54001,431.67999
41,2022/1/3 10:15,2022/1/3,10,15,50,29.2334,0.584668,26,0.52,12.51,10.54,68.4,60.82,1021.22998,1013.73999,2.25,2.25,63.43,97,423.04999,460.69
42,2022/1/3 10:30,2022/1/3,10,30,50,31.036,0.62072,27.719999,0.55439998,13.36,11.13,69.68,59.66,1020.87,1013.65997,2.13,2.14,147.78,94,444,490.32999
43,2022/1/3 10:45,2022/1/3,10,45,50,32.4183,0.648366,29.450001,0.58900002,14.45,11.61,68.5,58.85,1020.73999,1013.59003,2.01,2.04,144.19,91,464.14999,523.19
44,2022/1/3 11:00,2022/1/3,11,0,50,34.1686,0.683372,31.01,0.6202000000000001,15.11,12.03,62.58,58.22,1020.26001,1013.46002,1.89,1.95,58.7,87,483.25,547.28003
45,2022/1/3 11:15,2022/1/3,11,15,50,34.8065,0.69613,32.450001,0.64900002,15.68,12.47,61.99,57.6,1020.02002,1013.26001,1.75,1.87,119.57,83,501.04001,569.71002
46,2022/1/3 11:30,2022/1/3,11,30,50,35.537,0.7107399999999999,33.200001,0.66400002,16.41,12.91,61.01,57,1019.59003,1013,1.59,1.79,106.91,79,517.28003,585.84998
47,2022/1/3 11:45,2022/1/3,11,45,50,36.0689,0.721378,33.810001,0.67620002,17.39,13.35,62.65,56.43,1019.56,1012.70001,1.42,1.7,88.39,73,531.71002,598.15997
48,2022/1/3 12:00,2022/1/3,12,0,50,36.1424,0.722848,34.209999,0.68419998,17.92,13.77,61.47,55.89,1018.97998,1012.37,1.25,1.62,166.42999,66,544.08002,606.10999
49,2022/1/3 12:15,2022/1/3,12,15,50,36.1206,0.722412,34.459999,0.68919998,18.91,14.16,64.93,55.39,1018.65002,1012.03003,1.08,1.54,147.34,58,554.13,609.67999
50,2022/1/3 12:30,2022/1/3,12,30,50,35.818,0.71636,34.330002,0.68660004,19.64,14.53,67.02,54.95,1018.45001,1011.69,0.92,1.47,176.02,49,561.63,599.32001
51,2022/1/3 12:45,2022/1/3,12,45,50,35.3238,0.706476,33.950001,0.67900002,20.06,14.84,67.62,54.57,1018.15997,1011.37,0.78,1.39,176.64,40,566.31,595.08002
52,2022/1/3 13:00,2022/1/3,13,0,50,34.5918,0.691836,32.93,0.6586,20.44,15.1,64.81,54.25,1017.75,1011.09998,0.65,1.32,157.26,32,567.92999,583.28998
53,2022/1/3 13:15,2022/1/3,13,15,50,33.7875,0.6757500000000001,31.969999,0.63939998,20.46,15.3,59.94,54.02,1017.71002,1010.88,0.56,1.25,125.56,24,561.07001,567.88
54,2022/1/3 13:30,2022/1/3,13,30,50,32.6789,0.653578,30.59,0.6118,21.04,15.43,69.73,53.87,1017.21997,1010.72998,0.49,1.18,107.73,18,542.09003,549.37
55,2022/1/3 13:45,2022/1/3,13,45,50,31.5521,0.631042,28.969999,0.57939998,21.87,15.47,70.75,53.82,1017.26001,1010.66998,0.47,1.11,348.04001,14,513.35999,516.27002
56,2022/1/3 14:00,2022/1/3,14,0,50,30.2762,0.605524,27.1,0.542,21.1,15.46,62.26,53.88,1017.02002,1010.65997,0.48,1.04,324.5,11,477.26001,506.60998
57,2022/1/3 14:15,2022/1/3,14,15,50,28.3978,0.567956,25.629999,0.5125999800000001,21.67,15.44,68.03,54.04,1016.94,1010.65997,0.52,0.97,313.97,9,436.14999,483.17999
58,2022/1/3 14:30,2022/1/3,14,30,50,27.0634,0.5412680000000001,23.4,0.4679999999999999,21.66,15.4,69.12,54.29,1016.48999,1010.65002,0.57,0.89,330.38,7,392.42999,440.39999
59,2022/1/3 14:45,2022/1/3,14,45,50,24.5092,0.490184,20.969999,0.41939998,21.63,15.34,68.91,54.62,1016.45001,1010.64001,0.63,0.81,278.23001,4,348.45001,407.42999
60,2022/1/3 15:00,2022/1/3,15,0,50,21.9506,0.439012,18.76,0.3752,21.1,15.27,68.36,55.01,1016.35999,1010.64001,0.7,0.73,275.73999,0,306.60001,368.28
61,2022/1/3 15:15,2022/1/3,15,15,50,19.2363,0.384726,16.6,0.332,20.71,15.19,67.9,55.46,1016.32001,1010.63,0.78,0.66,287.44,353,269.26001,319.29999
62,2022/1/3 15:30,2022/1/3,15,30,50,16.7381,0.334762,14.78,0.2956,20.4,15.11,68.19,55.95,1016.23999,1010.63,0.87,0.59,274.47,335,230.63001,276.54999
63,2022/1/3 15:45,2022/1/3,15,45,50,13.5402,0.270804,12.09,0.2418,20.19,15.01,68.11,56.48,1016.28003,1010.63,0.96,0.53,283.79999,273,185.89,233.59
64,2022/1/3 16:00,2022/1/3,16,0,50,10.6249,0.212498,9.46,0.1892,20.03,14.91,68.47,57.02,1016.28003,1010.62,1.04,0.48,263.06,224,138.82001,184.92999
65,2022/1/3 16:15,2022/1/3,16,15,50,6.42805,0.128561,6.23,0.1246,19.83,14.81,68.5,57.56,1016.15997,1010.62,1.11,0.44,264.76001,211,93.22,146.32001
66,2022/1/3 16:30,2022/1/3,16,30,50,3.25011,0.0650022,3.12,0.0624,19.39,14.7,68.68,58.1,1016.20001,1010.62,1.18,0.42,291.57001,207,52.9,100.47
67,2022/1/3 16:45,2022/1/3,16,45,50,1.84054,0.0368108,1.25,0.025,18.94,14.59,68.93,58.62,1016.23999,1010.62,1.23,0.41,223.03,205,21.66,61.71
68,2022/1/3 17:00,2022/1/3,17,0,50,0.79698,0.0159396,0.62,0.0124,17.75,14.47,68.78,59.14,1016.20001,1010.64001,1.27,0.41,222.06,205,0,30.77
69,2022/1/3 17:15,2022/1/3,17,15,50,0,0,0,0,16.35,14.33,69.47,59.67,1016.23999,1010.69,1.31,0.4,163.92,203,0,8.56
70,2022/1/3 17:30,2022/1/3,17,30,50,0,0,0,0,14.89,14.18,70.13,60.23,1016.28998,1010.77002,1.35,0.4,178.75,201,0,0
71,2022/1/3 17:45,2022/1/3,17,45,50,0,0,0,0,13.5,14,70.6,60.81,1016.40997,1010.87,1.39,0.4,161.75,197,0,0
72,2022/1/3 18:00,2022/1/3,18,0,50,0,0,0,0,12.39,13.81,71.23,61.42,1016.53003,1010.98999,1.42,0.4,191.48,192,0,0
73,2022/1/3 18:15,2022/1/3,18,15,50,0,0,0,0,11.4,13.61,71.41,62.07,1016.57001,1011.12,1.45,0.4,215.46001,185,0,0
74,2022/1/3 18:30,2022/1/3,18,30,50,0,0,0,0,10.8,13.39,71.37,62.76,1016.69,1011.23999,1.49,0.4,275.41,177,0,0
75,2022/1/3 18:45,2022/1/3,18,45,50,0,0,0,0,10.06,13.16,71.4,63.49,1016.87,1011.37,1.52,0.4,209.08,168,0,0
76,2022/1/3 19:00,2022/1/3,19,0,50,0,0,0,0,9.39,12.92,71.51,64.27,1017.07001,1011.47998,1.54,0.4,156.31,157,0,0
77,2022/1/3 19:15,2022/1/3,19,15,50,0,0,0,0,8.94,12.67,71.47,65.1,1017.20001,1011.58002,1.57,0.4,236.14999,148,0,0
78,2022/1/3 19:30,2022/1/3,19,30,50,0,0,0,0,8.3,12.41,75.46,65.99,1017.28003,1011.65002,1.6,0.4,312.60001,140,0,0
79,2022/1/3 19:45,2022/1/3,19,45,50,0,0,0,0,7.9,12.15,73.7,66.93,1017.40002,1011.70001,1.62,0.4,40.16,133,0,0
80,2022/1/3 20:00,2022/1/3,20,0,50,0,0,0,0,7.78,11.83,74.07,68.14,1017.32001,1011.72998,1.65,0.42,290.76999,128,0,0
81,2022/1/3 20:15,2022/1/3,20,15,50,0,0,0,0,7.32,11.43,73.77,69.76,1017.28003,1011.75,1.67,0.49,160.01,124,0,0
82,2022/1/3 20:30,2022/1/3,20,30,50,0,0,0,0,7.16,10.97,73.92,71.68,1017.32001,1011.78003,1.68,0.6,137.27,122,0,0
83,2022/1/3 20:45,2022/1/3,20,45,50,0,0,0,0,6.87,10.46,75.9,73.8,1017.38,1011.79999,1.7,0.75,90.48,121,0,0
84,2022/1/3 21:00,2022/1/3,21,0,50,0,0,0,0,6.6,9.94,78.19,76.04,1017.52002,1011.82001,1.72,0.91,122.19,120,0,0
85,2022/1/3 21:15,2022/1/3,21,15,50,0,0,0,0,6.43,9.41,77.18,78.3,1017.5,1011.84003,1.73,1.08,103.93,120,0,0
86,2022/1/3 21:30,2022/1/3,21,30,50,0,0,0,0,6.26,8.91,78.48,80.47,1017.52002,1011.85999,1.75,1.27,227.14,120,0,0
87,2022/1/3 21:45,2022/1/3,21,45,50,0,0,0,0,6.06,8.45,76.53,82.48,1017.48999,1011.87,1.76,1.45,226.53999,120,0,0
88,2022/1/3 22:00,2022/1/3,22,0,50,0,0,0,0,5.97,8.06,76.28,84.2,1017.60999,1011.89001,1.78,1.62,89.73,120,0,0
89,2022/1/3 22:15,2022/1/3,22,15,50,0,0,0,0,5.72,7.75,79.36,85.56,1017.58002,1011.89001,1.8,1.77,106.43,120,0,0
90,2022/1/3 22:30,2022/1/3,22,30,50,0,0,0,0,5.74,7.55,80.25,86.46,1017.58002,1011.90002,1.83,1.89,125.65,120,0,0
91,2022/1/3 22:45,2022/1/3,22,45,50,0,0,0,0,5.35,7.48,78.76,86.79,1017.5,1011.90002,1.86,1.98,102.75,120,0,0
92,2022/1/3 23:00,2022/1/3,23,0,50,0,0,0,0,5.43,7.49,82.24,86.81,1017.34003,1011.90002,1.9,2.04,158.38001,120,0,0
93,2022/1/3 23:15,2022/1/3,23,15,50,0,0,0,0,5.42,7.5,80.56,86.83,1017.53998,1011.89001,1.96,2.1,180.66,120,0,0
94,2022/1/3 23:30,2022/1/3,23,30,50,0,0,0,0,5.63,7.53,78.78,86.84,1017.42999,1011.88,2.03,2.15,253.64999,120,0,0
95,2022/1/3 23:45,2022/1/3,23,45,50,0,0,0,0,5.57,7.56,78.09,86.86,1017.42999,1011.85999,2.11,2.2,236.74,120,0,0
96,2022/1/12 0:00,2022/1/12,0,0,50,0,0,0,0,2.8283,2.43,84.52625,76.74,1019.83376,1013.66998,2.24307,2.97,146.89501,106,0,0
97,2022/1/12 0:15,2022/1/12,0,15,50,0,0,0,0,1.21208,2.37,83.13906,76.66,1019.81592,1013.54999,2.70327,3.08,164.10875,109,0,0
98,2022/1/12 0:30,2022/1/12,0,30,50,0,0,0,0,0.57,2.31,82.57,76.57,1019.96997,1013.42999,2.87,3.2,150.48,111,0,0
99,2022/1/12 0:45,2022/1/12,0,45,50,0,0,0,0,0.19,2.25,82.22,76.46,1019.98999,1013.32001,2.89,3.3,210.67,114,0,0
100,2022/1/12 1:00,2022/1/12,1,0,50,0,0,0,0,-0.04,2.18,83.44,76.35,1019.78998,1013.20001,2.91,3.4,77.47,116,0,0
101,2022/1/12 1:15,2022/1/12,1,15,50,0,0,0,0,-0.21,2.12,84.56,76.23,1019.79999,1013.09998,2.94,3.49,158.26,117,0,0
102,2022/1/12 1:30,2022/1/12,1,30,50,0,0,0,0,-0.42,2.04,83.58,76.11,1020.01001,1013.02002,2.96,3.55,154.51,118,0,0
103,2022/1/12 1:45,2022/1/12,1,45,50,0,0,0,0,-0.59,1.96,84.02,75.99,1020.09003,1012.96002,2.99,3.59,64.54,119,0,0
104,2022/1/12 2:00,2022/1/12,2,0,50,0,0,0,0,-0.45,1.85,85.12,75.83,1019.77002,1012.90997,3.02,3.61,61.09,119,0,0
105,2022/1/12 2:15,2022/1/12,2,15,50,0,0,0,0,-0.36,1.73,85.84,75.62,1019.56,1012.84998,3.06,3.63,63.41,120,0,0
106,2022/1/12 2:30,2022/1/12,2,30,50,0,0,0,0,-0.51,1.59,87.43,75.37,1019.65002,1012.79999,3.1,3.64,80.3,120,0,0
107,2022/1/12 2:45,2022/1/12,2,45,50,0,0,0,0,-0.51,1.45,88.27,75.09,1019.37,1012.76001,3.14,3.65,48.21,120,0,0
108,2022/1/12 3:00,2022/1/12,3,0,50,0,0,0,0,-0.58,1.29,88.52,74.77,1019.01001,1012.71002,3.18,3.67,50.55,120,0,0
109,2022/1/12 3:15,2022/1/12,3,15,50,0,0,0,0,-0.08,1.14,89.57,74.43,1018.81,1012.66998,3.23,3.68,39.13,120,0,0
110,2022/1/12 3:30,2022/1/12,3,30,50,0,0,0,0,-0.11,1,89.59,74.08,1018.96002,1012.63,3.28,3.69,139.67999,121,0,0
111,2022/1/12 3:45,2022/1/12,3,45,50,0,0,0,0,-0.42,0.86,89.2,73.71,1018.95001,1012.59003,3.33,3.7,236.67,121,0,0
112,2022/1/12 4:00,2022/1/12,4,0,50,0,0,0,0,-0.79,0.74,89.21,73.35,1018.94,1012.57001,3.38,3.71,313.76001,121,0,0
113,2022/1/12 4:15,2022/1/12,4,15,50,0,0,0,0,-0.94,0.65,88.84,72.99,1019.12,1012.54999,3.42,3.72,335.75,121,0,0
114,2022/1/12 4:30,2022/1/12,4,30,50,0,0,0,0,-1.07,0.58,87.95,72.64,1019.06,1012.53003,3.47,3.73,320.32999,121,0,0
115,2022/1/12 4:45,2022/1/12,4,45,50,0,0,0,0,-1.14,0.55,87.71,72.32,1019.09998,1012.53003,3.52,3.74,61.98,121,0,0
116,2022/1/12 5:00,2022/1/12,5,0,50,0,0,0,0,-0.95,0.54,88.27,72.02,1019.02002,1012.53998,3.57,3.76,155,122,0,0
117,2022/1/12 5:15,2022/1/12,5,15,50,0,0,0,0,-1.06,0.52,87.93,71.75,1018.85999,1012.59003,3.63,3.78,148.64,122,0,0
118,2022/1/12 5:30,2022/1/12,5,30,50,0,0,0,0,-0.95,0.51,87.76,71.48,1018.73999,1012.65002,3.69,3.79,310.20001,122,0,0
119,2022/1/12 5:45,2022/1/12,5,45,50,0,0,0,0,-0.84,0.5,87.35,71.23,1018.70001,1012.73999,3.76,3.81,134.11,122,0,0
120,2022/1/12 6:00,2022/1/12,6,0,50,0,0,0,0,-0.29,0.49,87.19,70.97,1018.70001,1012.83002,3.83,3.83,98.81,122,0,0
121,2022/1/12 6:15,2022/1/12,6,15,50,0,0,0,0,-0.03,0.48,87.81,70.71,1018.71002,1012.92999,3.89,3.85,124.12,122,0,0
122,2022/1/12 6:30,2022/1/12,6,30,50,0,0,0,0,0.17,0.47,88.59,70.42,1018.78003,1013.03003,3.95,3.87,91.48,123,0,0
123,2022/1/12 6:45,2022/1/12,6,45,50,0,0,0.17,0.0034,0.19,0.47,88.95,70.12,1018.83002,1013.12,4.01,3.89,112.02,123,0,0
124,2022/1/12 7:00,2022/1/12,7,0,50,0,0,0.35,0.0069999999999999,0.23,0.46,89.63,69.77,1019.17999,1013.20001,4.05,3.9,96.05,123,15.23,0
125,2022/1/12 7:15,2022/1/12,7,15,50,0.67122,0.0134244,0.87,0.0174,0.28,0.46,89.9,69.39,1019.26001,1013.27002,4.09,3.91,109.91,123,28.25,10.9
126,2022/1/12 7:30,2022/1/12,7,30,50,1.9802,0.039604,1.74,0.0348,0.35,0.45,90.06,68.96,1019.39001,1013.31,4.11,3.92,101.94,123,54.66,32.42
127,2022/1/12 7:45,2022/1/12,7,45,50,3.73205,0.074641,3.56,0.0712,0.62,0.45,90.04,68.47,1019.34998,1013.33002,4.12,3.92,80.48,123,91.39,64.69
128,2022/1/12 8:00,2022/1/12,8,0,50,6.47514,0.1295028,5.96,0.1192,1.21,0.55,90.73,67.77,1019.42999,1013.33002,4.11,3.91,77.42,123,135.36999,103.71
129,2022/1/12 8:15,2022/1/12,8,15,50,9.61198,0.1922396,8.72,0.1744,2.02,0.83,90.36,66.75,1019.15002,1013.32001,4.1,3.89,108.39,122,183.53,145.02
130,2022/1/12 8:30,2022/1/12,8,30,50,12.6285,0.25257,10.69,0.2138,2.99,1.27,88.55,65.46,1019.17999,1013.32001,4.06,3.84,127.59,121,232.78999,190.85001
131,2022/1/12 8:45,2022/1/12,8,45,50,15.4885,0.30977,12.68,0.2536,4.08,1.82,87.47,63.98,1019.63,1013.29999,4.02,3.78,119.06,119,280.07001,238.03999
132,2022/1/12 9:00,2022/1/12,9,0,50,18.1882,0.363764,15.01,0.3002,5.06,2.47,85.48,62.35,1019.42999,1013.28998,3.97,3.71,126.34,117,322.31,282.09
133,2022/1/12 9:15,2022/1/12,9,15,50,21.0666,0.421332,17.950001,0.35900002,5.84,3.19,83.31,60.63,1019.59003,1013.28003,3.91,3.63,105.16,114,356.44,326.87
134,2022/1/12 9:30,2022/1/12,9,30,50,23.8438,0.476876,20.25,0.405,6.68,3.95,82.07,58.88,1019.39001,1013.26001,3.84,3.54,137.17999,112,381.06,362.25
135,2022/1/12 9:45,2022/1/12,9,45,50,26.6781,0.533562,22.700001,0.45400002,7.41,4.71,81.25,57.17,1019.57001,1013.23999,3.77,3.44,121.35,109,404.32001,410.92001
136,2022/1/12 10:00,2022/1/12,10,0,50,29.2134,0.584268,25.17,0.5034000000000001,8.26,5.46,78.61,55.55,1019.57001,1013.21002,3.69,3.34,119.33,105,427.53,448.19
137,2022/1/12 10:15,2022/1/12,10,15,50,30.8946,0.617892,27.559999,0.55119998,9.12,6.16,75.92,54.07,1019.69,1013.19,3.61,3.25,114.62,102,450.42001,489.47
138,2022/1/12 10:30,2022/1/12,10,30,50,31.6957,0.633914,29.379999,0.58759998,9.7,6.79,73.6,52.8,1019.52002,1013.15997,3.52,3.15,126.91,99,472.72,525.09998
139,2022/1/12 10:45,2022/1/12,10,45,50,32.9173,0.658346,30.610001,0.61220002,10.49,7.31,73.27,51.8,1019.52002,1013.13,3.43,3.05,32.12,97,494.16,541.66998
140,2022/1/12 11:00,2022/1/12,11,0,50,35.2597,0.7051940000000001,32.720001,0.6544000200000001,11.34,7.79,70.93,50.94,1019.23999,1013.03998,3.31,2.95,65.01,94,514.47998,572.45001
141,2022/1/12 11:15,2022/1/12,11,15,50,36.3946,0.727892,33.689999,0.67379998,11.88,8.3,70.38,50.07,1018.90002,1012.85999,3.13,2.83,134.05,91,533.41998,598.29999
142,2022/1/12 11:30,2022/1/12,11,30,50,37.0907,0.741814,34.52,0.6904,12.62,8.82,69.36,49.21,1018.85999,1012.59998,2.9,2.71,122.82,87,550.69,615.82001
143,2022/1/12 11:45,2022/1/12,11,45,50,35.0105,0.70021,35.330002,0.70660004,12.82,9.34,67.09,48.38,1018.28998,1012.28998,2.65,2.57,82.14,83,566.03998,636.69
144,2022/1/12 12:00,2022/1/12,12,0,50,38.9988,0.779976,35.419998,0.7083999599999999,13.89,9.85,70.21,47.58,1018.28998,1011.94,2.37,2.43,148.27,78,579.20001,687.33002
145,2022/1/12 12:15,2022/1/12,12,15,50,33.4852,0.669704,35.48,0.7095999999999999,15.02,10.33,69.53,46.84,1017.63,1011.57001,2.09,2.28,92.65,73,589.90002,672.98999
146,2022/1/12 12:30,2022/1/12,12,30,50,38.5102,0.770204,35.400002,0.70800004,15.19,10.77,66.43,46.17,1017.52002,1011.20001,1.82,2.14,124.19,67,597.87,626.52002
147,2022/1/12 12:45,2022/1/12,12,45,50,25.813,0.5162599999999999,34.869999,0.69739998,15.56,11.17,67.56,45.59,1017.23999,1010.85999,1.56,1.99,329.25,60,602.84998,666.15997
148,2022/1/12 13:00,2022/1/12,13,0,50,26.4817,0.529634,34.169998,0.68339996,16.68,11.5,71.47,45.11,1017.02002,1010.56,1.34,1.86,326.89999,53,604.57001,550.83002
149,2022/1/12 13:15,2022/1/12,13,15,50,28.2851,0.565702,33.099998,0.6619999599999999,16.33,11.75,68.1,44.75,1016.69,1010.32001,1.17,1.73,206.55,47,597.65002,412.97
150,2022/1/12 13:30,2022/1/12,13,30,50,34.0315,0.6806300000000001,31.92,0.6384000000000001,16.95,11.91,69.95,44.52,1016.40002,1010.15997,1.06,1.62,249.59,41,578.46997,569.52002
151,2022/1/12 13:45,2022/1/12,13,45,50,14.8502,0.297004,29.940001,0.59880002,16.37,11.96,64.6,44.44,1016.08002,1010.10999,1.02,1.52,14.99,35,549.41998,359.92001
152,2022/1/12 14:00,2022/1/12,14,0,50,12.5907,0.251814,28.139999,0.56279998,15.7,11.95,62.34,44.55,1016.28003,1010.10999,1.02,1.42,150.07001,31,512.84998,280.54999
153,2022/1/12 14:15,2022/1/12,14,15,50,9.80205,0.196041,26.1,0.522,16.28,11.9,67.36,44.85,1016.12,1010.10999,1.05,1.33,32.27,27,471.16,221.17
154,2022/1/12 14:30,2022/1/12,14,30,50,9.70928,0.1941855999999999,23.049999,0.46099998,15.9,11.83,66.2,45.33,1015.88,1010.12,1.08,1.23,261.06,23,426.70999,215.36999
155,2022/1/12 14:45,2022/1/12,14,45,50,6.65008,0.1330016,21.110001,0.42220002,15.43,11.74,67.21,45.97,1015.91998,1010.13,1.12,1.14,317.26999,19,381.89002,208.67
156,2022/1/12 15:00,2022/1/12,15,0,50,5.95282,0.1190564,18.99,0.3797999999999999,14.73,11.62,67.66,46.74,1016.21997,1010.15002,1.17,1.05,339.98999,14,339.07001,104.08
157,2022/1/12 15:15,2022/1/12,15,15,50,5.38659,0.1077318,17.030001,0.3406000199999999,13.79,11.49,67.57,47.63,1016.01001,1010.16998,1.23,0.96,275.10001,8,300.62,119.62
158,2022/1/12 15:30,2022/1/12,15,30,50,4.33831,0.0867662,14.32,0.2864,12.94,11.34,67.82,48.6,1016.14001,1010.19,1.29,0.88,276,2,260.69,109.78
159,2022/1/12 15:45,2022/1/12,15,45,50,4.12806,0.0825611999999999,12.23,0.2446,12.45,11.18,67.17,49.65,1016.12,1010.21002,1.35,0.81,251.17,354,214.23,101.49
160,2022/1/12 16:00,2022/1/12,16,0,50,2.61784,0.0523568,9.98,0.1996,11.89,11.01,66.77,50.74,1016.21002,1010.23999,1.41,0.76,274.51001,345,164.84,65.47
161,2022/1/12 16:15,2022/1/12,16,15,50,3.37801,0.0675602,7.37,0.1474,11.45,10.82,67.39,51.86,1016.53003,1010.26001,1.47,0.71,252.19,333,116.12,43.67
162,2022/1/12 16:30,2022/1/12,16,30,50,1.52043,0.0304085999999999,3.69,0.0738,11.16,10.64,67.43,52.98,1016.37,1010.28998,1.52,0.69,264.51999,321,71.68,49.81
163,2022/1/12 16:45,2022/1/12,16,45,50,0.37328,0.0074656,1.47,0.0294,10.78,10.45,67.73,54.08,1016.62,1010.33002,1.57,0.68,270.75,310,35.12,24.64
164,2022/1/12 17:00,2022/1/12,17,0,50,0,0,0.74,0.0148,10.35,10.21,68.13,55.33,1016.84003,1010.38,1.62,0.7,258.89002,299,10.04,13.57
165,2022/1/12 17:15,2022/1/12,17,15,50,0,0,0,0,10.01,9.87,68.72,56.86,1016.89001,1010.46002,1.67,0.77,266.70999,289,0,7.94
166,2022/1/12 17:30,2022/1/12,17,30,50,0,0,0,0,9.74,9.47,69.29,58.61,1017.20001,1010.58002,1.72,0.87,265.39002,281,0,0
167,2022/1/12 17:45,2022/1/12,17,45,50,0,0,0,0,9.45,9.01,69.69,60.52,1017.39001,1010.71997,1.77,1,260.70999,275,0,0
168,2022/1/12 18:00,2022/1/12,18,0,50,0,0,0,0,9.22,8.52,70.18,62.53,1017.46002,1010.87,1.83,1.15,268.01001,270,0,0
169,2022/1/12 18:15,2022/1/12,18,15,50,0,0,0,0,9.05,8.02,70.55,64.58,1017.89001,1011.03998,1.88,1.31,260.19,266,0,0
170,2022/1/12 18:30,2022/1/12,18,30,50,0,0,0,0,8.89,7.52,70.74,66.61,1018.02002,1011.21002,1.93,1.47,277.69,263,0,0
171,2022/1/12 18:45,2022/1/12,18,45,50,0,0,0,0,8.76,7.04,71.03,68.56,1018.14001,1011.38,1.97,1.61,259.64999,260,0,0
172,2022/1/12 19:00,2022/1/12,19,0,50,0,0,0,0,8.64,6.6,71.14,70.38,1018.17999,1011.53998,2,1.75,261.37,258,0,0
173,2022/1/12 19:15,2022/1/12,19,15,50,0,0,0,0,8.51,6.23,71.48,72,1018.42999,1011.69,2.03,1.85,263.48999,256,0,0
174,2022/1/12 19:30,2022/1/12,19,30,50,0,0,0,0,8.39,5.93,71.79,73.36,1018.75,1011.82001,2.05,1.92,266.91,254,0,0
175,2022/1/12 19:45,2022/1/12,19,45,50,0,0,0,0,8.22,5.73,72.15,74.4,1018.75,1011.92999,2.06,1.94,256.34,252,0,0
176,2022/1/12 20:00,2022/1/12,20,0,50,0,0,0,0,8.1,5.59,72.47,75.27,1018.75,1012.02002,2.03,1.94,255.58,250,0,0
177,2022/1/12 20:15,2022/1/12,20,15,50,0,0,0,0,8.02,5.46,72.86,76.13,1018.96002,1012.09998,1.97,1.92,245.53999,248,0,0
178,2022/1/12 20:30,2022/1/12,20,30,50,0,0,0,0,7.88,5.33,73.03,76.97,1019.03998,1012.17999,1.87,1.9,253.86999,245,0,0
179,2022/1/12 20:45,2022/1/12,20,45,50,0,0,0,0,7.76,5.2,73.24,77.77,1019.23999,1012.25,1.74,1.87,240.53999,242,0,0
180,2022/1/12 21:00,2022/1/12,21,0,50,0,0,0,0,7.7,5.09,73.57,78.52,1019.48999,1012.32001,1.6,1.84,250.5,239,0,0
181,2022/1/12 21:15,2022/1/12,21,15,50,0,0,0,0,7.63,4.99,73.53,79.21,1019.60999,1012.39001,1.45,1.81,258.88,236,0,0
182,2022/1/12 21:30,2022/1/12,21,30,50,0,0,0,0,7.55,4.9,73.66,79.84,1019.77002,1012.45001,1.3,1.77,253.44,233,0,0
183,2022/1/12 21:45,2022/1/12,21,45,50,0,0,0,0,7.46,4.83,73.7,80.37,1019.48999,1012.51001,1.15,1.74,298.39002,230,0,0
184,2022/1/12 22:00,2022/1/12,22,0,50,0,0,0,0,7.37,4.76,73.54,80.81,1019.72998,1012.58002,1.03,1.71,265.20001,227,0,0
185,2022/1/12 22:15,2022/1/12,22,15,50,0,0,0,0,7.29,4.72,73.43,81.14,1019.37,1012.64001,0.93,1.69,179.71001,225,0,0
186,2022/1/12 22:30,2022/1/12,22,30,50,0,0,0,0,7.07,4.69,73.29,81.35,1019.20001,1012.71002,0.86,1.67,188.52,224,0,0
187,2022/1/12 22:45,2022/1/12,22,45,50,0,0,0,0,6.67,4.68,73.76,81.42,1019.33002,1012.77002,0.84,1.67,167.72,223,0,0
188,2022/1/12 23:00,2022/1/12,23,0,50,0,0,0,0,6.32,4.71,73.76,81.25,1019.12,1012.84998,0.84,1.67,131.55,224,0,0
189,2022/1/12 23:15,2022/1/12,23,15,50,0,0,0,0,5.74,4.81,74.18,80.78,1019.23999,1012.92999,0.86,1.69,341.73001,226,0,0
190,2022/1/12 23:30,2022/1/12,23,30,50,0,0,0,0,5.08,4.95,74.44,80.07,1019.46002,1013.01001,0.88,1.71,313.79999,229,0,0
191,2022/1/12 23:45,2022/1/12,23,45,50,0,0,0,0,4.76,5.13,74.78,79.18,1019.65002,1013.09998,0.9,1.73,324,233,0,0
192,2022/1/20 0:00,2022/1/20,0,0,50,0,0,0,0,7.155,6.36,47.30294,89.07,1018.75874,1010.90002,0.49503,2.1,210.19626,100,0,0
193,2022/1/20 0:15,2022/1/20,0,15,50,0,0,0,0,5.74125,6.26,76.20323,89.26,1017.5197,1010.84003,1.80376,2.07,300.41406,99,0,0
194,2022/1/20 0:30,2022/1/20,0,30,50,0,0,0,0,5.16,6.18,85.57,89.44,1017.22998,1010.78003,2.23,2.03,168.81,98,0,0
195,2022/1/20 0:45,2022/1/20,0,45,50,0,0,0,0,5.13,6.1,85.21,89.6,1017.03998,1010.71997,2.21,2,193.10001,98,0,0
196,2022/1/20 1:00,2022/1/20,1,0,50,0,0,0,0,4.85,6.04,84.63,89.73,1016.97998,1010.65997,2.2,1.97,284.67999,97,0,0
197,2022/1/20 1:15,2022/1/20,1,15,50,0,0,0,0,4.76,5.99,84.19,89.83,1017.12,1010.60999,2.19,1.95,184.39999,97,0,0
198,2022/1/20 1:30,2022/1/20,1,30,50,0,0,0,0,4.67,5.97,83.45,89.89,1017.10999,1010.56,2.18,1.93,281.01001,96,0,0
199,2022/1/20 1:45,2022/1/20,1,45,50,0,0,0,0,4.39,5.95,83.43,89.91,1016.98999,1010.52002,2.18,1.93,249.31,96,0,0
200,2022/1/20 2:00,2022/1/20,2,0,50,0,0,0,0,4.29,5.96,83.49,89.88,1017.06,1010.47998,2.19,1.96,250.47,97,0,0
201,2022/1/20 2:15,2022/1/20,2,15,50,0,0,0,0,3.97,5.98,83.18,89.78,1017.09998,1010.44,2.23,2.06,244.34,98,0,0
202,2022/1/20 2:30,2022/1/20,2,30,50,0,0,0,0,3.85,6.01,83.1,89.62,1017.01001,1010.40997,2.29,2.21,272.79999,99,0,0
203,2022/1/20 2:45,2022/1/20,2,45,50,0,0,0,0,3.76,6.05,82.94,89.42,1016.97998,1010.37,2.37,2.41,145.36,100,0,0
204,2022/1/20 3:00,2022/1/20,3,0,50,0,0,0,0,3.77,6.09,83.18,89.17,1017,1010.33002,2.46,2.63,133.36,101,0,0
205,2022/1/20 3:15,2022/1/20,3,15,50,0,0,0,0,3.71,6.14,83.09,88.9,1016.77002,1010.28998,2.56,2.88,266.38,103,0,0
206,2022/1/20 3:30,2022/1/20,3,30,50,0,0,0,0,3.47,6.18,82.85,88.62,1016.77002,1010.26001,2.66,3.13,96.09,104,0,0
207,2022/1/20 3:45,2022/1/20,3,45,50,0,0,0,0,3.35,6.23,83.45,88.32,1016.57001,1010.22998,2.77,3.38,115.76,105,0,0
208,2022/1/20 4:00,2022/1/20,4,0,50,0,0,0,0,3.34,6.27,82.94,88.02,1016.51001,1010.20001,2.88,3.62,282.67999,105,0,0
209,2022/1/20 4:15,2022/1/20,4,15,50,0,0,0,0,3.08,6.31,83.17,87.74,1016.54999,1010.17999,2.98,3.83,237.55,106,0,0
210,2022/1/20 4:30,2022/1/20,4,30,50,0,0,0,0,2.88,6.34,83.08,87.47,1016.46997,1010.16998,3.08,4.01,212.09,107,0,0
211,2022/1/20 4:45,2022/1/20,4,45,50,0,0,0,0,2.87,6.36,83.05,87.23,1016.59998,1010.16998,3.16,4.14,273.91,107,0,0
212,2022/1/20 5:00,2022/1/20,5,0,50,0,0,0,0,2.73,6.37,82.86,87.02,1016.52002,1010.21002,3.24,4.24,311.14999,108,0,0
213,2022/1/20 5:15,2022/1/20,5,15,50,0,0,0,0,2.6,6.38,82.74,86.83,1016.71997,1010.32001,3.32,4.34,293.89999,108,0,0
214,2022/1/20 5:30,2022/1/20,5,30,50,0,0,0,0,2.47,6.39,82.7,86.66,1016.71997,1010.47998,3.41,4.44,239.69,108,0,0
215,2022/1/20 5:45,2022/1/20,5,45,50,0,0,0,0,2.37,6.39,82.67,86.49,1016.76001,1010.69,3.5,4.54,237.64,109,0,0
216,2022/1/20 6:00,2022/1/20,6,0,50,0,0,0,0,2.4,6.4,82.8,86.32,1016.96997,1010.91998,3.58,4.63,235.82001,109,0,0
217,2022/1/20 6:15,2022/1/20,6,15,50,0,0,0,0,2.41,6.4,82.63,86.15,1017.25,1011.16998,3.67,4.71,243.47,110,0,0
218,2022/1/20 6:30,2022/1/20,6,30,50,0,0,0,0,2.42,6.41,82.44,85.96,1017.41998,1011.41998,3.74,4.79,311.14999,110,0,0
219,2022/1/20 6:45,2022/1/20,6,45,50,0,0,0.14,0.0028,2.42,6.41,82.42,85.75,1017.53998,1011.65997,3.81,4.85,245.17,110,0,0
220,2022/1/20 7:00,2022/1/20,7,0,50,0,0,0.28,0.0056,2.42,6.42,82.28,85.51,1017.65997,1011.87,3.87,4.91,252.89999,110,15.51,0
221,2022/1/20 7:15,2022/1/20,7,15,50,0.70162,0.0140324,0.71,0.0141999999999999,2.77,6.43,82.13,85.25,1017.90997,1012.03003,3.92,4.95,234.81,111,28.52,12.09
222,2022/1/20 7:30,2022/1/20,7,30,50,2.01594,0.0403188,1.42,0.0283999999999999,3.09,6.44,81.89,84.93,1018.19,1012.14001,3.94,4.98,263.39999,111,54.9,23.31
223,2022/1/20 7:45,2022/1/20,7,45,50,3.90667,0.0781334,2.95,0.059,3.73,6.46,82.35,84.58,1018.35999,1012.17999,3.95,4.99,228.61999,111,91.6,55.91
224,2022/1/20 8:00,2022/1/20,8,0,50,7.10452,0.1420904,5.06,0.1012,4.94,6.56,83.24,83.97,1018.63,1012.17999,3.94,5,198.82001,110,135.58,98.44
225,2022/1/20 8:15,2022/1/20,8,15,50,10.1414,0.202828,7.3,0.146,6.5,6.84,86.38,82.98,1018.54999,1012.16998,3.91,5,99.74,109,183.8,153.5
226,2022/1/20 8:30,2022/1/20,8,30,50,13.0284,0.2605679999999999,9.39,0.1878,7.78,7.24,86.29,81.66,1018.38,1012.16998,3.86,5.01,121.63,107,233.22,199.32001
227,2022/1/20 8:45,2022/1/20,8,45,50,16.3391,0.3267819999999999,10.89,0.2178,8.33,7.76,85.73,80.09,1018.47998,1012.15997,3.81,5.01,130.08,105,280.79999,219.53999
228,2022/1/20 9:00,2022/1/20,9,0,50,19.698,0.39396,12.71,0.2542,9.38,8.36,84.3,78.34,1018.29999,1012.14001,3.74,5.01,114.48,102,323.48999,273.73999
229,2022/1/20 9:15,2022/1/20,9,15,50,22.7189,0.454378,15.24,0.3048,10.33,9.01,83.52,76.48,1018.28998,1012.13,3.67,5.02,92.08,99,358.26001,330.60998
230,2022/1/20 9:30,2022/1/20,9,30,50,18.0615,0.36123,17.58,0.3515999999999999,11.31,9.69,81.7,74.58,1018.66998,1012.10999,3.6,5.02,116.85,96,383.73999,376.04999
231,2022/1/20 9:45,2022/1/20,9,45,50,27.5918,0.551836,19.719999,0.39439998,11.72,10.37,80.38,72.72,1018.90002,1012.09003,3.53,5.02,103.73,93,407.98001,387.42001
232,2022/1/20 10:00,2022/1/20,10,0,50,29.8549,0.597098,21.59,0.4318,13.02,11.01,77.02,70.96,1018.90002,1012.07001,3.47,5.02,96.83,90,432.26001,484.98999
233,2022/1/20 10:15,2022/1/20,10,15,50,29.313,0.58626,23.870001,0.47740002,13.82,11.6,73.4,69.37,1018.98999,1012.03998,3.42,5.03,82.68,88,456.28,492.13
234,2022/1/20 10:30,2022/1/20,10,30,50,32.1843,0.643686,26.5,0.53,14.07,12.1,72.57,68.04,1018.65997,1012.01001,3.39,5.03,94.98,86,479.73999,518.53998
235,2022/1/20 10:45,2022/1/20,10,45,50,27.567,0.55134,28.32,0.5664,14.96,12.48,69.85,67.01,1018.48999,1011.98999,3.38,5.03,71.67,84,502.37,569.10999
236,2022/1/20 11:00,2022/1/20,11,0,50,29.8076,0.596152,29.870001,0.5974000199999999,15.25,12.81,69.83,66.17,1018.21002,1011.90997,3.38,5.02,119.27,83,523.85999,425.75
237,2022/1/20 11:15,2022/1/20,11,15,50,23.4616,0.469232,31.530001,0.6306000199999999,14.95,13.14,67.39,65.32,1018.08002,1011.73999,3.39,5,96.84,82,543.90997,250.07001
238,2022/1/20 11:30,2022/1/20,11,30,50,24.6338,0.492676,32.209999,0.6441999800000001,14.94,13.46,68.36,64.49,1017.88,1011.51001,3.39,4.98,79.42,80,562.25,468.07001
239,2022/1/20 11:45,2022/1/20,11,45,50,17.6916,0.353832,32.889999,0.6577999800000001,15.37,13.78,69.08,63.69,1017.96002,1011.22998,3.41,4.94,100.91,79,578.56,445.32001
240,2022/1/20 12:00,2022/1/20,12,0,50,34.8921,0.697842,33.41,0.6681999999999999,14.6,14.09,68.32,62.92,1017.63,1010.90997,3.42,4.91,104.39,78,592.57001,499.95001
241,2022/1/20 12:15,2022/1/20,12,15,50,36.1774,0.723548,33.830002,0.67660004,16.28,14.37,65.86,62.22,1017.52002,1010.58002,3.43,4.87,103.22,77,603.96997,304.91
242,2022/1/20 12:30,2022/1/20,12,30,50,29.9176,0.598352,34.060001,0.68120002,17.29,14.63,65.86,61.58,1017.21997,1010.25,3.45,4.83,61.05,76,612.47998,673.84998
243,2022/1/20 12:45,2022/1/20,12,45,50,41.2557,0.8251139999999999,34.060001,0.68120002,17.81,14.86,62.94,61.03,1017.06,1009.94,3.47,4.79,58.44,75,617.79999,600.27002
244,2022/1/20 13:00,2022/1/20,13,0,50,21.0474,0.420948,33.529999,0.67059998,18.42,15.04,59.39,60.58,1016.72998,1009.65997,3.49,4.76,40.03,74,619.64001,547.08002
245,2022/1/20 13:15,2022/1/20,13,15,50,28.5788,0.571576,32.139999,0.64279998,18.17,15.18,59.32,60.23,1016.65002,1009.44,3.51,4.73,73.4,73,612.40002,456.47
246,2022/1/20 13:30,2022/1/20,13,30,50,29.9919,0.599838,30.82,0.6164000000000001,18.33,15.27,58.65,60.02,1016.23999,1009.28998,3.53,4.71,117.32,73,592.41998,439.29999
247,2022/1/20 13:45,2022/1/20,13,45,50,25.6619,0.513238,28.58,0.5716,18.47,15.3,56.57,59.94,1016,1009.22998,3.55,4.71,88.87,73,562.34003,362.01999
248,2022/1/20 14:00,2022/1/20,14,0,50,25.0314,0.5006280000000001,27.190001,0.5438000199999999,18.71,15.27,57.11,60.04,1015.75,1009.21997,3.56,4.71,79.76,73,524.81,481.60001
249,2022/1/20 14:15,2022/1/20,14,15,50,27.5869,0.551738,25.52,0.5104,19,15.18,57.01,60.33,1015.75,1009.21002,3.59,4.71,51.49,73,482.44,405.95001
250,2022/1/20 14:30,2022/1/20,14,30,50,30.4554,0.609108,23.610001,0.47220002,18.88,15.04,55.28,60.77,1015.59003,1009.20001,3.61,4.71,60.1,74,437.88,431.64002
251,2022/1/20 14:45,2022/1/20,14,45,50,19.2755,0.38551,21.870001,0.4374000199999999,18.94,14.85,55.66,61.34,1015.26001,1009.19,3.63,4.71,41.48,75,393.76001,530.32001
252,2022/1/20 15:00,2022/1/20,15,0,50,13.6357,0.272714,19.610001,0.39220002,18.26,14.63,56.89,62.01,1015.14001,1009.17999,3.66,4.72,68.69,76,352.72,280.69
253,2022/1/20 15:15,2022/1/20,15,15,50,8.31084,0.1662168,17.08,0.3415999999999999,17.96,14.39,55.85,62.75,1015.14001,1009.16998,3.68,4.72,59.62,77,317.39002,260.32999
254,2022/1/20 15:30,2022/1/20,15,30,50,8.19826,0.1639651999999999,14.68,0.2935999999999999,17.29,14.12,56.86,63.55,1015.17999,1009.16998,3.71,4.72,44.38,78,283.64999,150.19
255,2022/1/20 15:45,2022/1/20,15,45,50,4.34705,0.086941,11.84,0.2368,16.93,13.84,58.25,64.36,1015.38,1009.15997,3.75,4.73,73.27,79,246.58,114.86
256,2022/1/20 16:00,2022/1/20,16,0,50,3.3801,0.067602,9.87,0.1974,16.63,13.55,58.61,65.16,1015.19,1009.15997,3.78,4.74,52.65,80,207.67,97.72
257,2022/1/20 16:15,2022/1/20,16,15,50,2.84875,0.056975,6.78,0.1356,16.11,13.27,60.23,65.93,1015.26001,1009.15997,3.82,4.74,51.43,81,168.36999,70.89
258,2022/1/20 16:30,2022/1/20,16,30,50,2.53859,0.0507718,3.39,0.0678,15.6,13,61.31,66.64,1015.21997,1009.15002,3.86,4.75,70.78,83,130.17,66.68
259,2022/1/20 16:45,2022/1/20,16,45,50,0.84241,0.0168482,1.36,0.0272,15.38,12.74,62.17,67.26,1015.38,1009.15002,3.91,4.76,43.81,84,94.52,42.17
260,2022/1/20 17:00,2022/1/20,17,0,50,0.40538,0.0081076,0.68,0.0136,14.88,12.48,63.62,67.86,1015.23999,1009.16998,3.97,4.77,75.4,85,62.89,20.28
261,2022/1/20 17:15,2022/1/20,17,15,50,0,0,0,0,14.58,12.19,64.66,68.52,1015.51001,1009.22998,4.07,4.79,56.07,86,36.76,11.75
262,2022/1/20 17:30,2022/1/20,17,30,50,0,0,0,0,14.26,11.88,65.31,69.21,1015.51001,1009.31,4.18,4.82,72.27,87,0,2.59
263,2022/1/20 17:45,2022/1/20,17,45,50,0,0,0,0,13.96,11.55,66.37,69.92,1015.54999,1009.41998,4.32,4.86,71.41,88,0,0
264,2022/1/20 18:00,2022/1/20,18,0,50,0,0,0,0,13.69,11.21,67.33,70.62,1015.71997,1009.53998,4.46,4.9,71.03,89,0,0
265,2022/1/20 18:15,2022/1/20,18,15,50,0,0,0,0,13.51,10.88,67.92,71.29,1015.91998,1009.66998,4.61,4.94,98.39,90,0,0
266,2022/1/20 18:30,2022/1/20,18,30,50,0,0,0,0,13.23,10.55,68.55,71.91,1015.88,1009.81,4.75,4.99,79.14,92,0,0
267,2022/1/20 18:45,2022/1/20,18,45,50,0,0,0,0,13.11,10.25,69.22,72.47,1016.08002,1009.92999,4.88,5.03,63.98,93,0,0
268,2022/1/20 19:00,2022/1/20,19,0,50,0,0,0,0,12.82,9.96,70.18,72.94,1016.08002,1010.04999,4.99,5.06,94.34,93,0,0
269,2022/1/20 19:15,2022/1/20,19,15,50,0,0,0,0,12.59,9.72,70.08,73.3,1016.37,1010.15002,5.08,5.09,70,94,0,0
270,2022/1/20 19:30,2022/1/20,19,30,50,0,0,0,0,12.37,9.51,70.88,73.53,1016,1010.22998,5.14,5.1,85.38,95,0,0
271,2022/1/20 19:45,2022/1/20,19,45,50,0,0,0,0,12.32,9.36,70.75,73.61,1016.16998,1010.27002,5.16,5.11,51.6,95,0,0
272,2022/1/20 20:00,2022/1/20,20,0,50,0,0,0,0,12.11,9.24,71.59,73.6,1016.26001,1010.28998,5.16,5.11,86.56,96,0,0
273,2022/1/20 20:15,2022/1/20,20,15,50,0,0,0,0,11.84,9.12,72.29,73.58,1016.60999,1010.32001,5.15,5.11,43,96,0,0
274,2022/1/20 20:30,2022/1/20,20,30,50,0,0,0,0,11.62,9.02,72.82,73.54,1016.78998,1010.34003,5.13,5.11,84.88,96,0,0
275,2022/1/20 20:45,2022/1/20,20,45,50,0,0,0,0,11.4,8.92,73.21,73.49,1016.78998,1010.35999,5.11,5.1,94.22,96,0,0
276,2022/1/20 21:00,2022/1/20,21,0,50,0,0,0,0,11.33,8.83,73.39,73.43,1016.90997,1010.38,5.07,5.1,85.11,97,0,0
277,2022/1/20 21:15,2022/1/20,21,15,50,0,0,0,0,11.1,8.75,73.77,73.36,1016.84003,1010.40002,5.04,5.1,76.23,97,0,0
278,2022/1/20 21:30,2022/1/20,21,30,50,0,0,0,0,10.94,8.67,74.33,73.28,1016.92999,1010.40997,5,5.09,81.2,97,0,0
279,2022/1/20 21:45,2022/1/20,21,45,50,0,0,0,0,10.78,8.6,74.49,73.19,1017,1010.41998,4.96,5.09,82.88,97,0,0
280,2022/1/20 22:00,2022/1/20,22,0,50,0,0,0,0,10.65,8.54,74.92,73.1,1017.10999,1010.42999,4.91,5.08,96.45,97,0,0
281,2022/1/20 22:15,2022/1/20,22,15,50,0,0,0,0,10.5,8.48,75.4,73,1017.14001,1010.44,4.87,5.08,83,98,0,0
282,2022/1/20 22:30,2022/1/20,22,30,50,0,0,0,0,10.48,8.43,75.49,72.9,1016.97998,1010.44,4.82,5.07,71.76,98,0,0
283,2022/1/20 22:45,2022/1/20,22,45,50,0,0,0,0,10.34,8.38,75.72,72.79,1016.90997,1010.45001,4.77,5.06,79.73,98,0,0
284,2022/1/20 23:00,2022/1/20,23,0,50,0,0,0,0,10.07,8.34,75.97,72.65,1016.97998,1010.44,4.71,5.06,90.7,98,0,0
285,2022/1/20 23:15,2022/1/20,23,15,50,0,0,0,0,9.91,8.31,76.55,72.45,1016.98999,1010.42999,4.64,5.05,115.71,99,0,0
286,2022/1/20 23:30,2022/1/20,23,30,50,0,0,0,0,9.82,8.27,77.04,72.21,1016.71002,1010.41998,4.56,5.03,90.08,99,0,0
287,2022/1/20 23:45,2022/1/20,23,45,50,0,0,0,0,9.8,8.24,77.13,71.93,1016.90997,1010.40002,4.46,5.02,103.28,99,0,0
288,2022/4/20 0:00,2022/4/20,0,0,50,0,0,0,0,12.19875,15.52,76.265,70.95,1013.65002,1006.48999,1.11169,0.69,181.63,165,0,0
289,2022/4/20 0:15,2022/4/20,0,15,50,0,0,0,0,12.06969,15.5,76.38125,70.87,1013.54248,1006.34998,0.27792,0.63,165.145,165,0,0
290,2022/4/20 0:30,2022/4/20,0,30,50,0,0,0,0,11.85,15.49,76.29,70.8,1013.28003,1006.21002,0.11,0.58,129.52,164,0,0
291,2022/4/20 0:45,2022/4/20,0,45,50,0,0,0,0,11.77,15.48,76.28,70.73,1013.28003,1006.07001,0.17,0.52,178.49,163,0,0
292,2022/4/20 1:00,2022/4/20,1,0,50,0,0,0,0,11.57,15.46,76.27,70.66,1013.03003,1005.91998,0.18,0.48,202.2,162,0,0
293,2022/4/20 1:15,2022/4/20,1,15,50,0,0,0,0,11.54,15.44,76.07,70.61,1012.90997,1005.78998,0,0.44,110.5,161,0,0
294,2022/4/20 1:30,2022/4/20,1,30,50,0,0,0,0,11.2,15.41,76.53,70.58,1012.78003,1005.66998,0.46,0.42,13.72,160,0,0
295,2022/4/20 1:45,2022/4/20,1,45,50,0,0,0,0,11.16,15.37,78.53,70.57,1012.71002,1005.56,0.5,0.41,72.85,159,0,0
296,2022/4/20 2:00,2022/4/20,2,0,50,0,0,0,0,11.16,15.24,79.23,70.96,1012.52002,1005.46002,0.48,0.44,63.36,156,0,0
297,2022/4/20 2:15,2022/4/20,2,15,50,0,0,0,0,11.22,14.96,81.34,72.05,1012.31,1005.35999,0.94,0.5,73.14,148,0,0
298,2022/4/20 2:30,2022/4/20,2,30,50,0,0,0,0,11.26,14.56,82.44,73.7,1012.15997,1005.25,0.83,0.59,60.24,139,0,0
299,2022/4/20 2:45,2022/4/20,2,45,50,0,0,0,0,11.24,14.07,83.72,75.76,1012.28998,1005.14001,0.11,0.71,80.06,130,0,0
300,2022/4/20 3:00,2022/4/20,3,0,50,0,0,0,0,11.26,13.52,84.2,78.11,1011.94,1005.03003,0,0.84,49.01,123,0,0
301,2022/4/20 3:15,2022/4/20,3,15,50,0,0,0,0,11.2,12.94,84.5,80.59,1012.02002,1004.91998,0.7,0.99,68.56,118,0,0
302,2022/4/20 3:30,2022/4/20,3,30,50,0,0,0,0,11.17,12.36,85.76,83.07,1011.67999,1004.83002,0.71,1.13,74.94,114,0,0
303,2022/4/20 3:45,2022/4/20,3,45,50,0,0,0,0,11.15,11.82,84.45,85.42,1011.47998,1004.73999,0.32,1.27,141.92999,111,0,0
304,2022/4/20 4:00,2022/4/20,4,0,50,0,0,0,0,10.98,11.35,84.24,87.48,1011.48999,1004.66998,0.57,1.39,82.39,109,0,0
305,2022/4/20 4:15,2022/4/20,4,15,50,0,0,0,0,10.93,10.97,84.81,89.13,1011.48999,1004.60999,0.27,1.49,52.94,108,0,0
306,2022/4/20 4:30,2022/4/20,4,30,50,0,0,0,0,10.91,10.72,85.35,90.22,1011.53003,1004.58002,0.05,1.56,133.47,107,0,0
307,2022/4/20 4:45,2022/4/20,4,45,50,0,0,0,0,10.78,10.63,83.71,90.61,1011.45001,1004.56,0.14,1.6,18.51,107,0,0
308,2022/4/20 5:00,2022/4/20,5,0,50,0,0,0,0,10.55,10.69,83.57,90.48,1011.34998,1004.58002,0,1.61,27.56,107,0,0
309,2022/4/20 5:15,2022/4/20,5,15,50,0,0,0,0,10.44,10.87,82.93,90.09,1011.46997,1004.63,0.72,1.62,57.01,106,0,0
310,2022/4/20 5:30,2022/4/20,5,30,50,0,0,0,0,10.49,11.15,83.49,89.47,1011.37,1004.71002,0.47,1.62,71.25,106,0,0
311,2022/4/20 5:45,2022/4/20,5,45,50,0,0,0.27,0.0054,10.51,11.51,83.81,88.67,1011.17999,1004.79999,0.54,1.63,50.55,105,0,1.37
312,2022/4/20 6:00,2022/4/20,6,0,50,1.09999,0.0219998,0.54,0.0108,10.62,11.94,84.84,87.69,1011.33002,1004.90997,0.33,1.64,74.9,105,22.87,17.75
313,2022/4/20 6:15,2022/4/20,6,15,50,2.74872,0.0549744,1.35,0.027,10.93,12.43,84.8,86.59,1011.27002,1005.02002,0.55,1.65,147.3,104,43.47,58.01
314,2022/4/20 6:30,2022/4/20,6,30,50,2.71048,0.0542096,2.7,0.054,11.48,12.96,82.82,85.38,1011.48999,1005.13,0.76,1.65,114.37,104,68.04,69.02
315,2022/4/20 6:45,2022/4/20,6,45,50,4.87449,0.0974898,4.27,0.0853999999999999,11.79,13.51,82.25,84.09,1011.72998,1005.23999,0.57,1.66,136.44,103,94.87,96.81
316,2022/4/20 7:00,2022/4/20,7,0,50,8.8492,0.176984,6.35,0.127,12.79,14.07,81.7,82.75,1011.84003,1005.33002,1.35,1.66,127.31,102,122.66,200.95
317,2022/4/20 7:15,2022/4/20,7,15,50,11.1205,0.22241,8.36,0.1672,14.03,14.62,82.61,81.39,1011.84003,1005.40997,0.84,1.66,55.88,101,163.60001,211.77
318,2022/4/20 7:30,2022/4/20,7,30,50,14.0841,0.281682,10.22,0.2044,15.64,15.16,82.01,80.05,1011.96002,1005.46002,1.16,1.66,88.74,100,220.2,306.95999
319,2022/4/20 7:45,2022/4/20,7,45,50,17.7812,0.3556239999999999,12.37,0.2473999999999999,17.23,15.66,80.03,78.75,1011.78003,1005.47998,0.86,1.66,113.12,99,287.54001,377.72
320,2022/4/20 8:00,2022/4/20,8,0,50,20.2307,0.404614,14.3,0.286,19.04,16.18,79.23,77.3,1011.91998,1005.46002,1.4,1.66,102.64,98,360.64999,429.06
321,2022/4/20 8:15,2022/4/20,8,15,50,23.2647,0.465294,16.110001,0.32220002,20.73,16.77,77.83,75.54,1012,1005.42999,1.29,1.66,317.44,94,434.60001,494.12
322,2022/4/20 8:30,2022/4/20,8,30,50,22.285,0.4457,18.4,0.368,22.24,17.41,73.76,73.55,1012,1005.38,0.77,1.65,166.77,90,504.45001,311.82999
323,2022/4/20 8:45,2022/4/20,8,45,50,29.1153,0.582306,20.110001,0.40220002,22.76,18.09,71.6,71.4,1011.98999,1005.31,1.05,1.64,30.51,84,565.25,645.08002
324,2022/4/20 9:00,2022/4/20,9,0,50,30.3208,0.606416,22.41,0.4482,24.17,18.78,70.41,69.17,1012.15997,1005.21997,0.97,1.63,147.49,78,612.06,635.84998
325,2022/4/20 9:15,2022/4/20,9,15,50,32.7009,0.654018,23.790001,0.47580002,24.78,19.46,67.64,66.92,1012.10999,1005.12,0.16,1.62,148.95,71,639.94,601.90997
326,2022/4/20 9:30,2022/4/20,9,30,50,34.1994,0.6839879999999999,25.07,0.5014,25.99,20.11,65.5,64.74,1011.83002,1005.01001,0.44,1.61,132.23,64,647.28998,735.38
327,2022/4/20 9:45,2022/4/20,9,45,50,36.8274,0.736548,26.360001,0.52720002,26.69,20.72,64.56,62.69,1011.75,1004.89001,0.53,1.59,152.17999,57,651.17999,759.03003
328,2022/4/20 10:00,2022/4/20,10,0,50,38.2318,0.764636,26.860001,0.53720002,27.69,21.26,63.14,60.86,1011.38,1004.76001,0.2,1.58,112.51,51,654.77002,811.15997
329,2022/4/20 10:15,2022/4/20,10,15,50,39.2379,0.7847580000000001,27.26,0.5452,28.05,21.71,60.69,59.31,1011.29999,1004.63,0.59,1.56,119.17,46,658.04999,855.79999
330,2022/4/20 10:30,2022/4/20,10,30,50,39.9379,0.798758,27.879999,0.55759998,28.42,22.05,58.61,58.13,1010.92999,1004.48999,0.58,1.54,92.21,43,661.03003,882.28998
331,2022/4/20 10:45,2022/4/20,10,45,50,40.3469,0.8069379999999999,28.16,0.5632,29.61,22.27,59,57.38,1010.67999,1004.35999,1.01,1.52,130.09,40,663.71002,892.78003
332,2022/4/20 11:00,2022/4/20,11,0,50,41.197,0.82394,27.860001,0.55720002,30.61,22.41,59.34,56.88,1010.59998,1004.20001,0.54,1.5,205.59,37,666.09003,904.90997
333,2022/4/20 11:15,2022/4/20,11,15,50,41.6497,0.832994,27.59,0.5518,31.53,22.54,60.23,56.4,1010.32001,1004,0.64,1.46,121.64,34,668.17999,973.58002
334,2022/4/20 11:30,2022/4/20,11,30,50,41.5342,0.830684,27.58,0.5516,31.13,22.66,57.88,55.96,1010.07001,1003.76001,0.77,1.42,105.06,29,669.97998,959.81
335,2022/4/20 11:45,2022/4/20,11,45,50,40.9133,0.8182659999999999,27.26,0.5452,31.39,22.78,58.25,55.55,1009.98999,1003.5,1.09,1.38,187.14,23,671.5,1022.59998
336,2022/4/20 12:00,2022/4/20,12,0,50,43.7732,0.875464,27.26,0.5452,31.85,22.88,56.46,55.17,1009.46002,1003.21997,1.43,1.33,68.87,17,672.72998,764.75
337,2022/4/20 12:15,2022/4/20,12,15,50,43.5406,0.8708119999999999,27.110001,0.54220002,31.63,22.98,54.26,54.83,1009.15997,1002.92999,0.28,1.27,27.8,9,673.69,978.40002
338,2022/4/20 12:30,2022/4/20,12,30,50,43.5371,0.870742,26.74,0.5347999999999999,31.93,23.06,52.71,54.53,1009.09003,1002.64001,1.01,1.22,128.11,1,674.37,785.22998
339,2022/4/20 12:45,2022/4/20,12,45,50,45.4423,0.908846,26.360001,0.52720002,31.18,23.13,52.91,54.28,1008.79999,1002.35999,1.61,1.16,257.84,353,674.77002,987.70001
340,2022/4/20 13:00,2022/4/20,13,0,50,41.692,0.83384,25.389999,0.50779998,32.01,23.19,53.03,54.08,1008.52002,1002.08002,0.99,1.11,245.76,346,674.90997,968.33002
341,2022/4/20 13:15,2022/4/20,13,15,50,43.2487,0.864974,23.84,0.4768,32.8,23.23,54.37,53.94,1008.52002,1001.83002,1.51,1.05,316.26001,340,666.25,956.62
342,2022/4/20 13:30,2022/4/20,13,30,50,40.0969,0.8019379999999999,21.48,0.4296,33.88,23.25,53.52,53.84,1007.98999,1001.59998,1.38,1.01,279.35001,336,642.53003,664.56
343,2022/4/20 13:45,2022/4/20,13,45,50,25.6023,0.512046,19.870001,0.3974000199999999,33.26,23.26,54.4,53.81,1007.82001,1001.41998,0.81,0.97,251.85001,333,607.07001,764.63
344,2022/4/20 14:00,2022/4/20,14,0,50,40.6612,0.8132240000000001,17.99,0.3597999999999999,33.27,23.25,53.72,53.88,1007.62,1001.25,0.11,0.93,107.05,331,563.22998,401.14002
345,2022/4/20 14:15,2022/4/20,14,15,50,34.6493,0.6929859999999999,15.91,0.3182,33.58,23.24,54.53,54.06,1007.41998,1001.07001,0.26,0.88,25.68,328,514.34003,842.89001
346,2022/4/20 14:30,2022/4/20,14,30,50,30.3634,0.6072679999999999,14.04,0.2808,34.24,23.22,54.85,54.35,1006.96997,1000.90002,1.47,0.84,264.56,325,463.75,521.33002
347,2022/4/20 14:45,2022/4/20,14,45,50,13.9304,0.278608,12.66,0.2532,32.42,23.18,56.8,54.74,1006.90997,1000.71997,1.06,0.79,188.3,320,414.79999,268.76999
348,2022/4/20 15:00,2022/4/20,15,0,50,17.6254,0.352508,11.8,0.236,31.5,23.14,56.66,55.22,1006.46997,1000.56,0.35,0.75,177.09,313,370.82999,444.82001
349,2022/4/20 15:15,2022/4/20,15,15,50,25.1799,0.503598,10.28,0.2055999999999999,31.75,23.09,53.5,55.79,1006.27002,1000.40002,0.75,0.71,164.45,305,335.19,459.16
350,2022/4/20 15:30,2022/4/20,15,30,50,13.7651,0.275302,9.25,0.185,31.69,23.04,45.17,56.44,1005.90002,1000.26001,0.43,0.67,133.06,295,304.14999,648.66998
351,2022/4/20 15:45,2022/4/20,15,45,50,12.3218,0.246436,7.88,0.1576,29.46,22.98,43.82,57.15,1005.82001,1000.14001,1.35,0.64,135.46001,283,272.16,290.54001
352,2022/4/20 16:00,2022/4/20,16,0,50,10.5594,0.211188,6.97,0.1394,28.4,22.91,46.94,57.92,1005.58002,1000.03998,1.05,0.61,167.51,271,239.78,284.47
353,2022/4/20 16:15,2022/4/20,16,15,50,3.28265,0.065653,5.98,0.1196,28,22.83,46.98,58.75,1005.62,999.96002,1.2,0.59,167.95,260,207.61,209.67999
354,2022/4/20 16:30,2022/4/20,16,30,50,1.07503,0.0215005999999999,4.32,0.0864,26.77,22.75,49.51,59.61,1005.78003,999.90997,1.21,0.58,163.92999,250,176.22,49.42
355,2022/4/20 16:45,2022/4/20,16,45,50,0.91262,0.0182524,3.23,0.0646,25.46,22.67,51.78,60.51,1005.85999,999.89001,1.28,0.57,140.91,243,146.19,21.91
356,2022/4/20 17:00,2022/4/20,17,0,50,1.0483,0.020966,2.47,0.0494,24.77,22.52,53.86,61.81,1005.73999,999.91998,1.13,0.58,162.57001,236,118.1,31.39
357,2022/4/20 17:15,2022/4/20,17,15,50,0.05613,0.0011226,1.9,0.038,24.39,22.26,55.08,63.8,1005.78003,1000,1.88,0.6,145.33,229,92.53,14.46
358,2022/4/20 17:30,2022/4/20,17,30,50,0,0,1.24,0.0248,23.89,21.92,56.49,66.34,1005.75,1000.10999,1.67,0.63,165.11,221,70.07,5.69
359,2022/4/20 17:45,2022/4/20,17,45,50,0,0,0.62,0.0124,23.49,21.5,57.78,69.29,1005.78003,1000.26001,1.7,0.67,163.14,212,51.28,1.43
360,2022/4/20 18:00,2022/4/20,18,0,50,0,0,0.25,0.005,22.89,21.04,59.41,72.49,1005.5,1000.42999,1.51,0.72,130.59,204,36.76,0
361,2022/4/20 18:15,2022/4/20,18,15,50,0,0,0.12,0.0024,22.46,20.56,60.01,75.82,1005.91998,1000.62,1.21,0.77,118.26,196,27.07,0
362,2022/4/20 18:30,2022/4/20,18,30,50,0,0,0,0,21.29,20.07,60.88,79.13,1006.42999,1000.82001,2.45,0.81,287.48001,189,0,0
363,2022/4/20 18:45,2022/4/20,18,45,50,0,0,0,0,20.19,19.6,65.63,82.27,1006.47998,1001.01001,1.6,0.86,43.97,182,0,0
364,2022/4/20 19:00,2022/4/20,19,0,50,0,0,0,0,19.7,19.16,70.82,85.11,1006.52002,1001.19,2.09,0.9,271.47,176,0,0
365,2022/4/20 19:15,2022/4/20,19,15,50,0,0,0,0,19.47,18.79,71.82,87.51,1006.71997,1001.34003,4.83,0.93,335.64999,172,0,0
366,2022/4/20 19:30,2022/4/20,19,30,50,0,0,0,0,18.57,18.49,72.16,89.31,1007.38,1001.47998,2.23,0.95,247.78,168,0,0
367,2022/4/20 19:45,2022/4/20,19,45,50,0,0,0,0,17.59,18.3,75.58,90.39,1007.90997,1001.57001,1.59,0.96,267.07001,164,0,0
368,2022/4/20 20:00,2022/4/20,20,0,50,0,0,0,0,17.13,18.17,77.22,91.01,1008.15997,1001.64001,1.16,0.96,241.27,161,0,0
369,2022/4/20 20:15,2022/4/20,20,15,50,0,0,0,0,17.09,18.06,77.16,91.56,1008.28003,1001.71002,1.46,0.96,279.38,158,0,0
370,2022/4/20 20:30,2022/4/20,20,30,50,0,0,0,0,17.07,17.97,77.48,92.05,1008.78998,1001.78003,1.63,0.95,279.82001,154,0,0
371,2022/4/20 20:45,2022/4/20,20,45,50,0,0,0,0,17.05,17.88,78.15,92.49,1008.72998,1001.84998,0.08,0.95,236.24,150,0,0
372,2022/4/20 21:00,2022/4/20,21,0,50,0,0,0,0,16.97,17.81,78.93,92.87,1008.90997,1001.90997,0.14,0.94,266.10001,145,0,0
373,2022/4/20 21:15,2022/4/20,21,15,50,0,0,0,0,16.84,17.74,78.95,93.22,1009.01001,1001.96997,0.05,0.93,240.02,141,0,0
374,2022/4/20 21:30,2022/4/20,21,30,50,0,0,0,0,16.78,17.68,79.04,93.54,1009.04999,1002.02002,2.21,0.93,253.60001,136,0,0
375,2022/4/20 21:45,2022/4/20,21,45,50,0,0,0,0,16.78,17.61,79.47,93.84,1009.12,1002.07001,0.91,0.92,222.67,132,0,0
376,2022/4/20 22:00,2022/4/20,22,0,50,0,0,0,0,16.69,17.54,79.72,94.12,1009.28998,1002.09998,0.32,0.91,121.37,129,0,0
377,2022/4/20 22:15,2022/4/20,22,15,50,0,0,0,0,16.62,17.46,81.89,94.4,1009.04999,1002.13,1.01,0.9,70.79,126,0,0
378,2022/4/20 22:30,2022/4/20,22,30,50,0,0,0,0,16.41,17.38,82.21,94.68,1008.90997,1002.15002,1.86,0.9,132.71001,124,0,0
379,2022/4/20 22:45,2022/4/20,22,45,50,0,0,0,0,16.19,17.28,83.94,94.97,1008.89001,1002.15997,1.51,0.89,134.10001,123,0,0
380,2022/4/20 23:00,2022/4/20,23,0,50,0,0,0,0,16.07,17.16,84.99,95.29,1008.46002,1002.14001,1.47,0.89,138.45,123,0,0
381,2022/4/20 23:15,2022/4/20,23,15,50,0,0,0,0,16.03,17.03,85.57,95.61,1008.58002,1002.09003,1.47,0.88,122.35,124,0,0
382,2022/4/20 23:30,2022/4/20,23,30,50,0,0,0,0,16,16.89,85.68,95.95,1008.56,1002.01001,1.3,0.88,138.78,124,0,0
383,2022/4/20 23:45,2022/4/20,23,45,50,0,0,0,0,15.89,16.73,86.11,96.29,1008.58002,1001.90997,1.21,0.88,8.64,124,0,0
384,2022/4/22 0:00,2022/4/22,0,0,50,0,0,0,0,18.30943,17.1,73.26,90.5,1013.96847,999.60999,1.25401,1.45,172.37,142,0,0
385,2022/4/22 0:15,2022/4/22,0,15,50,0,0,0,0,17.98236,16.82,72.375,91.42,1007.99135,999.53003,0.851,1.38,134.745,142,0,0
386,2022/4/22 0:30,2022/4/22,0,30,50,0,0,0,0,17.94,16.56,72.18,92.28,1005.51001,999.44,0.93,1.31,171.51,143,0,0
387,2022/4/22 0:45,2022/4/22,0,45,50,0,0,0,0,17.89,16.32,71.91,93.06,1005.53998,999.35999,1.6,1.24,191,143,0,0
388,2022/4/22 1:00,2022/4/22,1,0,50,0,0,0,0,17.72,16.11,71.57,93.73,1005.54999,999.28998,1.28,1.19,184.53,143,0,0
389,2022/4/22 1:15,2022/4/22,1,15,50,0,0,0,0,17.65,15.95,71.85,94.24,1005.44,999.22998,2.4,1.14,148.03999,144,0,0
390,2022/4/22 1:30,2022/4/22,1,30,50,0,0,0,0,17.62,15.84,71.71,94.57,1005.39001,999.19,1.48,1.11,184.27,144,0,0
391,2022/4/22 1:45,2022/4/22,1,45,50,0,0,0,0,17.57,15.81,71.64,94.69,1005.27002,999.17999,1.9,1.1,222.44,144,0,0
392,2022/4/22 2:00,2022/4/22,2,0,50,0,0,0,0,17.4,15.81,71.54,94.65,1005.21002,999.17999,1.68,1.11,84.4,144,0,0
393,2022/4/22 2:15,2022/4/22,2,15,50,0,0,0,0,17.38,15.82,71.98,94.54,1005.07001,999.17999,1.76,1.12,116.02,143,0,0
394,2022/4/22 2:30,2022/4/22,2,30,50,0,0,0,0,17.35,15.84,71.43,94.36,1005.06,999.19,1.45,1.14,147.83,142,0,0
395,2022/4/22 2:45,2022/4/22,2,45,50,0,0,0,0,17.42,15.86,71.24,94.12,1004.98999,999.19,1.25,1.17,125.37,141,0,0
396,2022/4/22 3:00,2022/4/22,3,0,50,0,0,0,0,17.49,15.89,70.95,93.83,1005.03003,999.19,1.52,1.21,270.10001,140,0,0
397,2022/4/22 3:15,2022/4/22,3,15,50,0,0,0,0,17.23,15.92,71.41,93.49,1005.03998,999.20001,1.45,1.24,109.96,138,0,0
398,2022/4/22 3:30,2022/4/22,3,30,50,0,0,0,0,17.11,15.96,71.22,93.12,1005.01001,999.21002,1.28,1.28,349.64002,137,0,0
399,2022/4/22 3:45,2022/4/22,3,45,50,0,0,0,0,17.07,16.01,71.13,92.72,1004.98999,999.21002,1.26,1.33,267.42001,136,0,0
400,2022/4/22 4:00,2022/4/22,4,0,50,0,0,0,0,17.16,16.06,71.16,92.29,1005.15002,999.21997,1.41,1.37,115.06,134,0,0
401,2022/4/22 4:15,2022/4/22,4,15,50,0,0,0,0,17.45,16.11,70.71,91.85,1005.08002,999.22998,1.25,1.41,170.76,133,0,0
402,2022/4/22 4:30,2022/4/22,4,30,50,0,0,0,0,17.58,16.17,72.21,91.4,1005.32001,999.23999,1.25,1.45,100.2,132,0,0
403,2022/4/22 4:45,2022/4/22,4,45,50,0,0,0,0,17.78,16.23,72.87,90.95,1005.21997,999.25,1.42,1.49,124.09,130,0,0
404,2022/4/22 5:00,2022/4/22,5,0,50,0,0,0,0,17.78,16.35,73.18,90.46,1005.09998,999.28003,1.54,1.53,63.54,129,0,0
405,2022/4/22 5:15,2022/4/22,5,15,50,0,0,0,0,17.8,16.54,73.64,89.89,1005.17999,999.34998,1.75,1.58,113.53,127,0,0
406,2022/4/22 5:30,2022/4/22,5,30,50,0,0,0.11,0.0022,17.8,16.81,75.79,89.23,1005.29999,999.44,1.47,1.63,92.26,124,0,0
407,2022/4/22 5:45,2022/4/22,5,45,50,0,0,0.22,0.0044,17.9,17.14,75.14,88.51,1005.29999,999.56,2.02,1.68,98.78,122,0,3.4
408,2022/4/22 6:00,2022/4/22,6,0,50,0.87613,0.0175226,0.54,0.0108,18.05,17.52,74.47,87.74,1005.41998,999.69,0.47,1.74,100.8,119,17.88,16.64
409,2022/4/22 6:15,2022/4/22,6,15,50,1.13236,0.0226472,1.08,0.0216,18.34,17.94,75.08,86.91,1005.58002,999.82001,0.73,1.79,133.24,117,32.86,32.14
410,2022/4/22 6:30,2022/4/22,6,30,50,0.97026,0.0194052,1.74,0.0348,18.5,18.39,74.65,86.04,1005.58002,999.96002,0.825,1.84,130.64999,114,50.47,28.27
411,2022/4/22 6:45,2022/4/22,6,45,50,2.98582,0.0597163999999999,2.85,0.057,18.64,18.86,75.16,85.14,1005.75,1000.08002,1.3,1.89,123.48,112,69.48,42.22
412,2022/4/22 7:00,2022/4/22,7,0,50,4.9882,0.099764,4.02,0.0803999999999999,18.96,19.33,74.87,84.21,1006.03003,1000.19,1.19,1.93,113.33,110,88.97,88.25
413,2022/4/22 7:15,2022/4/22,7,15,50,7.30109,0.1460218,5.73,0.1146,19.59,19.8,74.34,83.26,1005.95001,1000.28003,1.38,1.96,130.28,108,117.1,138.09
414,2022/4/22 7:30,2022/4/22,7,30,50,10.3432,0.206864,7.96,0.1592,20.69,20.26,73.51,82.3,1006.15002,1000.34003,0.98,1.97,110.21,107,155.56,250.01
415,2022/4/22 7:45,2022/4/22,7,45,50,11.6891,0.233782,9.5,0.19,21.98,20.69,72.82,81.35,1006.31,1000.35999,1.26,1.98,144.86,105,200.97,261.51001
416,2022/4/22 8:00,2022/4/22,8,0,50,5.87962,0.1175924,11.21,0.2242,22.32,21.15,71.78,80.26,1006.38,1000.34998,0.93,1.96,111.9,104,249.96001,139.19
417,2022/4/22 8:15,2022/4/22,8,15,50,16.5703,0.331406,12.55,0.251,22.41,21.69,71.51,78.97,1006.59998,1000.32001,1.74,1.9,85.57,103,299.17999,277.79001
418,2022/4/22 8:30,2022/4/22,8,30,50,7.36277,0.1472554,13.77,0.2754,23.14,22.28,70.87,77.52,1006.60999,1000.28003,1.46,1.81,105.32,101,345.26001,188.47
419,2022/4/22 8:45,2022/4/22,8,45,50,9.12508,0.1825016,15.27,0.3054,23.11,22.9,70.25,75.97,1006.76001,1000.22998,1.19,1.7,114.04,100,384.82999,180.45
420,2022/4/22 9:00,2022/4/22,9,0,50,11.1866,0.223732,16.73,0.3346,23.41,23.53,70.25,74.39,1006.67999,1000.16998,0.42,1.58,101.62,98,414.53,189.66
421,2022/4/22 9:15,2022/4/22,9,15,50,10.9053,0.218106,18.309999,0.36619998,24.13,24.15,69.85,72.82,1006.79999,1000.09998,0.8,1.45,109.47,97,430.98999,272.09
422,2022/4/22 9:30,2022/4/22,9,30,50,13.5602,0.271204,20,0.4,24.77,24.73,69.03,71.34,1006.92999,1000.02002,1.18,1.31,146.97,95,433.14999,312.89002
423,2022/4/22 9:45,2022/4/22,9,45,50,9.22013,0.1844025999999999,20.700001,0.41400002,25.63,25.25,67.86,70,1006.79999,999.92999,1.2,1.19,108.13,93,432.70001,164.99
424,2022/4/22 10:00,2022/4/22,10,0,50,16.03,0.3206,21.34,0.4268,25.53,25.7,67.34,68.85,1006.76001,999.84998,0.49,1.08,120.88,91,431.79999,246.63001
425,2022/4/22 10:15,2022/4/22,10,15,50,13.2676,0.265352,21.110001,0.42220002,26.31,26.05,66.98,67.95,1006.67999,999.76001,0.8,0.99,144.53999,90,430.45999,257.95001
426,2022/4/22 10:30,2022/4/22,10,30,50,17.718,0.35436,21.17,0.4234,26.68,26.27,66.51,67.37,1006.76001,999.66998,0.52,0.93,108.22,88,428.69,348.79999
427,2022/4/22 10:45,2022/4/22,10,45,50,12.7526,0.255052,21.17,0.4234,27.62,26.35,65.71,67.17,1006.79999,999.59003,0.9,0.9,109.53,88,426.5,377.35998
428,2022/4/22 11:00,2022/4/22,11,0,50,12.0046,0.240092,21.370001,0.42740002,27.46,26.34,64.52,67.26,1006.59998,999.5,0,0.9,105.03,89,423.88,214.67
429,2022/4/22 11:15,2022/4/22,11,15,50,12.4715,0.24943,20.83,0.4165999999999999,27.49,26.31,65.13,67.54,1006.71997,999.40997,0.77,0.9,122.21,92,420.85998,278.04001
430,2022/4/22 11:30,2022/4/22,11,30,50,8.98642,0.1797284,21.25,0.425,27.73,26.26,65.25,67.97,1006.71997,999.31,0.44,0.89,139.16,99,417.42001,251.60001
431,2022/4/22 11:45,2022/4/22,11,45,50,7.7182,0.154364,21.15,0.423,27.82,26.2,65.33,68.54,1006.84003,999.21002,0,0.89,15.16,114,413.57999,165.01
432,2022/4/22 12:00,2022/4/22,12,0,50,7.76389,0.1552778,20.98,0.4196,27.58,26.12,63.96,69.22,1006.76001,999.09998,0.05,0.89,275.85998,141,409.35998,142.66
433,2022/4/22 12:15,2022/4/22,12,15,50,5.3148,0.106296,20.799999,0.41599998,26.93,26.04,66.21,70.01,1006.64001,998.97998,0.1,0.89,67.39,174,404.73999,124.15
434,2022/4/22 12:30,2022/4/22,12,30,50,9.86962,0.1973924,20.530001,0.4106000199999999,26.27,25.94,68.73,70.86,1006.64001,998.85999,1.1,0.89,49.23,195,399.73999,197.26
435,2022/4/22 12:45,2022/4/22,12,45,50,8.68429,0.1736858,20.1,0.402,26.19,25.85,69.46,71.77,1006.39001,998.73999,1.24,0.88,74.36,206,394.37,173.11999
436,2022/4/22 13:00,2022/4/22,13,0,50,8.34445,0.166889,19.48,0.3896,25.71,25.75,69.98,72.71,1006.34998,998.62,1.27,0.88,84.66,212,388.63,141.2
437,2022/4/22 13:15,2022/4/22,13,15,50,11.4089,0.228178,18.52,0.3704,25.16,25.65,71.87,73.66,1006.19,998.5,0.95,0.88,130.71001,215,376.67999,204.42
438,2022/4/22 13:30,2022/4/22,13,30,50,14.3442,0.286884,16.48,0.3296,24.89,25.55,74.1,74.6,1006.22998,998.37,1.33,0.88,78.96,217,354.42001,286.84
439,2022/4/22 13:45,2022/4/22,13,45,50,8.74804,0.1749608,14.52,0.2904,25.25,25.46,73.94,75.52,1005.73999,998.25,1.22,0.88,111.85,217,324.5,233.58
440,2022/4/22 14:00,2022/4/22,14,0,50,8.87746,0.1775492,13.36,0.2672,24.78,25.37,76.21,76.51,1005.33002,998.12,1.99,0.89,71.52,216,289.57999,184.86999
441,2022/4/22 14:15,2022/4/22,14,15,50,15.1936,0.303872,12.71,0.2542,24.54,25.28,77.17,77.67,1005.33002,997.96002,1.29,0.91,128.10001,213,252.28999,255.53
442,2022/4/22 14:30,2022/4/22,14,30,50,12.5232,0.2504639999999999,10.65,0.213,25.15,25.19,76.87,78.97,1005.09003,997.78998,1.11,0.94,127.25,207,215.28999,245.07001
443,2022/4/22 14:45,2022/4/22,14,45,50,10.5073,0.210146,9.72,0.1944,25.17,25.09,77.78,80.36,1004.96002,997.62,1.77,0.97,103.67,194,181.22,255.28999
444,2022/4/22 15:00,2022/4/22,15,0,50,9.51175,0.190235,8.52,0.1704,25.02,24.99,78.01,81.81,1004.71997,997.44,1.86,1.01,97.71,162,152.73,205.08
445,2022/4/22 15:15,2022/4/22,15,15,50,8.10964,0.1621928,7.56,0.1512,24.95,24.89,78.28,83.28,1004.67999,997.26001,1.56,1.05,59.14,116,132.46001,205.23
446,2022/4/22 15:30,2022/4/22,15,30,50,8.75119,0.1750237999999999,7,0.14,24.85,24.78,78.63,84.73,1004.56,997.09998,1.45,1.09,53.26,90,118.2,124.33
447,2022/4/22 15:45,2022/4/22,15,45,50,2.85821,0.0571642,6.38,0.1276,24.8,24.67,79.33,86.13,1004.39001,996.95001,0.75,1.13,97.33,80,105.71,78.16
448,2022/4/22 16:00,2022/4/22,16,0,50,3.68599,0.0737198,5.95,0.119,24.06,24.55,80.19,87.43,1004.34998,996.82001,0.92,1.17,134.07001,75,94.68,64.15
449,2022/4/22 16:15,2022/4/22,16,15,50,2.25573,0.0451146,5.01,0.1002,23.96,24.43,80.49,88.6,1004.23999,996.72998,1.17,1.2,148.14999,72,84.77,73.81
450,2022/4/22 16:30,2022/4/22,16,30,50,1.28973,0.0257946,4.11,0.0822,23.86,24.29,80.05,89.61,1004.31,996.65997,1.2,1.22,151.14999,70,75.65,40.87
451,2022/4/22 16:45,2022/4/22,16,45,50,1.13935,0.022787,3.34,0.0668,23.5,24.15,80.6,90.4,1004.39001,996.64001,0.81,1.22,150.3,70,66.98,40.4
452,2022/4/22 17:00,2022/4/22,17,0,50,1.08316,0.0216631999999999,2.76,0.0552,23.07,23.99,81.06,91.08,1004.34998,996.65002,0.73,1.22,136.48,70,58.43,27.46
453,2022/4/22 17:15,2022/4/22,17,15,50,0.21689,0.0043378,2.2,0.044,22.88,23.8,81.2,91.76,1004.31,996.66998,0.84,1.22,172.14999,70,49.68,15
454,2022/4/22 17:30,2022/4/22,17,30,50,0.00784,0.0001568,1.5,0.03,22.7,23.58,81.18,92.42,1004.64001,996.71002,0.71,1.22,220.49,71,40.4,12.28
455,2022/4/22 17:45,2022/4/22,17,45,50,0,0,0.75,0.015,22.6,23.35,81.05,93.06,1004.64001,996.75,0.61,1.22,312.07999,71,30.24,8.11
456,2022/4/22 18:00,2022/4/22,18,0,50,0,0,0.3,0.006,22.51,23.1,80.77,93.66,1004.71997,996.79999,0.77,1.22,133.22,72,17.75,3.58
457,2022/4/22 18:15,2022/4/22,18,15,50,0,0,0.15,0.003,22.29,22.85,80.64,94.22,1004.96997,996.85999,0.93,1.22,139.84,72,0,1.7
458,2022/4/22 18:30,2022/4/22,18,30,50,0,0,0,0,21.95,22.6,80.69,94.72,1005.33002,996.92999,1,1.22,225.09,73,0,0
459,2022/4/22 18:45,2022/4/22,18,45,50,0,0,0,0,21.64,22.36,81.03,95.15,1005.44,996.98999,0.68,1.22,206.33,74,0,0
460,2022/4/22 19:00,2022/4/22,19,0,50,0,0,0,0,21.48,22.13,81.88,95.51,1005.54999,997.06,0.79,1.22,114.77,75,0,0
461,2022/4/22 19:15,2022/4/22,19,15,50,0,0,0,0,21.32,21.93,85.98,95.78,1005.17999,997.13,1.33,1.22,110.3,76,0,0
462,2022/4/22 19:30,2022/4/22,19,30,50,0,0,0,0,21.24,21.76,85.23,95.95,1005.51001,997.19,1.5,1.22,164.88001,77,0,0
463,2022/4/22 19:45,2022/4/22,19,45,50,0,0,0,0,21.18,21.62,85.14,96,1005.70001,997.23999,0.64,1.22,229,78,0,0
464,2022/4/22 20:00,2022/4/22,20,0,50,0,0,0,0,21.05,21.5,85.97,96,1005.45001,997.29999,0.08,1.22,64.08,80,0,0
465,2022/4/22 20:15,2022/4/22,20,15,50,0,0,0,0,20.98,21.4,88.15,96,1005.20001,997.35999,0.07,1.24,31.1,84,0,0
466,2022/4/22 20:30,2022/4/22,20,30,50,0,0,0,0,20.94,21.29,89.49,95.99,1005.03998,997.42999,0,1.27,47.43,90,0,0
467,2022/4/22 20:45,2022/4/22,20,45,50,0,0,0,0,20.93,21.2,89.94,95.98,1005.08002,997.5,0.11,1.31,134.73,96,0,0
468,2022/4/22 21:00,2022/4/22,21,0,50,0,0,0,0,20.91,21.11,89.45,95.97,1004.92999,997.57001,0,1.36,48.45,104,0,0
469,2022/4/22 21:15,2022/4/22,21,15,50,0,0,0,0,20.87,21.02,89.33,95.95,1005.21002,997.64001,0.52,1.4,104.3,111,0,0
470,2022/4/22 21:30,2022/4/22,21,30,50,0,0,0,0,20.78,20.94,90.45,95.94,1005.58002,997.70001,0.87,1.45,86.97,117,0,0
471,2022/4/22 21:45,2022/4/22,21,45,50,0,0,0,0,20.68,20.87,90.27,95.93,1005.25,997.76001,1.24,1.49,116.39,123,0,0
472,2022/4/22 22:00,2022/4/22,22,0,50,0,0,0,0,20.61,20.8,90.15,95.92,1005.53998,997.81,1.46,1.53,128.34,127,0,0
473,2022/4/22 22:15,2022/4/22,22,15,50,0,0,0,0,20.61,20.74,90,95.91,1005.41998,997.84998,1.27,1.56,129.11,130,0,0
474,2022/4/22 22:30,2022/4/22,22,30,50,0,0,0,0,20.61,20.68,90.01,95.9,1005.38,997.87,1.1,1.58,70.9,132,0,0
475,2022/4/22 22:45,2022/4/22,22,45,50,0,0,0,0,20.55,20.63,90.51,95.9,1005.41998,997.88,0.51,1.59,94.85,133,0,0
476,2022/4/22 23:00,2022/4/22,23,0,50,0,0,0,0,20.48,20.58,90.13,95.9,1005.5,997.85999,0.76,1.56,137.60001,133,0,0
477,2022/4/22 23:15,2022/4/22,23,15,50,0,0,0,0,20.44,20.54,89.89,95.91,1005.34003,997.82001,0.29,1.5,194.57001,134,0,0
478,2022/4/22 23:30,2022/4/22,23,30,50,0,0,0,0,20.44,20.5,89.81,95.92,1005.46002,997.75,0.04,1.41,161.56,135,0,0
479,2022/4/22 23:45,2022/4/22,23,45,50,0,0,0,0,20.48,20.46,89.49,95.93,1005.95001,997.66998,0.58,1.29,179.72,136,0,0
480,2022/11/27 0:00,2022/11/27,0,0,50,0,0,0,0,15.39512,14.73,63.16474,91.28,1009.27502,1003.07001,1.19306,2.39,294.02125,114,0,0
481,2022/11/27 0:15,2022/11/27,0,15,50,0,0,0,0,15.10878,14.58,77.60118,91.82,1008.74627,1002.97998,2.08076,2.38,35.94281,116,0,0
482,2022/11/27 0:30,2022/11/27,0,30,50,0,0,0,0,15.01,14.45,81.9,92.32,1008.56,1002.88,2.37,2.37,259.10998,118,0,0
483,2022/11/27 0:45,2022/11/27,0,45,50,0,0,0,0,14.8,14.33,81.62,92.77,1008.40002,1002.77002,2.36,2.36,159.92,120,0,0
484,2022/11/27 1:00,2022/11/27,1,0,50,0,0,0,0,14.8,14.22,81.15,93.15,1008.33002,1002.65997,2.35,2.35,223.49,121,0,0
485,2022/11/27 1:15,2022/11/27,1,15,50,0,0,0,0,15.14,14.14,80.9,93.44,1008.12,1002.54999,2.35,2.35,168.22,122,0,0
486,2022/11/27 1:30,2022/11/27,1,30,50,0,0,0,0,14.87,14.08,83.35,93.63,1008.08002,1002.45001,2.34,2.34,153.19,123,0,0
487,2022/11/27 1:45,2022/11/27,1,45,50,0,0,0,0,15.08,14.05,85.73,93.7,1007.79999,1002.34998,2.34,2.34,135.81,124,0,0
488,2022/11/27 2:00,2022/11/27,2,0,50,0,0,0,0,14.53,14.03,87.03,93.67,1007.53998,1002.25,2.35,2.35,118.59,123,0,0
489,2022/11/27 2:15,2022/11/27,2,15,50,0,0,0,0,14.53,14.02,86.48,93.57,1007.28998,1002.13,2.36,2.36,119.9,123,0,0
490,2022/11/27 2:30,2022/11/27,2,30,50,0,0,0,0,14.94,14.01,86.23,93.42,1007.28003,1001.98999,2.39,2.39,153.33,122,0,0
491,2022/11/27 2:45,2022/11/27,2,45,50,0,0,0,0,15.28,14,86.65,93.22,1007.10999,1001.84998,2.42,2.42,148.98,121,0,0
492,2022/11/27 3:00,2022/11/27,3,0,50,0,0,0,0,15.55,13.99,87.21,92.98,1007.28998,1001.71002,2.46,2.46,162.61,119,0,0
493,2022/11/27 3:15,2022/11/27,3,15,50,0,0,0,0,15.42,13.98,87.22,92.71,1007.40002,1001.57001,2.5,2.5,142.10001,118,0,0
494,2022/11/27 3:30,2022/11/27,3,30,50,0,0,0,0,14.39,13.97,86.95,92.41,1007.38,1001.44,2.54,2.54,154.82001,117,0,0
495,2022/11/27 3:45,2022/11/27,3,45,50,0,0,0,0,14.87,13.97,86.89,92.1,1007,1001.32001,2.59,2.59,127.52,116,0,0
496,2022/11/27 4:00,2022/11/27,4,0,50,0,0,0,0,14.73,13.96,87.5,91.77,1006.67999,1001.21997,2.63,2.63,157.74,115,0,0
497,2022/11/27 4:15,2022/11/27,4,15,50,0,0,0,0,14.67,13.96,87.79,91.43,1007.04999,1001.14001,2.67,2.67,138.84,114,0,0
498,2022/11/27 4:30,2022/11/27,4,30,50,0,0,0,0,15.49,13.96,88.25,91.1,1006.48999,1001.09003,2.7,2.7,137.53999,113,0,0
499,2022/11/27 4:45,2022/11/27,4,45,50,0,0,0,0,15.28,13.95,88.07,90.78,1006.70001,1001.07001,2.73,2.73,163.53,113,0,0
500,2022/11/27 5:00,2022/11/27,5,0,50,0,0,0,0,15.89,13.98,87.64,90.4,1006.78003,1001.08002,2.75,2.75,99.71,113,0,0
501,2022/11/27 5:15,2022/11/27,5,15,50,0,0,0,0,16.03,14.06,87.73,89.93,1005.90997,1001.10999,2.78,2.78,134.22,112,0,0
502,2022/11/27 5:30,2022/11/27,5,30,50,0,0,0,0,16.51,14.19,86.75,89.39,1007.66998,1001.15002,2.8,2.8,151.21001,112,0,0
503,2022/11/27 5:45,2022/11/27,5,45,50,0,0,0,0,16.92,14.35,87.64,88.81,1006.64001,1001.20001,2.82,2.82,125.43,112,0,0
504,2022/11/27 6:00,2022/11/27,6,0,50,0,0,0,0,16.71,14.53,86.77,88.2,1007.17999,1001.26001,2.84,2.84,55.44,112,0,0
505,2022/11/27 6:15,2022/11/27,6,15,50,0,0,0,0,15.89,14.73,85.99,87.59,1007.75,1001.33002,2.86,2.86,119.83,112,0,0
506,2022/11/27 6:30,2022/11/27,6,30,50,0,0,0,0,16.03,14.93,88.21,87.01,1007.63,1001.39001,2.88,2.88,115.95,112,0,0
507,2022/11/27 6:45,2022/11/27,6,45,50,0,0,0.09,0.0018,15.55,15.14,90.14,86.47,1007.46997,1001.45001,2.89,2.89,123.86,112,0,0.28
508,2022/11/27 7:00,2022/11/27,7,0,50,0,0,0.19,0.0038,15.35,15.33,91.71,86.02,1006.58002,1001.5,2.91,2.91,125.44,112,15.71,1.12
509,2022/11/27 7:15,2022/11/27,7,15,50,0,0,0.46,0.0092,15.83,15.5,92.44,85.66,1006.65997,1001.53998,2.93,2.93,130.86,112,21.94,3.58
510,2022/11/27 7:30,2022/11/27,7,30,50,0,0,0.93,0.0186,15.14,15.64,93.22,85.43,1005.88,1001.57001,2.94,2.94,129.44,112,28.49,8.35
511,2022/11/27 7:45,2022/11/27,7,45,50,1.23228,0.0246456,1.3,0.026,15.14,15.74,93.18,85.35,1006.5,1001.58002,2.96,2.96,88.68,112,35.11,21.21
512,2022/11/27 8:00,2022/11/27,8,0,50,4.53992,0.0907984,1.73,0.0346,15.21,15.82,93.67,85.45,1006.70001,1001.57001,2.98,2.98,53.48,112,41.57,64.1
513,2022/11/27 8:15,2022/11/27,8,15,50,2.60656,0.0521312,2.37,0.0474,15.62,15.89,92.86,85.71,1007.13,1001.56,3,3,352.78,112,47.62,56.02
514,2022/11/27 8:30,2022/11/27,8,30,50,3.44591,0.0689182,2.76,0.0552,15.35,15.97,93.17,86.13,1007.31,1001.54999,3.02,3.02,24.85,111,53.01,62.46
515,2022/11/27 8:45,2022/11/27,8,45,50,0.79402,0.0158804,3.01,0.0602,15.49,16.03,93.34,86.66,1007,1001.53003,3.04,3.04,350.19,110,57.5,39.46
516,2022/11/27 9:00,2022/11/27,9,0,50,1.7749,0.035498,3.43,0.0686,15.49,16.1,92.89,87.29,1008.35999,1001.5,3.05,3.05,287.54001,110,60.84,30.96
517,2022/11/27 9:15,2022/11/27,9,15,50,0.80351,0.0160702,3.67,0.0733999999999999,15.62,16.16,92.61,87.98,1008.79999,1001.46997,3.07,3.07,25.36,109,62.8,38.92
518,2022/11/27 9:30,2022/11/27,9,30,50,0,0,3.9,0.078,16.17,16.21,92.57,88.71,1008.17999,1001.42999,3.09,3.09,159.76,108,63.34,12.2
519,2022/11/27 9:45,2022/11/27,9,45,50,0,0,4.09,0.0818,15.76,16.26,92.94,89.45,1008.92999,1001.39001,3.1,3.1,313.10001,108,63.65,5.07
520,2022/11/27 10:00,2022/11/27,10,0,50,0,0,4.3,0.086,15.89,16.3,92.88,90.18,1010.08002,1001.34003,3.12,3.12,241.19,107,63.93,5.76
521,2022/11/27 10:15,2022/11/27,10,15,50,0,0,4.53,0.0906,16.1,16.34,93.13,90.86,1010.73999,1001.29999,3.13,3.13,186.33,106,64.18,10.8
522,2022/11/27 10:30,2022/11/27,10,30,50,0,0,4.53,0.0906,15.83,16.37,93.61,91.48,1010.35999,1001.25,3.13,3.13,161.16,105,64.42,11.09
523,2022/11/27 10:45,2022/11/27,10,45,50,0.43688,0.0087376,4.42,0.0883999999999999,15.76,16.4,93.71,92,1010.34003,1001.19,3.14,3.14,103.77,105,64.63,13.24
524,2022/11/27 11:00,2022/11/27,11,0,50,0.96163,0.0192326,4.25,0.085,15.96,16.42,93.9,92.48,1009.95001,1001.12,3.13,3.13,55.06,103,64.81,18.19
525,2022/11/27 11:15,2022/11/27,11,15,50,1.20871,0.0241742,4.2,0.084,15.89,16.43,94.55,92.99,1009.31,1001.01001,3.11,3.11,110.52,102,64.98,46.97
526,2022/11/27 11:30,2022/11/27,11,30,50,0.72665,0.014533,4.2,0.084,15.96,16.45,94.19,93.51,1009.82001,1000.87,3.08,3.08,95.36,100,65.12,24.7
527,2022/11/27 11:45,2022/11/27,11,45,50,0.98023,0.0196046,4.19,0.0838,16.1,16.46,94.19,94.04,1009.56,1000.71002,3.04,3.04,113.53,97,65.23,26.87
528,2022/11/27 12:00,2022/11/27,12,0,50,1.73194,0.0346388,4.2,0.084,16.1,16.47,94.5,94.56,1009.06,1000.53998,3,3,84.5,94,65.33,38.65
529,2022/11/27 12:15,2022/11/27,12,15,50,2.55176,0.0510351999999999,4.17,0.0834,16.24,16.48,94.93,95.06,1008.65002,1000.34998,2.94,2.94,99.62,91,65.4,64.69
530,2022/11/27 12:30,2022/11/27,12,30,50,5.94262,0.1188524,4.11,0.0822,16.51,16.49,95.31,95.51,1008.09003,1000.15997,2.89,2.89,89.78,87,65.46,116.38
531,2022/11/27 12:45,2022/11/27,12,45,50,5.01051,0.1002102,4.13,0.0825999999999999,16.3,16.5,95.5,95.91,1007.17999,999.96997,2.83,2.83,77.64,84,65.49,228.92999
532,2022/11/27 13:00,2022/11/27,13,0,50,2.65456,0.0530912,4.18,0.0836,16.3,16.51,95.31,96.25,1007.17999,999.78998,2.78,2.78,71.77,81,65.5,55.98
533,2022/11/27 13:15,2022/11/27,13,15,50,4.4722,0.089444,4.12,0.0824,16.37,16.52,95.46,96.51,1007.29999,999.63,2.72,2.72,79.91,79,64.8,97.01
534,2022/11/27 13:30,2022/11/27,13,30,50,5.30219,0.1060438,4.03,0.0806,16.44,16.54,95.16,96.67,1007.23999,999.5,2.67,2.67,105.21,77,62.86,107.36
535,2022/11/27 13:45,2022/11/27,13,45,50,1.6681,0.0333619999999999,3.88,0.0776,16.51,16.56,95.15,96.73,1006.85999,999.39001,2.62,2.62,125.28,77,59.89,51.59
536,2022/11/27 14:00,2022/11/27,14,0,50,1.31714,0.0263428,3.58,0.0716,16.17,16.6,95.07,96.64,1006.37,999.29999,2.57,2.57,98,77,56.13,31.37
537,2022/11/27 14:15,2022/11/27,14,15,50,3.26373,0.0652746,3.35,0.067,16.3,16.67,95.41,96.39,1006.14001,999.20001,2.51,2.51,104.38,77,51.8,58
538,2022/11/27 14:30,2022/11/27,14,30,50,7.20308,0.1440616,3.15,0.063,16.44,16.75,95.63,96.02,1004.34003,999.10999,2.45,2.45,73.49,77,47.12,116.69
539,2022/11/27 14:45,2022/11/27,14,45,50,3.21703,0.0643406,2.85,0.057,16.44,16.86,95.67,95.55,1005.38,999.02002,2.39,2.39,45.7,77,42.31,151.49
540,2022/11/27 15:00,2022/11/27,15,0,50,1.54391,0.0308781999999999,2.63,0.0526,16.37,16.97,95.33,95.02,1004.77002,998.94,2.32,2.32,133.56,77,37.6,41.15
541,2022/11/27 15:15,2022/11/27,15,15,50,0.8081,0.016162,2.23,0.0446,16.51,17.08,95.25,94.46,1005.03998,998.85999,2.26,2.26,110.86,78,33.22,20.37
542,2022/11/27 15:30,2022/11/27,15,30,50,0.90956,0.0181912,1.89,0.0378,16.44,17.2,95.32,93.89,1005.13,998.78998,2.2,2.2,111.64,78,28.28,28.63
543,2022/11/27 15:45,2022/11/27,15,45,50,1.1908,0.023816,1.55,0.031,16.58,17.31,95.87,93.36,1004.84998,998.72998,2.15,2.15,40.73,79,22.24,30.93
544,2022/11/27 16:00,2022/11/27,16,0,50,0.78065,0.0156129999999999,1.19,0.0237999999999999,16.44,17.4,95.99,92.9,1005.78003,998.66998,2.1,2.1,127.2,80,15.79,18.37
545,2022/11/27 16:15,2022/11/27,16,15,50,0.52434,0.0104868,0.8,0.016,16.99,17.47,95.92,92.52,1005.29999,998.64001,2.07,2.07,128.39,81,0,21.92
546,2022/11/27 16:30,2022/11/27,16,30,50,0,0,0.4,0.008,16.58,17.52,95.8,92.28,1005.22998,998.60999,2.05,2.05,61.77,83,0,10.74
547,2022/11/27 16:45,2022/11/27,16,45,50,0,0,0.16,0.0032,16.44,17.54,95.81,92.18,1005.03998,998.59998,2.04,2.04,101.42,84,0,6.65
548,2022/11/27 17:00,2022/11/27,17,0,50,0,0,0.08,0.0016,16.37,17.53,95.91,92.19,1005.25,998.63,2.04,2.04,133.36,86,0,1.97
549,2022/11/27 17:15,2022/11/27,17,15,50,0,0,0,0,16.92,17.52,95.77,92.19,1005.5,998.71002,2.06,2.06,90.51,89,0,0
550,2022/11/27 17:30,2022/11/27,17,30,50,0,0,0,0,16.51,17.5,96.12,92.19,1005.04999,998.83002,2.09,2.09,92.7,93,0,0
551,2022/11/27 17:45,2022/11/27,17,45,50,0,0,0,0,16.99,17.47,95.94,92.2,1005.09003,998.97998,2.13,2.13,104.29,97,0,0
552,2022/11/27 18:00,2022/11/27,18,0,50,0,0,0,0,16.37,17.43,96.04,92.21,1005.29999,999.15002,2.17,2.17,127.52,102,0,0
553,2022/11/27 18:15,2022/11/27,18,15,50,0,0,0,0,16.44,17.39,96.03,92.22,1005.53998,999.34003,2.22,2.22,83.64,107,0,0
554,2022/11/27 18:30,2022/11/27,18,30,50,0,0,0,0,16.24,17.35,96.39,92.24,1005.53998,999.52002,2.27,2.27,68.91,111,0,0
555,2022/11/27 18:45,2022/11/27,18,45,50,0,0,0,0,16.24,17.31,96.44,92.25,1005.41998,999.70001,2.33,2.33,63.74,115,0,0
556,2022/11/27 19:00,2022/11/27,19,0,50,0,0,0,0,16.17,17.26,96.54,92.27,1005.16998,999.84998,2.38,2.38,100.04,119,0,0
557,2022/11/27 19:15,2022/11/27,19,15,50,0,0,0,0,16.17,17.22,96.35,92.29,1005.01001,999.97998,2.43,2.43,110.28,121,0,0
558,2022/11/27 19:30,2022/11/27,19,30,50,0,0,0,0,16.3,17.18,96.01,92.31,1005.46002,1000.07001,2.49,2.49,97.79,123,0,0
559,2022/11/27 19:45,2022/11/27,19,45,50,0,0,0,0,16.17,17.14,95.87,92.33,1005.46002,1000.12,2.53,2.53,82.03,124,0,0
560,2022/11/27 20:00,2022/11/27,20,0,50,0,0,0,0,16.78,17.11,96.09,92.38,1005.38,1000.13,2.58,2.58,117.03,125,0,0
561,2022/11/27 20:15,2022/11/27,20,15,50,0,0,0,0,16.51,17.06,95.98,92.49,1005.38,1000.14001,2.63,2.63,92.33,125,0,0
562,2022/11/27 20:30,2022/11/27,20,30,50,0,0,0,0,16.78,17.02,95.95,92.64,1005.41998,1000.15997,2.69,2.69,92.51,125,0,0
563,2022/11/27 20:45,2022/11/27,20,45,50,0,0,0,0,16.24,16.98,95.8,92.83,1005.65997,1000.16998,2.76,2.76,92.01,126,0,0
564,2022/11/27 21:00,2022/11/27,21,0,50,0,0,0,0,16.37,16.93,95.33,93.05,1005.75,1000.17999,2.82,2.82,140.59,125,0,0
565,2022/11/27 21:15,2022/11/27,21,15,50,0,0,0,0,16.3,16.89,95.28,93.29,1005.78998,1000.19,2.88,2.88,125.43,125,0,0
566,2022/11/27 21:30,2022/11/27,21,30,50,0,0,0,0,16.44,16.85,95.1,93.54,1005.70001,1000.19,2.94,2.94,108.36,125,0,0
567,2022/11/27 21:45,2022/11/27,21,45,50,0,0,0,0,16.85,16.81,95.04,93.79,1005.83002,1000.20001,2.99,2.99,110.63,125,0,0
568,2022/11/27 22:00,2022/11/27,22,0,50,0,0,0,0,16.92,16.77,94.91,94.04,1005.87,1000.20001,3.03,3.03,125.88,125,0,0
569,2022/11/27 22:15,2022/11/27,22,15,50,0,0,0,0,16.37,16.74,94.9,94.27,1005.83002,1000.21002,3.07,3.07,96.7,124,0,0
570,2022/11/27 22:30,2022/11/27,22,30,50,0,0,0,0,16.51,16.71,94.87,94.48,1005.70001,1000.21002,3.09,3.09,82.73,124,0,0
571,2022/11/27 22:45,2022/11/27,22,45,50,0,0,0,0,16.44,16.68,94.9,94.66,1005.65997,1000.21002,3.1,3.1,93.59,124,0,0
572,2022/11/27 23:00,2022/11/27,23,0,50,0,0,0,0,16.78,16.66,94.81,94.83,1005.5,1000.20001,3.09,3.09,123.1,124,0,0
573,2022/11/27 23:15,2022/11/27,23,15,50,0,0,0,0,16.44,16.64,94.78,95,1005.34003,1000.15997,3.08,3.08,135.53,123,0,0
574,2022/11/27 23:30,2022/11/27,23,30,50,0,0,0,0,16.51,16.62,94.71,95.19,1005.38,1000.09003,3.07,3.07,111.52,122,0,0
575,2022/11/27 23:45,2022/11/27,23,45,50,0,0,0,0,16.51,16.6,94.61,95.37,1005.38,1000.01001,3.04,3.04,118.11,121,0,0
576,2023/1/11 0:00,2023/1/11,0,0,50,0,0,0,0,11.80875,7.98,63.83084,73.72,1017.99374,1011.33002,0.8956,3.77,132.06875,113,0,0
577,2023/1/11 0:15,2023/1/11,0,15,50,0,0,0,0,11.88969,7.86,73.81021,74.35,1017.63592,1011.28998,3.3489,3.78,112.82469,114,0,0
578,2023/1/11 0:30,2023/1/11,0,30,50,0,0,0,0,11.9,7.75,77.06,75.01,1017.72998,1011.23999,4.16,3.8,91.73,114,0,0
579,2023/1/11 0:45,2023/1/11,0,45,50,0,0,0,0,11.85,7.64,76.74,75.69,1017.57001,1011.19,4.14,3.82,118.93,115,0,0
580,2023/1/11 1:00,2023/1/11,1,0,50,0,0,0,0,11.8,7.54,76.38,76.36,1017.40002,1011.14001,4.13,3.83,104.24,115,0,0
581,2023/1/11 1:15,2023/1/11,1,15,50,0,0,0,0,11.71,7.44,76.24,77,1017.40002,1011.09003,4.11,3.84,111.53,115,0,0
582,2023/1/11 1:30,2023/1/11,1,30,50,0,0,0,0,11.59,7.34,76.03,77.59,1017.40002,1011.03998,4.09,3.86,102.5,116,0,0
583,2023/1/11 1:45,2023/1/11,1,45,50,0,0,0,0,11.24,7.24,75.98,78.11,1017.52002,1010.98999,4.07,3.87,124.41,116,0,0
584,2023/1/11 2:00,2023/1/11,2,0,50,0,0,0,0,11.11,7.14,76.46,78.61,1017.71002,1010.92999,4.05,3.88,104.75,116,0,0
585,2023/1/11 2:15,2023/1/11,2,15,50,0,0,0,0,11.12,7.04,76.86,79.15,1017.44,1010.84998,4.02,3.89,112.71,116,0,0
586,2023/1/11 2:30,2023/1/11,2,30,50,0,0,0,0,11.17,6.93,76.91,79.72,1017.39001,1010.77002,3.98,3.9,107.35,117,0,0
587,2023/1/11 2:45,2023/1/11,2,45,50,0,0,0,0,11.24,6.82,77.06,80.31,1017.27002,1010.67999,3.94,3.91,116.59,117,0,0
588,2023/1/11 3:00,2023/1/11,3,0,50,0,0,0,0,11.2,6.71,77.14,80.89,1017.34998,1010.58002,3.89,3.92,97.79,117,0,0
589,2023/1/11 3:15,2023/1/11,3,15,50,0,0,0,0,11.16,6.61,76.98,81.44,1017.23999,1010.48999,3.84,3.93,107.36,117,0,0
590,2023/1/11 3:30,2023/1/11,3,30,50,0,0,0,0,11.13,6.52,77.11,81.96,1017.23999,1010.40002,3.79,3.93,128.24,118,0,0
591,2023/1/11 3:45,2023/1/11,3,45,50,0,0,0,0,11.1,6.43,77.12,82.42,1016.98999,1010.32001,3.74,3.94,110.92,118,0,0
592,2023/1/11 4:00,2023/1/11,4,0,50,0,0,0,0,11.13,6.36,77.18,82.81,1017.07001,1010.26001,3.69,3.95,128.82001,118,0,0
593,2023/1/11 4:15,2023/1/11,4,15,50,0,0,0,0,11.1,6.31,77.28,83.1,1016.78998,1010.20001,3.65,3.95,125.34,118,0,0
594,2023/1/11 4:30,2023/1/11,4,30,50,0,0,0,0,11.09,6.28,77.32,83.29,1016.75,1010.16998,3.6,3.95,115.18,118,0,0
595,2023/1/11 4:45,2023/1/11,4,45,50,0,0,0,0,11.03,6.26,77.35,83.36,1016.63,1010.15002,3.57,3.95,111.4,119,0,0
596,2023/1/11 5:00,2023/1/11,5,0,50,0,0,0,0,10.87,6.27,77.36,83.36,1016.59003,1010.16998,3.54,3.95,103.32,119,0,0
597,2023/1/11 5:15,2023/1/11,5,15,50,0,0,0,0,10.69,6.27,77.39,83.36,1016.54999,1010.21002,3.51,3.95,103.84,119,0,0
598,2023/1/11 5:30,2023/1/11,5,30,50,0,0,0,0,10.32,6.29,78.03,83.36,1016.5,1010.27002,3.48,3.94,123.37,120,0,0
599,2023/1/11 5:45,2023/1/11,5,45,50,0,0,0,0,10.01,6.3,78.34,83.35,1016.59003,1010.34003,3.46,3.93,98.39,120,0,0
600,2023/1/11 6:00,2023/1/11,6,0,50,0,0,0,0,9.76,6.33,79.16,83.34,1016.66998,1010.42999,3.44,3.92,109.55,121,0,0
601,2023/1/11 6:15,2023/1/11,6,15,50,0,0,0,0,9.73,6.35,79.49,83.33,1016.63,1010.52002,3.41,3.91,86.52,122,0,0
602,2023/1/11 6:30,2023/1/11,6,30,50,0,0,0,0,9.85,6.39,79.71,83.32,1016.54999,1010.60999,3.39,3.9,93.32,122,0,0
603,2023/1/11 6:45,2023/1/11,6,45,50,0,0,0,0,10.09,6.42,79.3,83.31,1016.78998,1010.69,3.36,3.88,90.85,123,0,0
604,2023/1/11 7:00,2023/1/11,7,0,50,0,0,0.29,0.0058,10.27,6.46,79.05,83.3,1017,1010.77002,3.33,3.86,97.07,123,14.04,0
605,2023/1/11 7:15,2023/1/11,7,15,50,0.12292,0.0024584,0.58,0.0116,10.44,6.51,78.29,83.28,1017.17999,1010.83002,3.3,3.85,117.07,124,26.13,7.1
606,2023/1/11 7:30,2023/1/11,7,30,50,1.39708,0.0279416,1.45,0.0289999999999999,10.45,6.56,78.23,83.27,1017.19,1010.87,3.27,3.83,113.16,124,50.67,20.9
607,2023/1/11 7:45,2023/1/11,7,45,50,3.49007,0.0698014,2.9,0.0579999999999999,10.71,6.61,78.07,83.25,1017.32001,1010.88,3.23,3.81,93.13,124,84.79,68.05
608,2023/1/11 8:00,2023/1/11,8,0,50,2.64652,0.0529304,5.72,0.1144,10.88,6.75,77.61,82.93,1017.32001,1010.87,3.17,3.79,75.38,124,125.64,69.72
609,2023/1/11 8:15,2023/1/11,8,15,50,3.89328,0.0778656,8.04,0.1607999999999999,10.87,7.05,77.29,82.06,1017.44,1010.83002,3.1,3.76,105.5,123,170.35001,73.03
610,2023/1/11 8:30,2023/1/11,8,30,50,4.79872,0.0959744,10.37,0.2073999999999999,11.36,7.48,77.6,80.75,1017.35999,1010.78003,3.02,3.72,83.07,122,216.06,97.57
611,2023/1/11 8:45,2023/1/11,8,45,50,7.18232,0.1436464,12.14,0.2428,11.98,8.03,76.19,79.07,1017.37,1010.71002,2.93,3.68,97.35,120,259.89999,132.64
612,2023/1/11 9:00,2023/1/11,9,0,50,8.57692,0.1715383999999999,14.23,0.2846,12.41,8.65,75.79,77.12,1017.28003,1010.62,2.82,3.63,86.63,118,299.03,178.83
613,2023/1/11 9:15,2023/1/11,9,15,50,6.87621,0.1375242,16.280001,0.32560002,12.69,9.33,74.54,74.99,1017.20001,1010.52002,2.71,3.58,85.14,116,330.57999,149.52
614,2023/1/11 9:30,2023/1/11,9,30,50,8.15895,0.163179,17.66,0.3532,12.89,10.05,74.9,72.77,1017.34998,1010.40002,2.6,3.53,84.04,113,353.25,161.60001
615,2023/1/11 9:45,2023/1/11,9,45,50,13.942,0.27884,19.360001,0.38720002,13.23,10.78,74.61,70.56,1017.52002,1010.28003,2.48,3.47,99.52,111,374.63,190.51
616,2023/1/11 10:00,2023/1/11,10,0,50,31.9527,0.639054,21.26,0.4252,13.54,11.5,75.89,68.44,1017.28998,1010.14001,2.36,3.41,122.69,108,395.95001,459.72
617,2023/1/11 10:15,2023/1/11,10,15,50,33.3267,0.6665340000000001,22.51,0.4502,15.26,12.18,73.33,66.5,1017.08002,1010.01001,2.25,3.35,87.22,105,416.95001,512.58002
618,2023/1/11 10:30,2023/1/11,10,30,50,35.0857,0.7017140000000001,24.059999,0.48119998,15.98,12.8,70.62,64.84,1016.94,1009.85999,2.14,3.29,104.33,103,437.39999,426.26999
619,2023/1/11 10:45,2023/1/11,10,45,50,32.4483,0.648966,26.33,0.5266,16.94,13.33,69.11,63.56,1016.73999,1009.71997,2.03,3.23,164.67,101,457.04999,583.33002
620,2023/1/11 11:00,2023/1/11,11,0,50,38.5154,0.770308,27.309999,0.54619998,17.03,13.84,68.04,62.46,1016.65002,1009.53998,1.92,3.16,129.44,98,475.66,382.60998
621,2023/1/11 11:15,2023/1/11,11,15,50,38.5918,0.771836,28.49,0.5698,17.84,14.38,68.36,61.35,1016.45001,1009.28998,1.8,3.09,119.77,96,492.98999,627.65002
622,2023/1/11 11:30,2023/1/11,11,30,50,38.9104,0.778208,29.030001,0.58060002,18.48,14.94,65.14,60.24,1016.01001,1008.98999,1.67,3.01,133.14999,93,508.79999,630.48999
623,2023/1/11 11:45,2023/1/11,11,45,50,39.1135,0.78227,29.540001,0.59080002,18.92,15.5,65.13,59.16,1015.97998,1008.65002,1.53,2.92,168.39999,90,522.84003,632.5
624,2023/1/11 12:00,2023/1/11,12,0,50,40.0446,0.800892,29.790001,0.59580002,19.28,16.06,64.5,58.12,1015.46997,1008.29999,1.4,2.84,147.69,87,534.88,647.38
625,2023/1/11 12:15,2023/1/11,12,15,50,37.9532,0.7590640000000001,30.01,0.6002000000000001,19.58,16.59,63.52,57.15,1014.76001,1007.91998,1.26,2.75,159.89999,83,544.65997,660.78003
626,2023/1/11 12:30,2023/1/11,12,30,50,40.6063,0.8121259999999999,29.799999,0.59599998,19.71,17.08,63.97,56.26,1014.45001,1007.56,1.14,2.65,161.92,80,551.94,652.78998
627,2023/1/11 12:45,2023/1/11,12,45,50,34.8478,0.696956,28.620001,0.57240002,19.65,17.51,63.58,55.49,1014.53003,1007.20001,1.03,2.56,124.27,77,556.48999,800.60999
628,2023/1/11 13:00,2023/1/11,13,0,50,25.3047,0.506094,27.58,0.5516,20.07,17.88,64.03,54.85,1013.84003,1006.88,0.94,2.46,169.57001,73,558.06,374.19
629,2023/1/11 13:15,2023/1/11,13,15,50,13.9067,0.278134,26.049999,0.52099998,19.94,18.16,65.17,54.37,1014,1006.59998,0.86,2.37,170.11,71,550.70001,678.29999
630,2023/1/11 13:30,2023/1/11,13,30,50,27.7154,0.554308,25.15,0.503,19.96,18.33,65.75,54.07,1013.70001,1006.38,0.82,2.28,141.42,69,530.40002,383.82999
631,2023/1/11 13:45,2023/1/11,13,45,50,12.4581,0.249162,23.790001,0.47580002,20.39,18.4,64.07,53.96,1013.29999,1006.22998,0.8,2.19,157.53,67,499.81,268.67999
632,2023/1/11 14:00,2023/1/11,14,0,50,12.8337,0.256674,22.860001,0.45720002,20.12,18.37,62.34,54.29,1013.34003,1006.12,0.81,2.1,82.22,67,461.60001,294.17001
633,2023/1/11 14:15,2023/1/11,14,15,50,20.4356,0.408712,21.35,0.427,19.99,18.28,61.86,55.21,1012.75,1006.01001,0.82,2,128.45,67,418.42999,300.78
634,2023/1/11 14:30,2023/1/11,14,30,50,12.16,0.2432,19.639999,0.39279998,20.11,18.15,63.28,56.6,1012.73999,1005.90002,0.85,1.89,143.36999,68,372.97,363.41
635,2023/1/11 14:45,2023/1/11,14,45,50,10.2724,0.205448,17.690001,0.35380002,20.33,17.99,61.77,58.37,1012.77002,1005.81,0.88,1.77,130.41,71,327.88,214.17
636,2023/1/11 15:00,2023/1/11,15,0,50,10.6288,0.212576,15.94,0.3188,19.8,17.79,62.51,60.4,1012.20001,1005.71997,0.92,1.66,112.45,74,285.82001,213.78
637,2023/1/11 15:15,2023/1/11,15,15,50,16.041,0.32082,14.65,0.293,19.95,17.57,62.53,62.57,1012.28003,1005.63,0.96,1.55,114.64,78,249.45,141.11999
638,2023/1/11 15:30,2023/1/11,15,30,50,11.1986,0.223972,13.13,0.2626,19.78,17.33,62.26,64.79,1012.35999,1005.56,1,1.45,135.31,84,213.75,136.23
639,2023/1/11 15:45,2023/1/11,15,45,50,11.5384,0.2307679999999999,11.03,0.2206,19.52,17.09,62.55,66.95,1012.19,1005.5,1.05,1.36,61.27,90,173.76,215.35001
640,2023/1/11 16:00,2023/1/11,16,0,50,1.3677,0.027354,8.88,0.1776,19.94,16.85,62.62,68.93,1012.15997,1005.45001,1.09,1.28,82.49,97,132.28,167.35001
641,2023/1/11 16:15,2023/1/11,16,15,50,5.88232,0.1176464,5.89,0.1177999999999999,19.46,16.62,63.07,70.62,1012.22998,1005.40997,1.13,1.22,112.55,104,92.09,75.9
642,2023/1/11 16:30,2023/1/11,16,30,50,3.43087,0.0686174,2.94,0.0588,19.23,16.4,63.55,71.92,1012,1005.39001,1.16,1.18,127.28,110,55.98,81.23
643,2023/1/11 16:45,2023/1/11,16,45,50,2.71271,0.0542542,1.18,0.0236,18.95,16.21,63.71,72.72,1011.95001,1005.38,1.19,1.17,137.75,114,26.74,77.39
644,2023/1/11 17:00,2023/1/11,17,0,50,0.9169,0.018338,0.59,0.0118,18.49,16.03,64.56,73.23,1011.95001,1005.40002,1.22,1.17,154,116,0,29.87
645,2023/1/11 17:15,2023/1/11,17,15,50,0.26654,0.0053308,0,0,17.8,15.85,66.01,73.71,1011.79999,1005.44,1.24,1.2,135.86999,118,0,23.58
646,2023/1/11 17:30,2023/1/11,17,30,50,0,0,0,0,17.58,15.66,66.19,74.17,1011.71997,1005.51001,1.26,1.24,158.36,120,0,0
647,2023/1/11 17:45,2023/1/11,17,45,50,0,0,0,0,16.79,15.47,67.48,74.59,1011.73999,1005.59003,1.28,1.29,125.42,121,0,0
648,2023/1/11 18:00,2023/1/11,18,0,50,0,0,0,0,16.23,15.28,67.96,74.99,1011.63,1005.67999,1.3,1.35,166.28999,122,0,0
649,2023/1/11 18:15,2023/1/11,18,15,50,0,0,0,0,15.47,15.09,68.41,75.34,1011.66998,1005.78003,1.32,1.41,164.13001,122,0,0
650,2023/1/11 18:30,2023/1/11,18,30,50,0,0,0,0,15.26,14.91,69.07,75.65,1011.66998,1005.87,1.33,1.48,140.13001,122,0,0
651,2023/1/11 18:45,2023/1/11,18,45,50,0,0,0,0,14.81,14.74,69.51,75.91,1011.54999,1005.96997,1.35,1.56,5.74,123,0,0
652,2023/1/11 19:00,2023/1/11,19,0,50,0,0,0,0,14.16,14.58,69.82,76.12,1011.59003,1006.04999,1.37,1.63,5.92,123,0,0
653,2023/1/11 19:15,2023/1/11,19,15,50,0,0,0,0,13.78,14.44,71.24,76.28,1011.78998,1006.10999,1.39,1.7,160.82001,123,0,0
654,2023/1/11 19:30,2023/1/11,19,30,50,0,0,0,0,13.52,14.32,71.63,76.38,1011.89001,1006.15997,1.42,1.76,221.22,124,0,0
655,2023/1/11 19:45,2023/1/11,19,45,50,0,0,0,0,12.84,14.21,70.92,76.41,1011.98999,1006.16998,1.44,1.82,10.38,124,0,0
656,2023/1/11 20:00,2023/1/11,20,0,50,0,0,0,0,12.58,14.13,70.79,76.3,1012.10999,1006.15997,1.47,1.87,250.8,125,0,0
657,2023/1/11 20:15,2023/1/11,20,15,50,0,0,0,0,12.45,14.05,70.61,75.98,1012.21002,1006.14001,1.51,1.93,241.67,125,0,0
658,2023/1/11 20:30,2023/1/11,20,30,50,0,0,0,0,12.06,13.97,70.56,75.5,1012.53003,1006.09998,1.56,2,313.70999,126,0,0
659,2023/1/11 20:45,2023/1/11,20,45,50,0,0,0,0,11.66,13.91,70.74,74.9,1012.44,1006.04999,1.61,2.07,42.12,126,0,0
660,2023/1/11 21:00,2023/1/11,21,0,50,0,0,0,0,11.32,13.84,71.57,74.22,1012.53003,1005.98999,1.66,2.13,166.28,127,0,0
661,2023/1/11 21:15,2023/1/11,21,15,50,0,0,0,0,11.11,13.78,71.19,73.5,1012.53998,1005.91998,1.71,2.2,197.82001,127,0,0
662,2023/1/11 21:30,2023/1/11,21,30,50,0,0,0,0,10.99,13.73,71.62,72.77,1012.87,1005.84998,1.76,2.26,129.01,128,0,0
663,2023/1/11 21:45,2023/1/11,21,45,50,0,0,0,0,10.85,13.67,73.16,72.09,1012.65997,1005.78003,1.8,2.31,115.75,128,0,0
664,2023/1/11 22:00,2023/1/11,22,0,50,0,0,0,0,10.84,13.62,74.43,71.49,1012.5,1005.71002,1.84,2.35,157.06,128,0,0
665,2023/1/11 22:15,2023/1/11,22,15,50,0,0,0,0,10.52,13.57,73.39,71.01,1012.40997,1005.64001,1.87,2.39,243.16,128,0,0
666,2023/1/11 22:30,2023/1/11,22,30,50,0,0,0,0,10.52,13.51,72.88,70.69,1012.25,1005.58002,1.89,2.41,182.32001,129,0,0
667,2023/1/11 22:45,2023/1/11,22,45,50,0,0,0,0,10.74,13.45,72.09,70.58,1012.21002,1005.52002,1.9,2.42,228.13001,129,0,0
668,2023/1/11 23:00,2023/1/11,23,0,50,0,0,0,0,11.01,13.39,71.14,70.69,1012.09003,1005.46997,1.88,2.41,216.38001,129,0,0
669,2023/1/11 23:15,2023/1/11,23,15,50,0,0,0,0,11.13,13.33,70.72,71.02,1012.21002,1005.41998,1.84,2.39,224.25,128,0,0
670,2023/1/11 23:30,2023/1/11,23,30,50,0,0,0,0,11.12,13.27,71.26,71.52,1012.28998,1005.37,1.77,2.37,144.71001,128,0,0
671,2023/1/11 23:45,2023/1/11,23,45,50,0,0,0,0,11.28,13.21,71.89,72.15,1012.13,1005.32001,1.69,2.33,136.86999,128,0,0
672,2023/1/15 0:00,2023/1/15,0,0,50,0,0,0,0,8.63953,9.08,90.6275,84.06,1012.97749,1007.97998,0.88661,3.08,78.04125,64,0,0
673,2023/1/15 0:15,2023/1/15,0,15,50,0,0,0,0,7.85738,8.85,85.76188,84.12,1009.42937,1008.17999,0.77165,2.9,78.16031,58,0,0
674,2023/1/15 0:30,2023/1/15,0,30,50,0,0,0,0,7.17,8.61,84.2,84.2,1008.37,1008.37,0.5,2.72,73.7,50,0,0
675,2023/1/15 0:45,2023/1/15,0,45,50,0,0,0,0,7.51,8.38,84.28,84.28,1008.56,1008.56,0.4,2.55,70.79,42,0,0
676,2023/1/15 1:00,2023/1/15,1,0,50,0,0,0,0,6.89,8.15,84.38,84.38,1008.73999,1008.73999,0.9,2.4,67.43,32,0,0
677,2023/1/15 1:15,2023/1/15,1,15,50,0,0,0,0,6.62,7.93,84.48,84.48,1008.90997,1008.90997,0.3,2.28,80,24,0,0
678,2023/1/15 1:30,2023/1/15,1,30,50,0,0,0,0,6.14,7.7,84.58,84.58,1009.06,1009.06,0.9,2.21,39.83,18,0,0
679,2023/1/15 1:45,2023/1/15,1,45,50,0,0,0,0,6.08,7.49,84.7,84.7,1009.20001,1009.20001,1.2,2.18,326.42999,14,0,0
680,2023/1/15 2:00,2023/1/15,2,0,50,0,0,0,0,5.8,7.27,84.94,84.94,1009.32001,1009.32001,1.3,2.21,69.5,11,0,0
681,2023/1/15 2:15,2023/1/15,2,15,50,0,0,0,0,5.6,7.04,85.4,85.4,1009.41998,1009.41998,0.5,2.29,51.49,9,0,0
682,2023/1/15 2:30,2023/1/15,2,30,50,0,0,0,0,5.4,6.8,86.02,86.02,1009.52002,1009.52002,1.9,2.41,60.63,7,0,0
683,2023/1/15 2:45,2023/1/15,2,45,50,0,0,0,0,5.67,6.56,86.77,86.77,1009.60999,1009.60999,1.3,2.56,34.24,6,0,0
684,2023/1/15 3:00,2023/1/15,3,0,50,0,0,0,0,4.85,6.33,87.6,87.6,1009.70001,1009.70001,1.5,2.73,71.72,4,0,0
685,2023/1/15 3:15,2023/1/15,3,15,50,0,0,0,0,4.44,6.1,88.46,88.46,1009.78003,1009.78003,2.1,2.92,35.39,3,0,0
686,2023/1/15 3:30,2023/1/15,3,30,50,0,0,0,0,3.62,5.88,89.32,89.32,1009.85999,1009.85999,1.3,3.1,48.51,2,0,0
687,2023/1/15 3:45,2023/1/15,3,45,50,0,0,0,0,3.42,5.67,90.12,90.12,1009.95001,1009.95001,2.6,3.27,32.96,2,0,0
688,2023/1/15 4:00,2023/1/15,4,0,50,0,0,0,0,3.42,5.47,90.82,90.82,1010.03998,1010.03998,2.8,3.42,50.14,1,0,0
689,2023/1/15 4:15,2023/1/15,4,15,50,0,0,0,0,4.1,5.3,91.37,91.37,1010.15002,1010.15002,2,3.55,70.43,1,0,0
690,2023/1/15 4:30,2023/1/15,4,30,50,0,0,0,0,3.49,5.14,91.74,91.74,1010.26001,1010.26001,1,3.63,72.23,1,0,0
691,2023/1/15 4:45,2023/1/15,4,45,50,0,0,0,0,3.56,5.02,91.87,91.87,1010.39001,1010.39001,0.7,3.66,71.29,1,0,0
692,2023/1/15 5:00,2023/1/15,5,0,50,0,0,0,0,3.35,4.91,91.81,91.81,1010.54999,1010.54999,0.5,3.65,33.83,1,0,0
693,2023/1/15 5:15,2023/1/15,5,15,50,0,0,0,0,3.08,4.8,91.64,91.64,1010.72998,1010.72998,1.4,3.64,9.84,2,0,0
694,2023/1/15 5:30,2023/1/15,5,30,50,0,0,0,0,3.35,4.7,91.38,91.38,1010.95001,1010.95001,0.9,3.62,57.63,3,0,0
695,2023/1/15 5:45,2023/1/15,5,45,50,0,0,0,0,2.81,4.61,91.05,91.05,1011.17999,1011.17999,0.9,3.59,26.71,4,0,0
696,2023/1/15 6:00,2023/1/15,6,0,50,0,0,0,0,2.67,4.52,90.67,90.67,1011.42999,1011.42999,1,3.56,70.85,6,0,0
697,2023/1/15 6:15,2023/1/15,6,15,50,0,0,0,0,2.46,4.43,90.26,90.26,1011.69,1011.69,1.1,3.52,34.88,8,0,0
698,2023/1/15 6:30,2023/1/15,6,30,50,0,0,0,0,2.46,4.36,89.85,89.85,1011.95001,1011.95001,1.4,3.48,42.07,10,0,0
699,2023/1/15 6:45,2023/1/15,6,45,50,0,0,0.03,0.0006,3.01,4.29,89.44,89.44,1012.21002,1012.21002,0.7,3.44,68.59,12,0,0
700,2023/1/15 7:00,2023/1/15,7,0,50,0,0,0.06,0.0012,3.08,4.23,89.06,89.06,1012.45001,1012.45001,1.2,3.39,74.69,13,0,0
701,2023/1/15 7:15,2023/1/15,7,15,50,0,0,0.15,0.003,2.67,4.17,88.73,88.73,1012.69,1012.69,0.7,3.35,65.43,15,0,2.93
702,2023/1/15 7:30,2023/1/15,7,30,50,0,0,0.31,0.0062,2.81,4.13,88.47,88.47,1012.90002,1012.90002,0.8,3.3,71.94,16,0,8.93
703,2023/1/15 7:45,2023/1/15,7,45,50,0,0,0.4,0.008,3.15,4.09,88.31,88.31,1013.08002,1013.08002,0.7,3.26,79.26,16,0,11.37
704,2023/1/15 8:00,2023/1/15,8,0,50,0,0,0.51,0.0102,3.08,4.05,88.2,88.2,1013.25,1013.25,1.1,3.21,79.84,17,13.5,4.28
705,2023/1/15 8:15,2023/1/15,8,15,50,0.13936,0.0027872,0.59,0.0118,2.94,4.02,88.12,88.12,1013.42999,1013.42999,0.4,3.16,79.55,17,18.31,17.37
706,2023/1/15 8:30,2023/1/15,8,30,50,0.13549,0.0027098,0.68,0.0136,3.08,4,88.05,88.05,1013.60999,1013.60999,0.9,3.09,79.48,17,23.28,20.1
707,2023/1/15 8:45,2023/1/15,8,45,50,0.54487,0.0108974,0.75,0.015,3.49,3.98,87.99,87.99,1013.78003,1013.78003,1.2,3.02,79.86,18,28.14,11.37
708,2023/1/15 9:00,2023/1/15,9,0,50,0.62577,0.0125154,0.84,0.0168,3.22,3.96,87.94,87.94,1013.96002,1013.96002,1.3,2.95,82.2,18,32.59,22.52
709,2023/1/15 9:15,2023/1/15,9,15,50,1.02877,0.0205754,0.97,0.0194,3.22,3.94,87.89,87.89,1014.12,1014.12,1.9,2.88,79.69,18,36.35,13.96
710,2023/1/15 9:30,2023/1/15,9,30,50,1.68014,0.0336028,1.04,0.0208,3.22,3.92,87.85,87.85,1014.27002,1014.27002,0.6,2.81,79.84,18,39.29,24.95
711,2023/1/15 9:45,2023/1/15,9,45,50,1.52306,0.0304612,1.16,0.0232,3.08,3.9,87.79,87.79,1014.40002,1014.40002,0.7,2.75,67.27,19,42.18,27.54
712,2023/1/15 10:00,2023/1/15,10,0,50,1.25241,0.0250482,1.38,0.0276,3.01,3.89,87.73,87.73,1014.51001,1014.51001,1.6,2.69,54.54,19,45.14,30.15
713,2023/1/15 10:15,2023/1/15,10,15,50,1.45902,0.0291804,1.58,0.0316,3.49,3.86,87.65,87.65,1014.59003,1014.59003,1.2,2.65,75.59,19,48.11,16.38
714,2023/1/15 10:30,2023/1/15,10,30,50,1.32895,0.026579,1.78,0.0356,3.01,3.84,87.55,87.55,1014.65002,1014.65002,1.6,2.63,76.95,19,51.05,13.59
715,2023/1/15 10:45,2023/1/15,10,45,50,2.08792,0.0417584,1.89,0.0378,2.94,3.81,87.43,87.43,1014.65997,1014.65997,1,2.62,76.05,18,53.91,31.17
716,2023/1/15 11:00,2023/1/15,11,0,50,3.31877,0.0663754,2.14,0.0428,2.87,3.78,87.16,87.16,1014.64001,1014.64001,0.8,2.63,66.69,17,56.67,20.29
717,2023/1/15 11:15,2023/1/15,11,15,50,2.51531,0.0503061999999999,2.32,0.0464,3.49,3.75,86.65,86.65,1014.56,1014.56,0.8,2.68,79.5,15,59.26,14.85
718,2023/1/15 11:30,2023/1/15,11,30,50,2.35366,0.0470732,2.46,0.0492,2.6,3.71,85.93,85.93,1014.45001,1014.45001,1.1,2.74,43.97,13,61.65,37.76
719,2023/1/15 11:45,2023/1/15,11,45,50,1.7936,0.035872,2.61,0.0521999999999999,2.19,3.67,85.05,85.05,1014.31,1014.31,1.3,2.82,109.22,9,63.79,29.65
720,2023/1/15 12:00,2023/1/15,12,0,50,1.26442,0.0252884,2.68,0.0536,2.05,3.64,84.05,84.05,1014.15997,1014.15997,0.9,2.92,35.29,6,65.64,18.86
721,2023/1/15 12:15,2023/1/15,12,15,50,1.52754,0.0305508,2.69,0.0538,1.78,3.59,82.96,82.96,1013.98999,1013.98999,1.3,3.02,324.14999,2,67.16,51.19
722,2023/1/15 12:30,2023/1/15,12,30,50,1.44558,0.0289116,2.59,0.0518,1.71,3.55,81.82,81.82,1013.82001,1013.82001,1.3,3.12,27.51,358,68.3,63.29
723,2023/1/15 12:45,2023/1/15,12,45,50,3.23662,0.0647324,2.58,0.0516,1.85,3.5,80.67,80.67,1013.65997,1013.65997,2.2,3.21,305.42999,355,69.01,55.26
724,2023/1/15 13:00,2023/1/15,13,0,50,4.27547,0.0855094,2.51,0.0501999999999999,1.3,3.45,79.55,79.55,1013.52002,1013.52002,3.4,3.29,49.22,353,69.26,59.36
725,2023/1/15 13:15,2023/1/15,13,15,50,2.76203,0.0552406,2.42,0.0484,1.3,3.4,78.5,78.5,1013.40997,1013.40997,3.1,3.36,45.4,350,68.27,82.35
726,2023/1/15 13:30,2023/1/15,13,30,50,5.1078,0.102156,2.34,0.0467999999999999,1.44,3.34,77.56,77.56,1013.34003,1013.34003,0.7,3.4,16.24,349,65.56,81.13
727,2023/1/15 13:45,2023/1/15,13,45,50,2.80421,0.0560842,2.16,0.0432,1.17,3.29,76.77,76.77,1013.31,1013.31,2.2,3.42,28.75,347,61.49,79.95
728,2023/1/15 14:00,2023/1/15,14,0,50,4.15943,0.0831886,1.76,0.0352,1.44,3.21,76.05,76.05,1013.34003,1013.34003,1.6,3.42,70.46,346,56.43,100.5
729,2023/1/15 14:15,2023/1/15,14,15,50,5.68564,0.1137128,1.57,0.0314,1.24,3.12,75.28,75.28,1013.41998,1013.41998,0.9,3.42,51.74,346,50.75,94.01
730,2023/1/15 14:30,2023/1/15,14,30,50,4.05752,0.0811504,1.37,0.0274,1.58,3.01,74.5,74.5,1013.53998,1013.53998,1.9,3.41,32.11,345,44.81,82.07
731,2023/1/15 14:45,2023/1/15,14,45,50,3.6789,0.073578,1.23,0.0246,1.1,2.89,73.72,73.72,1013.69,1013.69,0.8,3.41,29.72,344,38.99,71.46
732,2023/1/15 15:00,2023/1/15,15,0,50,2.44096,0.0488192,1.1,0.022,1.1,2.76,72.95,72.95,1013.87,1013.87,1.1,3.41,41.22,343,33.65,64.93
733,2023/1/15 15:15,2023/1/15,15,15,50,1.97929,0.0395858,0.91,0.0182,1.24,2.64,72.23,72.23,1014.07001,1014.07001,3.1,3.41,68.76,342,29.15,51.44
734,2023/1/15 15:30,2023/1/15,15,30,50,1.61701,0.0323402,0.79,0.0158,1.99,2.52,71.57,71.57,1014.27002,1014.27002,0.8,3.4,50.97,342,24.91,40.63
735,2023/1/15 15:45,2023/1/15,15,45,50,0.79893,0.0159786,0.64,0.0128,1.44,2.4,70.98,70.98,1014.47998,1014.47998,0.8,3.4,64.31,341,20.28,19.78
736,2023/1/15 16:00,2023/1/15,16,0,50,0.46898,0.0093796,0.53,0.0106,1.37,2.31,70.49,70.49,1014.67999,1014.67999,0.6,3.4,68.54,341,15.54,25.67
737,2023/1/15 16:15,2023/1/15,16,15,50,0.78757,0.0157514,0.4,0.008,1.58,2.23,70.12,70.12,1014.85999,1014.85999,0.4,3.39,59.74,340,10.97,30.29
738,2023/1/15 16:30,2023/1/15,16,30,50,0.58378,0.0116756,0.2,0.004,1.71,2.18,69.88,69.88,1015.02002,1015.02002,0.6,3.39,68.59,340,0,13.01
739,2023/1/15 16:45,2023/1/15,16,45,50,0,0,0.08,0.0016,1.65,2.17,69.8,69.8,1015.14001,1015.14001,0.8,3.38,76.66,340,0,15.56
740,2023/1/15 17:00,2023/1/15,17,0,50,0,0,0.04,0.0008,1.71,2.17,69.82,69.82,1015.25,1015.25,0.7,3.34,67.88,340,0,2.98
741,2023/1/15 17:15,2023/1/15,17,15,50,0,0,0,0,2.26,2.17,69.88,69.88,1015.34003,1015.34003,1.3,3.24,82.85,340,0,2.96
742,2023/1/15 17:30,2023/1/15,17,30,50,0,0,0,0,1.65,2.18,69.96,69.96,1015.42999,1015.42999,1.2,3.08,76.02,340,0,4.35
743,2023/1/15 17:45,2023/1/15,17,45,50,0,0,0,0,1.58,2.19,70.07,70.07,1015.51001,1015.51001,1,2.89,69.37,341,0,0
744,2023/1/15 18:00,2023/1/15,18,0,50,0,0,0,0,2.05,2.19,70.2,70.2,1015.59003,1015.59003,0.9,2.67,63.77,342,0,0
745,2023/1/15 18:15,2023/1/15,18,15,50,0,0,0,0,1.44,2.2,70.33,70.33,1015.66998,1015.66998,0.5,2.45,69.8,343,0,0
746,2023/1/15 18:30,2023/1/15,18,30,50,0,0,0,0,1.85,2.21,70.46,70.46,1015.75,1015.75,1.5,2.22,68.05,345,0,0
747,2023/1/15 18:45,2023/1/15,18,45,50,0,0,0,0,1.3,2.22,70.58,70.58,1015.82001,1015.82001,0.3,2,39.81,347,0,0
748,2023/1/15 19:00,2023/1/15,19,0,50,0,0,0,0,1.37,2.23,70.69,70.69,1015.90002,1015.90002,1.5,1.81,68.59,349,0,0
749,2023/1/15 19:15,2023/1/15,19,15,50,0,0,0,0,1.85,2.24,70.78,70.78,1015.96997,1015.96997,1.8,1.66,64.7,350,0,0
750,2023/1/15 19:30,2023/1/15,19,30,50,0,0,0,0,1.37,2.24,70.84,70.84,1016.06,1016.06,1,1.56,35.41,352,0,0
751,2023/1/15 19:45,2023/1/15,19,45,50,0,0,0,0,1.3,2.24,70.86,70.86,1016.14001,1016.14001,0.9,1.53,59.01,352,0,0
752,2023/1/15 20:00,2023/1/15,20,0,50,0,0,0,0,0.83,2.24,70.79,70.79,1016.23999,1016.23999,0.6,1.54,68.27,352,0,0
753,2023/1/15 20:15,2023/1/15,20,15,50,0,0,0,0,0.69,2.23,70.62,70.62,1016.34998,1016.34998,1.1,1.58,67.28,352,0,0
754,2023/1/15 20:30,2023/1/15,20,30,50,0,0,0,0,0.55,2.21,70.35,70.35,1016.46997,1016.46997,1.4,1.64,71.38,352,0,0
755,2023/1/15 20:45,2023/1/15,20,45,50,0,0,0,0,0.76,2.19,70,70,1016.59003,1016.59003,0.9,1.71,18.93,351,0,0
756,2023/1/15 21:00,2023/1/15,21,0,50,0,0,0,0,0.35,2.16,69.59,69.59,1016.71002,1016.71002,1.1,1.79,68.86,350,0,0
757,2023/1/15 21:15,2023/1/15,21,15,50,0,0,0,0,0.76,2.13,69.15,69.15,1016.83002,1016.83002,1.2,1.88,53.3,350,0,0
758,2023/1/15 21:30,2023/1/15,21,30,50,0,0,0,0,0.08,2.09,68.69,68.69,1016.95001,1016.95001,1.1,1.96,64.19,349,0,0
759,2023/1/15 21:45,2023/1/15,21,45,50,0,0,0,0,0.42,2.05,68.23,68.23,1017.04999,1017.04999,0.8,2.05,52.6,348,0,0
760,2023/1/15 22:00,2023/1/15,22,0,50,0,0,0,0,-0.13,2.01,67.8,67.8,1017.15002,1017.15002,1.8,2.12,52.18,348,0,0
761,2023/1/15 22:15,2023/1/15,22,15,50,0,0,0,0,0.01,1.96,67.4,67.4,1017.21997,1017.21997,0.6,2.17,52.28,347,0,0
762,2023/1/15 22:30,2023/1/15,22,30,50,0,0,0,0,0.08,1.92,67.06,67.06,1017.28003,1017.28003,0.8,2.21,53.15,347,0,0
763,2023/1/15 22:45,2023/1/15,22,45,50,0,0,0,0,0.01,1.87,66.8,66.8,1017.32001,1017.32001,1.3,2.23,53.06,346,0,0
764,2023/1/15 23:00,2023/1/15,23,0,50,0,0,0,0,0.14,1.81,66.59,66.59,1017.34998,1017.34998,1.4,2.23,52.96,346,0,0
765,2023/1/15 23:15,2023/1/15,23,15,50,0,0,0,0,-0.27,1.72,66.37,66.37,1017.37,1017.37,0.7,2.22,53.01,345,0,0
766,2023/1/15 23:30,2023/1/15,23,30,50,0,0,0,0,0.28,1.62,66.15,66.15,1017.39001,1017.39001,0.5,2.22,53.08,345,0,0
767,2023/1/15 23:45,2023/1/15,23,45,50,0,0,0,0,0.28,1.5,65.94,65.94,1017.40997,1017.40997,0.5,2.21,52.96,344,0,0
768,2023/3/10 0:00,2023/3/10,0,0,50,0,0,0,0,13.745,14.32,59.72125,87.64,1014.00999,1007.84998,1.46569,1.11,196.34006,217,0,0
769,2023/3/10 0:15,2023/3/10,0,15,50,0,0,0,0,13.37875,14.33,58.72281,87.17,1013.90501,1007.75,1.29142,0.98,248.08251,217,0,0
770,2023/3/10 0:30,2023/3/10,0,30,50,0,0,0,0,13.24,14.34,58.36,86.71,1013.87,1007.64001,1.13,0.86,272.53,218,0,0
771,2023/3/10 0:45,2023/3/10,0,45,50,0,0,0,0,13,14.35,58.45,86.26,1013.85999,1007.53998,0.99,0.75,338.44,218,0,0
772,2023/3/10 1:00,2023/3/10,1,0,50,0,0,0,0,12.9,14.36,58.72,85.87,1013.95001,1007.42999,0.87,0.66,325.41,218,0,0
773,2023/3/10 1:15,2023/3/10,1,15,50,0,0,0,0,12.69,14.36,59.47,85.56,1013.87,1007.33002,0.78,0.58,327.60001,217,0,0
774,2023/3/10 1:30,2023/3/10,1,30,50,0,0,0,0,12.42,14.37,60.46,85.36,1013.79999,1007.23999,0.71,0.53,16.3,213,0,0
775,2023/3/10 1:45,2023/3/10,1,45,50,0,0,0,0,12.12,14.37,63.2,85.28,1013.77002,1007.16998,0.69,0.51,126.43,206,0,0
776,2023/3/10 2:00,2023/3/10,2,0,50,0,0,0,0,12.01,14.29,62.01,85.41,1013.64001,1007.09998,0.7,0.53,71.47,195,0,0
777,2023/3/10 2:15,2023/3/10,2,15,50,0,0,0,0,11.88,14.06,62.71,85.75,1013.67999,1007.03003,0.71,0.58,152.28999,182,0,0
778,2023/3/10 2:30,2023/3/10,2,30,50,0,0,0,0,11.58,13.73,64.1,86.26,1013.64001,1006.96002,0.74,0.66,148.44,169,0,0
779,2023/3/10 2:45,2023/3/10,2,45,50,0,0,0,0,11.42,13.31,62.32,86.91,1013.52002,1006.88,0.78,0.77,196.3,159,0,0
780,2023/3/10 3:00,2023/3/10,3,0,50,0,0,0,0,11.28,12.83,61.67,87.64,1013.52002,1006.81,0.83,0.89,169.74,151,0,0
781,2023/3/10 3:15,2023/3/10,3,15,50,0,0,0,0,11,12.32,62.96,88.41,1013.44,1006.73999,0.88,1.02,231.60001,146,0,0
782,2023/3/10 3:30,2023/3/10,3,30,50,0,0,0,0,11.07,11.81,61.81,89.19,1013.35999,1006.67999,0.93,1.17,175.89999,142,0,0
783,2023/3/10 3:45,2023/3/10,3,45,50,0,0,0,0,10.86,11.34,61.84,89.92,1013.22998,1006.63,0.98,1.31,10.86,139,0,0
784,2023/3/10 4:00,2023/3/10,4,0,50,0,0,0,0,10.62,10.91,63.61,90.57,1013.28003,1006.58002,1.04,1.45,336.75,136,0,0
785,2023/3/10 4:15,2023/3/10,4,15,50,0,0,0,0,10.56,10.58,67.01,91.08,1013.32001,1006.53998,1.09,1.59,56.02,134,0,0
786,2023/3/10 4:30,2023/3/10,4,30,50,0,0,0,0,10.4,10.35,65.62,91.42,1013.52002,1006.52002,1.13,1.71,82.67,132,0,0
787,2023/3/10 4:45,2023/3/10,4,45,50,0,0,0,0,10.4,10.27,70.33,91.55,1013.44,1006.51001,1.17,1.81,72.49,129,0,0
788,2023/3/10 5:00,2023/3/10,5,0,50,0,0,0,0,10.35,10.32,71.5,91.33,1013.52002,1006.53998,1.2,1.91,66.18,127,0,0
789,2023/3/10 5:15,2023/3/10,5,15,50,0,0,0,0,10.27,10.46,70.33,90.73,1013.47998,1006.62,1.23,2.02,67.55,125,0,0
790,2023/3/10 5:30,2023/3/10,5,30,50,0,0,0,0,10.21,10.67,70.39,89.78,1013.64001,1006.73999,1.27,2.13,87.58,123,0,0
791,2023/3/10 5:45,2023/3/10,5,45,50,0,0,0,0,10.12,10.96,68.47,88.54,1013.64001,1006.88,1.3,2.24,167.10001,120,0,0
792,2023/3/10 6:00,2023/3/10,6,0,50,0,0,0,0,10.01,11.3,67.85,87.05,1013.64001,1007.04999,1.33,2.35,175.05,119,0,0
793,2023/3/10 6:15,2023/3/10,6,15,50,0,0,0.27,0.0054,9.83,11.7,67.31,85.35,1013.71997,1007.21997,1.36,2.45,127.26,117,0,0
794,2023/3/10 6:30,2023/3/10,6,30,50,0,0,0.54,0.0108,9.95,12.13,66.86,83.5,1013.78998,1007.40002,1.39,2.55,139.42,115,12.26,2.92
795,2023/3/10 6:45,2023/3/10,6,45,50,1.15704,0.0231408,1.35,0.027,9.85,12.6,68.63,81.54,1013.78998,1007.57001,1.42,2.63,73.16,114,33.4,19.53
796,2023/3/10 7:00,2023/3/10,7,0,50,2.76846,0.0553692,2.7,0.054,9.91,13.09,69.09,79.52,1013.90997,1007.71002,1.45,2.7,67.22,113,57.58,52.52
797,2023/3/10 7:15,2023/3/10,7,15,50,4.9804,0.099608,5.09,0.1018,10.85,13.59,69.34,77.49,1013.84003,1007.83002,1.47,2.76,277.19,112,91.44,102.26
798,2023/3/10 7:30,2023/3/10,7,30,50,7.72247,0.1544494,8.21,0.1642,11.25,14.09,68.06,75.5,1014.02002,1007.90997,1.49,2.79,222.07001,111,137.44,129.78
799,2023/3/10 7:45,2023/3/10,7,45,50,10.6778,0.213556,11.74,0.2348,12.68,14.59,67.66,73.58,1014.09003,1007.92999,1.5,2.8,166.34,111,192.31,190.78999
800,2023/3/10 8:00,2023/3/10,8,0,50,13.6247,0.272494,14.98,0.2996,14.45,15.15,68.14,71.57,1014.34998,1007.92999,1.51,2.79,150.61999,110,252.78999,244.11
801,2023/3/10 8:15,2023/3/10,8,15,50,16.9254,0.338508,17.65,0.353,15.41,15.84,69.4,69.28,1014.29999,1007.90997,1.52,2.77,92.19,109,315.60998,279.10998
802,2023/3/10 8:30,2023/3/10,8,30,50,20.3256,0.406512,20.870001,0.41740002,17.19,16.63,70.38,66.78,1014.51001,1007.88,1.53,2.73,99.81,107,377.48999,359.97
803,2023/3/10 8:45,2023/3/10,8,45,50,23.419,0.46838,24.1,0.482,18.65,17.49,69.03,64.12,1014.48999,1007.84998,1.53,2.68,133.36,106,435.16,427.28
804,2023/3/10 9:00,2023/3/10,9,0,50,26.2884,0.525768,26.870001,0.53740002,19.74,18.4,67.38,61.36,1014.09003,1007.79999,1.54,2.62,139.46001,103,485.35998,479.73999
805,2023/3/10 9:15,2023/3/10,9,15,50,28.7606,0.5752120000000001,29.16,0.5832,20.91,19.32,64.44,58.56,1014.03003,1007.75,1.54,2.56,107.4,101,524.81,535.34998
806,2023/3/10 9:30,2023/3/10,9,30,50,31.2436,0.624872,31.1,0.622,22.07,20.24,61.81,55.78,1014.28003,1007.69,1.55,2.5,140.83,98,552.22998,585
807,2023/3/10 9:45,2023/3/10,9,45,50,33.1643,0.6632859999999999,33.389999,0.6677999800000001,23.21,21.12,60.09,53.08,1014.19,1007.62,1.56,2.44,94.56,95,577.41998,620.16998
808,2023/3/10 10:00,2023/3/10,10,0,50,35.1239,0.7024779999999999,35.709999,0.7141999800000001,24.23,21.93,58.4,50.51,1013.95001,1007.54999,1.56,2.38,140.53999,91,602.03003,654.90997
809,2023/3/10 10:15,2023/3/10,10,15,50,36.671,0.73342,36.98,0.7395999999999999,25.46,22.65,55.39,48.14,1013.87,1007.46997,1.57,2.34,134.73,88,625.84998,701.73999
810,2023/3/10 10:30,2023/3/10,10,30,50,37.8597,0.7571939999999999,38.290001,0.7658000199999999,26.56,23.25,53.59,46.01,1013.71002,1007.39001,1.58,2.3,150.08,85,648.67999,740.71002
811,2023/3/10 10:45,2023/3/10,10,45,50,38.994,0.77988,39.419998,0.78839996,27.22,23.7,52.8,44.2,1013.63,1007.29999,1.6,2.28,93.31,81,670.31,756.79999
812,2023/3/10 11:00,2023/3/10,11,0,50,39.7867,0.795734,40.400002,0.80800004,28.06,24.07,52.07,42.53,1013.39001,1007.17999,1.64,2.27,179.02,78,690.53998,787.91998
813,2023/3/10 11:15,2023/3/10,11,15,50,40.3687,0.8073739999999999,41.049999,0.82099998,29.12,24.43,50.98,40.83,1013.47998,1006.98999,1.73,2.25,154.77,74,709.15997,817.78003
814,2023/3/10 11:30,2023/3/10,11,30,50,40.8717,0.817434,41.41,0.8281999999999999,30.05,24.78,50.65,39.13,1013.09998,1006.75,1.86,2.24,237.58,70,725.96997,833.90002
815,2023/3/10 11:45,2023/3/10,11,45,50,41.1811,0.823622,41.880001,0.83760002,30.68,25.12,50.57,37.46,1012.90002,1006.46997,2.02,2.23,154.48,66,740.75,841.22998
816,2023/3/10 12:00,2023/3/10,12,0,50,41.3809,0.827618,42.02,0.8404,30.92,25.43,47.03,35.86,1012.22998,1006.16998,2.19,2.22,170.38001,61,753.31,853.47998
817,2023/3/10 12:15,2023/3/10,12,15,50,41.5608,0.831216,42.049999,0.84099998,31.81,25.72,47.2,34.36,1012.20001,1005.84003,2.38,2.21,2.18,57,763.44,850.02002
818,2023/3/10 12:30,2023/3/10,12,30,50,40.9073,0.818146,42.040001,0.84080002,32.01,25.98,47.16,33,1011.84998,1005.51001,2.56,2.21,320.91,52,770.91998,830.56
819,2023/3/10 12:45,2023/3/10,12,45,50,40.9298,0.818596,41.73,0.8345999999999999,31.72,26.2,45.51,31.8,1011.59003,1005.19,2.73,2.2,348.91,47,775.57001,830.89001
820,2023/3/10 13:00,2023/3/10,13,0,50,40.7815,0.8156300000000001,41.139999,0.8227999800000001,32.03,26.38,44.51,30.82,1011.09998,1004.88,2.88,2.2,346.81,43,777.15997,829.21997
821,2023/3/10 13:15,2023/3/10,13,15,50,39.9416,0.798832,40.07,0.8014,32.54,26.52,45.35,30.07,1010.94,1004.60999,3,2.19,326.95999,39,769.48999,810.21002
822,2023/3/10 13:30,2023/3/10,13,30,50,38.9211,0.7784220000000001,38.73,0.7746,32.91,26.6,45.33,29.6,1010.28003,1004.38,3.08,2.19,350.84,36,748.25,793.46002
823,2023/3/10 13:45,2023/3/10,13,45,50,37.7299,0.754598,37.02,0.7404000000000001,33.14,26.63,45.25,29.43,1010.08002,1004.20001,3.11,2.19,236.67,32,716.13,759.66998
824,2023/3/10 14:00,2023/3/10,14,0,50,36.8061,0.736122,35.919998,0.71839996,33.05,26.61,45.45,29.58,1009.78998,1004.04999,3.09,2.19,233.11999,29,675.81,746.76001
825,2023/3/10 14:15,2023/3/10,14,15,50,35.3024,0.706048,34.52,0.6904,33.11,26.56,45.28,30.01,1009.65997,1003.90002,3.02,2.2,328.63,26,629.96002,708.91998
826,2023/3/10 14:30,2023/3/10,14,30,50,33.2854,0.6657080000000001,33.060001,0.66120002,33.44,26.47,45.37,30.67,1009.28998,1003.75,2.93,2.22,298.51999,22,581.28003,669.52002
827,2023/3/10 14:45,2023/3/10,14,45,50,31.3194,0.6263880000000001,31.33,0.6265999999999999,33.56,26.36,45.14,31.51,1009.04999,1003.59998,2.81,2.24,186.33,18,532.42999,630.53003
828,2023/3/10 15:00,2023/3/10,15,0,50,28.8199,0.576398,29.559999,0.5911999800000001,33.92,26.22,45.24,32.51,1008.88,1003.46997,2.68,2.26,174.61999,14,486.10998,599.77002
829,2023/3/10 15:15,2023/3/10,15,15,50,26.5886,0.531772,27.6,0.552,34.34,26.06,45.28,33.62,1009.03003,1003.34003,2.53,2.28,263.39999,10,444.98001,541.09998
830,2023/3/10 15:30,2023/3/10,15,30,50,24.1283,0.482566,24.98,0.4996,34.6,25.88,45.59,34.8,1008.65002,1003.22998,2.38,2.3,299.01999,7,404.37,445.10001
831,2023/3/10 15:45,2023/3/10,15,45,50,21.5849,0.431698,22.549999,0.4509999799999999,34.55,25.68,43.84,36.01,1008.59003,1003.13,2.23,2.32,105.25,4,358.95999,448.35001
832,2023/3/10 16:00,2023/3/10,16,0,50,18.9544,0.379088,20.15,0.4029999999999999,34.74,25.48,44.14,37.2,1008.21002,1003.04999,2.09,2.34,260.06,2,310.51999,388.92001
833,2023/3/10 16:15,2023/3/10,16,15,50,15.7847,0.315694,16.49,0.3298,34.37,25.27,44.91,38.33,1008.25,1002.98999,1.98,2.36,4.54,360,260.79999,324.14002
834,2023/3/10 16:30,2023/3/10,16,30,50,12.5345,0.2506899999999999,13.01,0.2602,34.41,25.05,43.52,39.37,1008.13,1002.95001,1.88,2.37,77.66,359,211.55,283.28
835,2023/3/10 16:45,2023/3/10,16,45,50,9.66195,0.193239,9.85,0.1969999999999999,33.32,24.83,41.94,40.27,1008.06,1002.94,1.82,2.37,42.88,358,164.53999,238.28999
836,2023/3/10 17:00,2023/3/10,17,0,50,6.79621,0.1359242,4.92,0.0984,33.08,24.58,42.02,41.09,1008.19,1002.96002,1.78,2.36,356.07001,359,121.53,173.3
837,2023/3/10 17:15,2023/3/10,17,15,50,3.15569,0.0631138,1.97,0.0394,32.68,24.28,43.09,41.9,1008.29999,1003.01001,1.74,2.34,290.06,1,84.25,112.22
838,2023/3/10 17:30,2023/3/10,17,30,50,2.4006,0.048012,0.98,0.0196,32.05,23.93,43.6,42.71,1008.12,1003.09998,1.7,2.31,296.01001,4,54.49,73.96
839,2023/3/10 17:45,2023/3/10,17,45,50,1.10078,0.0220156,0,0,30.03,23.55,45.08,43.51,1008.39001,1003.21002,1.67,2.28,308.51999,10,33.98,33.26
840,2023/3/10 18:00,2023/3/10,18,0,50,0,0,0,0,28.89,23.13,46.06,44.31,1008.67999,1003.34003,1.63,2.24,256.35998,22,0,18
841,2023/3/10 18:15,2023/3/10,18,15,50,0,0,0,0,26.98,22.7,47.41,45.08,1008.59998,1003.47998,1.6,2.19,318.45001,49,0,0
842,2023/3/10 18:30,2023/3/10,18,30,50,0,0,0,0,26.21,22.25,48.03,45.84,1008.67999,1003.63,1.58,2.15,340.10998,88,0,0
843,2023/3/10 18:45,2023/3/10,18,45,50,0,0,0,0,24.33,21.8,49.44,46.57,1008.84998,1003.78003,1.55,2.11,108.95,115,0,0
844,2023/3/10 19:00,2023/3/10,19,0,50,0,0,0,0,23.3,21.35,49.87,47.28,1009.09003,1003.92999,1.53,2.07,167.7,127,0,0
845,2023/3/10 19:15,2023/3/10,19,15,50,0,0,0,0,22.25,20.92,51.53,47.96,1009.13,1004.07001,1.52,2.04,97.81,132,0,0
846,2023/3/10 19:30,2023/3/10,19,30,50,0,0,0,0,21.42,20.51,52.07,48.6,1009.31,1004.20001,1.51,2.02,222.76,134,0,0
847,2023/3/10 19:45,2023/3/10,19,45,50,0,0,0,0,20.63,20.14,51.78,49.21,1009.48999,1004.29999,1.51,2.02,342.45001,133,0,0
848,2023/3/10 20:00,2023/3/10,20,0,50,0,0,0,0,20.07,19.77,51.91,49.77,1009.60999,1004.39001,1.53,2.03,248.06,131,0,0
849,2023/3/10 20:15,2023/3/10,20,15,50,0,0,0,0,19.65,19.4,52.13,50.29,1009.63,1004.5,1.59,2.06,214.36999,129,0,0
850,2023/3/10 20:30,2023/3/10,20,30,50,0,0,0,0,19.11,19.03,52.48,50.77,1009.87,1004.59998,1.67,2.1,156.26,127,0,0
851,2023/3/10 20:45,2023/3/10,20,45,50,0,0,0,0,18.96,18.65,53.23,51.22,1009.83002,1004.70001,1.78,2.15,151.14,124,0,0
852,2023/3/10 21:00,2023/3/10,21,0,50,0,0,0,0,18.58,18.28,52.34,51.65,1009.87,1004.81,1.9,2.22,235.72,122,0,0
853,2023/3/10 21:15,2023/3/10,21,15,50,0,0,0,0,18.42,17.92,52.81,52.08,1010.15997,1004.90002,2.03,2.28,137.17999,119,0,0
854,2023/3/10 21:30,2023/3/10,21,30,50,0,0,0,0,17.83,17.57,58.65,52.51,1010.23999,1004.98999,2.16,2.35,266.64999,117,0,0
855,2023/3/10 21:45,2023/3/10,21,45,50,0,0,0,0,17.31,17.24,56.42,52.96,1010.40002,1005.07001,2.28,2.41,272.79999,115,0,0
856,2023/3/10 22:00,2023/3/10,22,0,50,0,0,0,0,16.82,16.92,61.48,53.43,1010.48999,1005.14001,2.39,2.46,59.42,114,0,0
857,2023/3/10 22:15,2023/3/10,22,15,50,0,0,0,0,16.47,16.63,60.39,53.93,1010.69,1005.19,2.47,2.51,118.75,112,0,0
858,2023/3/10 22:30,2023/3/10,22,30,50,0,0,0,0,15.95,16.36,60.47,54.47,1010.57001,1005.21997,2.53,2.54,248.89999,112,0,0
859,2023/3/10 22:45,2023/3/10,22,45,50,0,0,0,0,15.99,16.13,58.71,55.07,1010.69,1005.22998,2.55,2.55,343.26999,111,0,0
860,2023/3/10 23:00,2023/3/10,23,0,50,0,0,0,0,15.76,15.91,57.68,55.78,1010.78003,1005.21997,2.53,2.54,62.51,111,0,0
861,2023/3/10 23:15,2023/3/10,23,15,50,0,0,0,0,15.76,15.7,57.28,56.65,1010.89001,1005.17999,2.47,2.5,81.87,112,0,0
862,2023/3/10 23:30,2023/3/10,23,30,50,0,0,0,0,15.7,15.51,56.11,57.62,1010.90997,1005.13,2.39,2.45,13.78,113,0,0
863,2023/3/10 23:45,2023/3/10,23,45,50,0,0,0,0,15.62,15.32,67.89,58.68,1010.71997,1005.06,2.28,2.39,149.03999,114,0,0
864,2023/4/8 0:00,2023/4/8,0,0,50,0,0,0,0,14.91794,10.6,84.21125,78.8,1017.55999,1011.64001,2.39967,1.86,140.73875,107,0,0
865,2023/4/8 0:15,2023/4/8,0,15,50,0,0,0,0,13.94199,10.58,83.71531,77.99,1017.70752,1011.65997,2.20742,1.84,172.00969,108,0,0
866,2023/4/8 0:30,2023/4/8,0,30,50,0,0,0,0,13.66,10.56,83.41,77.14,1017.79999,1011.66998,2.13,1.81,224.06,110,0,0
867,2023/4/8 0:45,2023/4/8,0,45,50,0,0,0,0,13.52,10.54,83.29,76.31,1017.81,1011.69,2.11,1.79,144.86,111,0,0
868,2023/4/8 1:00,2023/4/8,1,0,50,0,0,0,0,13.42,10.53,83.15,75.51,1017.79999,1011.70001,2.1,1.77,139.13001,112,0,0
869,2023/4/8 1:15,2023/4/8,1,15,50,0,0,0,0,13.21,10.52,83.26,74.8,1018.01001,1011.71997,2.08,1.75,204.14,113,0,0
870,2023/4/8 1:30,2023/4/8,1,30,50,0,0,0,0,13.11,10.51,83.31,74.21,1017.84998,1011.73999,2.08,1.74,58.54,114,0,0
871,2023/4/8 1:45,2023/4/8,1,45,50,0,0,0,0,12.79,10.51,83.53,73.77,1017.96997,1011.76001,2.07,1.74,64.93,115,0,0
872,2023/4/8 2:00,2023/4/8,2,0,50,0,0,0,0,12.52,10.51,84.47,73.42,1017.95001,1011.78998,2.09,1.76,105.51,116,0,0
873,2023/4/8 2:15,2023/4/8,2,15,50,0,0,0,0,12.11,10.52,84.36,73.07,1018.13,1011.81,2.12,1.83,265.75,117,0,0
874,2023/4/8 2:30,2023/4/8,2,30,50,0,0,0,0,11.81,10.54,84.6,72.74,1017.91998,1011.83002,2.18,1.93,222.71001,117,0,0
875,2023/4/8 2:45,2023/4/8,2,45,50,0,0,0,0,11.49,10.57,84.97,72.41,1017.65002,1011.85999,2.25,2.06,78.85,118,0,0
876,2023/4/8 3:00,2023/4/8,3,0,50,0,0,0,0,11.26,10.6,85.02,72.1,1017.60999,1011.88,2.33,2.2,59.4,118,0,0
877,2023/4/8 3:15,2023/4/8,3,15,50,0,0,0,0,10.94,10.64,85.36,71.81,1017.40002,1011.90997,2.42,2.36,266.92999,118,0,0
878,2023/4/8 3:30,2023/4/8,3,30,50,0,0,0,0,10.55,10.69,85.48,71.55,1017.44,1011.92999,2.51,2.52,346.04001,117,0,0
879,2023/4/8 3:45,2023/4/8,3,45,50,0,0,0,0,10.4,10.74,85.44,71.32,1017.35999,1011.96002,2.6,2.67,42.74,117,0,0
880,2023/4/8 4:00,2023/4/8,4,0,50,0,0,0,0,10.32,10.79,85.83,71.14,1017.44,1012,2.69,2.8,349.85998,117,0,0
881,2023/4/8 4:15,2023/4/8,4,15,50,0,0,0,0,10.12,10.85,85.52,70.99,1017.69,1012.03998,2.76,2.92,303.06,116,0,0
882,2023/4/8 4:30,2023/4/8,4,30,50,0,0,0,0,9.99,10.91,85.62,70.89,1018.21997,1012.08002,2.82,3,263.66,116,0,0
883,2023/4/8 4:45,2023/4/8,4,45,50,0,0,0,0,9.98,10.97,85.86,70.84,1018.42999,1012.13,2.85,3.04,256.73999,116,0,0
884,2023/4/8 5:00,2023/4/8,5,0,50,0,0,0,0,9.96,11.05,85.68,70.82,1018.66998,1012.21002,2.88,3.06,181.73,115,0,0
885,2023/4/8 5:15,2023/4/8,5,15,50,0,0,0,0,9.68,11.16,85.51,70.8,1018.78998,1012.34003,2.9,3.07,334.73001,114,0,0
886,2023/4/8 5:30,2023/4/8,5,30,50,0,0,0,0,9.47,11.3,85.55,70.79,1018.67999,1012.5,2.91,3.08,52.78,112,0,0
887,2023/4/8 5:45,2023/4/8,5,45,50,0,0,0.29,0.0058,9.31,11.46,85.67,70.78,1018.75,1012.70001,2.92,3.09,281.72,110,0,0
888,2023/4/8 6:00,2023/4/8,6,0,50,0.01975,0.000395,0.9,0.018,9.21,11.65,85.84,70.77,1019.03003,1012.90997,2.94,3.1,18.79,108,10.85,8.56
889,2023/4/8 6:15,2023/4/8,6,15,50,1.32743,0.0265486,1.79,0.0358,9.42,11.85,85.9,70.77,1018.90002,1013.13,2.95,3.11,41.43,106,28.31,30.63
890,2023/4/8 6:30,2023/4/8,6,30,50,2.75679,0.0551358,3.08,0.0616,9.82,12.07,85.68,70.76,1018.98999,1013.34998,2.96,3.11,222.28999,103,51.22,68.15
891,2023/4/8 6:45,2023/4/8,6,45,50,4.65965,0.093193,4.74,0.0948,10.57,12.3,86,70.75,1018.91998,1013.54999,2.97,3.12,273.01999,100,77.24,105.31
892,2023/4/8 7:00,2023/4/8,7,0,50,7.14992,0.1429984,6.74,0.1348,11.53,12.55,86.57,70.75,1019.32001,1013.72998,2.98,3.13,268.48999,97,104.4,149.5
893,2023/4/8 7:15,2023/4/8,7,15,50,9.89118,0.1978236,9.06,0.1812,12.77,12.8,86.84,70.73,1019.39001,1013.88,3,3.14,166.41,94,142.28,192.94
894,2023/4/8 7:30,2023/4/8,7,30,50,12.846,0.25692,11.6,0.2319999999999999,13.92,13.06,86.99,70.72,1019.73999,1013.97998,3.03,3.16,52.21,91,193.32001,244.26
895,2023/4/8 7:45,2023/4/8,7,45,50,16.0555,0.3211099999999999,14.34,0.2868,15.79,13.32,86.01,70.7,1019.79999,1014.02002,3.05,3.18,114.76,89,253.92999,313.98999
896,2023/4/8 8:00,2023/4/8,8,0,50,18.9026,0.378052,17.18,0.3436,17.14,13.61,81.57,70.25,1019.63,1014.03998,3.12,3.24,130.78,86,320.48999,389.35001
897,2023/4/8 8:15,2023/4/8,8,15,50,21.9322,0.438644,20.17,0.4034,17.79,13.97,79.23,69.07,1020.16998,1014.04999,3.27,3.37,100.36,84,389.39002,421.32001
898,2023/4/8 8:30,2023/4/8,8,30,50,24.8386,0.496772,23.139999,0.46279998,18.7,14.38,74.28,67.27,1020.16998,1014.06,3.47,3.55,85.76,82,457.01999,492.67001
899,2023/4/8 8:45,2023/4/8,8,45,50,27.7752,0.555504,25.91,0.5182,19.23,14.82,69.99,65.01,1020.38,1014.07001,3.71,3.78,64.55,80,519.77002,533.69
900,2023/4/8 9:00,2023/4/8,9,0,50,30.7263,0.614526,28.41,0.5682,20.14,15.29,66.07,62.42,1020.40997,1014.07001,3.98,4.03,54.87,78,574.03003,602.31
901,2023/4/8 9:15,2023/4/8,9,15,50,32.6079,0.652158,30.6,0.612,20.36,15.76,61.06,59.63,1020.37,1014.08002,4.26,4.3,50.77,76,616.17999,656.96002
902,2023/4/8 9:30,2023/4/8,9,30,50,35.1955,0.70391,32.619999,0.65239998,20.63,16.23,60.35,56.81,1020.44,1014.09003,4.54,4.56,63.35,75,644.84003,684.83002
903,2023/4/8 9:45,2023/4/8,9,45,50,37.1562,0.743124,34.360001,0.6872000199999999,21.58,16.68,58.29,54.07,1020.23999,1014.09003,4.8,4.81,112.19,74,670.90997,750.66998
904,2023/4/8 10:00,2023/4/8,10,0,50,39.5501,0.791002,35.889999,0.7177999800000001,22.32,17.09,55.33,51.56,1020.39001,1014.09998,5.03,5.03,36.3,73,696.28998,787.35999
905,2023/4/8 10:15,2023/4/8,10,15,50,40.7775,0.8155500000000001,37.150002,0.74300004,22.17,17.46,52.01,49.41,1020.28998,1014.09998,5.21,5.2,63.68,72,720.76001,830.66998
906,2023/4/8 10:30,2023/4/8,10,30,50,42.2009,0.8440179999999999,38.27,0.7654000000000001,22.6,17.78,49.45,47.78,1020.09003,1014.09998,5.33,5.32,87.28,71,744.13,870.84003
907,2023/4/8 10:45,2023/4/8,10,45,50,42.9584,0.8591679999999999,39.209999,0.78419998,22.54,18.02,47.93,46.79,1020.01001,1014.09998,5.37,5.36,44.36,70,766.21002,897.42999
908,2023/4/8 11:00,2023/4/8,11,0,50,44.2319,0.884638,40,0.8,23.01,18.21,48.34,46.19,1019.85999,1014.06,5.37,5.36,41.31,70,786.79999,911.08002
909,2023/4/8 11:15,2023/4/8,11,15,50,44.5064,0.890128,40.529999,0.8105999799999999,23.32,18.41,48.8,45.61,1020.01001,1013.91998,5.36,5.35,74,69,805.70001,926.10999
910,2023/4/8 11:30,2023/4/8,11,30,50,44.7762,0.8955240000000001,40.849998,0.81699996,23.53,18.6,48.92,45.06,1019.51001,1013.71997,5.34,5.33,65.05,68,822.71997,948.21997
911,2023/4/8 11:45,2023/4/8,11,45,50,45.4975,0.90995,40.990002,0.81980004,23.46,18.78,46.02,44.56,1019.5,1013.46002,5.32,5.3,22.59,67,837.65997,950.79999
912,2023/4/8 12:00,2023/4/8,12,0,50,45.5172,0.910344,41.049999,0.82099998,23.7,18.95,48.17,44.09,1018.94,1013.15997,5.3,5.27,55.95,66,850.32001,952.29999
913,2023/4/8 12:15,2023/4/8,12,15,50,45.4668,0.909336,41.02,0.8204,24.11,19.11,47.72,43.67,1018.90002,1012.82001,5.26,5.24,24.5,65,860.51001,972.45001
914,2023/4/8 12:30,2023/4/8,12,30,50,45.6623,0.913246,40.849998,0.81699996,24,19.25,44.65,43.3,1018.39001,1012.47998,5.23,5.2,56.76,64,868.03003,975.88
915,2023/4/8 12:45,2023/4/8,12,45,50,45.9189,0.918378,40.490002,0.8098000399999999,24.21,19.37,44.25,42.99,1018.34003,1012.13,5.19,5.15,34.56,63,872.69,963.17999
916,2023/4/8 13:00,2023/4/8,13,0,50,44.6639,0.893278,39.93,0.7986,24.26,19.47,42.82,42.74,1017.75,1011.78998,5.15,5.1,59.59,62,874.28998,872.81
917,2023/4/8 13:15,2023/4/8,13,15,50,43.8353,0.876706,39.200001,0.78400002,24.52,19.55,41.97,42.56,1017.67999,1011.47998,5.1,5.05,55.94,62,866.40002,944.02002
918,2023/4/8 13:30,2023/4/8,13,30,50,42.7732,0.855464,38.32,0.7664,24.45,19.6,39.9,42.44,1017.44,1011.21002,5.05,5,49.75,61,844.54999,937.07001
919,2023/4/8 13:45,2023/4/8,13,45,50,41.2395,0.82479,37.330002,0.74660004,24.75,19.61,39.6,42.4,1017.10999,1011,5,4.94,36.2,60,811.48999,893.13
920,2023/4/8 14:00,2023/4/8,14,0,50,39.7842,0.795684,36.07,0.7214,25.48,19.6,41.09,42.5,1016.81,1010.81,4.93,4.86,28.26,60,769.96002,855.19
921,2023/4/8 14:15,2023/4/8,14,15,50,38.2758,0.765516,34.57,0.6914,25.65,19.57,39.93,42.77,1016.64001,1010.62,4.81,4.74,71.46,60,722.71002,835.09003
922,2023/4/8 14:30,2023/4/8,14,30,50,36.5097,0.730194,32.759998,0.65519996,26.08,19.51,39.4,43.2,1016.21002,1010.42999,4.66,4.59,67.48,61,672.46997,785.40997
923,2023/4/8 14:45,2023/4/8,14,45,50,34.436,0.68872,30.809999,0.61619998,26.76,19.44,39.1,43.76,1016.21997,1010.23999,4.48,4.4,91.28,62,621.97998,739.70001
924,2023/4/8 15:00,2023/4/8,15,0,50,32.0024,0.6400480000000001,28.74,0.5748,26.9,19.36,36.31,44.42,1015.91998,1010.06,4.28,4.21,35.48,63,573.98999,699.26001
925,2023/4/8 15:15,2023/4/8,15,15,50,29.7413,0.594826,26.620001,0.53240002,26.75,19.25,34.73,45.17,1015.70001,1009.89001,4.08,4,52.55,64,531.25,665.26001
926,2023/4/8 15:30,2023/4/8,15,30,50,27.089,0.5417799999999999,24.43,0.4886,26.97,19.14,35.85,45.97,1015.57001,1009.72998,3.87,3.79,82.44,66,489.35001,605.65997
927,2023/4/8 15:45,2023/4/8,15,45,50,24.1556,0.483112,21.940001,0.4388000199999999,27.05,19.01,36.21,46.82,1015.27002,1009.59998,3.68,3.59,5.53,68,443,534.70001
928,2023/4/8 16:00,2023/4/8,16,0,50,21.7017,0.434034,19.23,0.3846,27.41,18.88,34.72,47.67,1015.06,1009.47998,3.49,3.4,77.41,71,393.63,487.41
929,2023/4/8 16:15,2023/4/8,16,15,50,18.2821,0.365642,16.209999,0.32419998,27.33,18.74,36.42,48.51,1015.09998,1009.40002,3.33,3.24,109.69,73,342.63,426.53
930,2023/4/8 16:30,2023/4/8,16,30,50,15.1801,0.303602,13.25,0.265,26.98,18.59,34.8,49.32,1014.85999,1009.34003,3.21,3.1,85.18,76,291.42001,363.64999
931,2023/4/8 16:45,2023/4/8,16,45,50,11.9858,0.2397159999999999,10.31,0.2062,27.21,18.44,38.16,50.07,1014.79999,1009.32001,3.12,3.01,115.96,78,241.41,322.32001
932,2023/4/8 17:00,2023/4/8,17,0,50,8.96808,0.1793616,7.58,0.1516,26.53,18.24,37.04,50.81,1014.60999,1009.34998,3.06,2.94,86.74,81,194,257.35001
933,2023/4/8 17:15,2023/4/8,17,15,50,6.2552,0.125104,5.08,0.1016,26.41,17.97,34.78,51.6,1014.64001,1009.40997,3.01,2.87,73.09,84,150.60001,215.51
934,2023/4/8 17:30,2023/4/8,17,30,50,4.02295,0.080459,3.04,0.0608,25.43,17.64,34.7,52.41,1014.63,1009.51001,2.96,2.8,50.8,87,112.63,146.56
935,2023/4/8 17:45,2023/4/8,17,45,50,2.23636,0.0447271999999999,1.56,0.0312,24.71,17.26,38.81,53.26,1014.56,1009.63,2.91,2.73,92.5,91,81.48,85.83
936,2023/4/8 18:00,2023/4/8,18,0,50,1.03329,0.0206658,0.5,0.01,23.77,16.84,41.44,54.12,1014.59998,1009.77002,2.87,2.67,60.94,95,58.58,44.38
937,2023/4/8 18:15,2023/4/8,18,15,50,0,0,0,0,22.84,16.41,43.43,54.98,1014.53003,1009.91998,2.83,2.62,106.44,98,0,19.46
938,2023/4/8 18:30,2023/4/8,18,30,50,0,0,0,0,21.34,15.97,45.98,55.84,1014.69,1010.07001,2.8,2.57,81.61,102,0,0
939,2023/4/8 18:45,2023/4/8,18,45,50,0,0,0,0,20.39,15.54,48.91,56.69,1014.65002,1010.21002,2.76,2.53,125.49,106,0,0
940,2023/4/8 19:00,2023/4/8,19,0,50,0,0,0,0,18.79,15.13,53.08,57.52,1014.69,1010.33002,2.73,2.49,91.46,108,0,0
941,2023/4/8 19:15,2023/4/8,19,15,50,0,0,0,0,18.18,14.75,54.46,58.31,1014.83002,1010.42999,2.7,2.47,244.78999,111,0,0
942,2023/4/8 19:30,2023/4/8,19,30,50,0,0,0,0,16.96,14.43,56.8,59.06,1014.94,1010.48999,2.67,2.45,249.52,112,0,0
943,2023/4/8 19:45,2023/4/8,19,45,50,0,0,0,0,16.48,14.17,57.62,59.75,1015.02002,1010.52002,2.64,2.45,223.61999,112,0,0
944,2023/4/8 20:00,2023/4/8,20,0,50,0,0,0,0,15.5,13.95,60.47,60.42,1015.22998,1010.52002,2.61,2.45,54.53,112,0,0
945,2023/4/8 20:15,2023/4/8,20,15,50,0,0,0,0,14.82,13.76,61.33,61.07,1015.33002,1010.51001,2.58,2.46,156.36999,112,0,0
946,2023/4/8 20:30,2023/4/8,20,30,50,0,0,0,0,14.57,13.57,61.67,61.71,1015.56,1010.51001,2.55,2.47,202.27,112,0,0
947,2023/4/8 20:45,2023/4/8,20,45,50,0,0,0,0,14.02,13.4,62.39,62.34,1015.76001,1010.51001,2.51,2.49,63.22,111,0,0
948,2023/4/8 21:00,2023/4/8,21,0,50,0,0,0,0,13.59,13.24,63.68,62.96,1015.96002,1010.51001,2.48,2.51,145.82001,111,0,0
949,2023/4/8 21:15,2023/4/8,21,15,50,0,0,0,0,13.42,13.09,66.29,63.55,1016.26001,1010.51001,2.45,2.53,157.99,110,0,0
950,2023/4/8 21:30,2023/4/8,21,30,50,0,0,0,0,13.15,12.94,66.16,64.12,1016.15997,1010.51001,2.42,2.55,225.73,109,0,0
951,2023/4/8 21:45,2023/4/8,21,45,50,0,0,0,0,12.93,12.8,66.24,64.67,1016.33002,1010.51001,2.4,2.58,23.05,109,0,0
952,2023/4/8 22:00,2023/4/8,22,0,50,0,0,0,0,12.71,12.65,66.35,65.19,1016.41998,1010.5,2.38,2.6,88.69,108,0,0
953,2023/4/8 22:15,2023/4/8,22,15,50,0,0,0,0,12.3,12.51,67.75,65.69,1016.38,1010.5,2.36,2.62,227.69,108,0,0
954,2023/4/8 22:30,2023/4/8,22,30,50,0,0,0,0,12.04,12.36,67.38,66.15,1016.26001,1010.5,2.35,2.65,185.74,108,0,0
955,2023/4/8 22:45,2023/4/8,22,45,50,0,0,0,0,11.94,12.21,68.2,66.58,1016.14001,1010.48999,2.35,2.67,339.87,108,0,0
956,2023/4/8 23:00,2023/4/8,23,0,50,0,0,0,0,11.77,12.05,68.17,66.98,1016.17999,1010.46002,2.36,2.69,68.63,108,0,0
957,2023/4/8 23:15,2023/4/8,23,15,50,0,0,0,0,11.43,11.88,68.46,67.36,1016.26001,1010.38,2.37,2.71,47.93,109,0,0
958,2023/4/8 23:30,2023/4/8,23,30,50,0,0,0,0,11.22,11.72,68.42,67.71,1016.14001,1010.26001,2.4,2.73,264.95999,110,0,0
959,2023/4/8 23:45,2023/4/8,23,45,50,0,0,0,0,11.05,11.55,68.47,68.04,1016.04999,1010.09998,2.43,2.76,248.01,112,0,0
960,2023/11/29 0:00,2023/11/29,0,0,50,0,0,0,0,11.7675,10.65,65.33125,65.78,1015.14484,1009.17999,2.63,3.02,159.20375,125,0,0
961,2023/11/29 0:15,2023/11/29,0,15,50,0,0,0,0,12.31687,10.48,65.06281,66.96,1014.96872,1009.21997,0.6575,2.97,162.31593,125,0,0
962,2023/11/29 0:30,2023/11/29,0,30,50,0,0,0,0,12.11,10.32,64.23,68.19,1014.88,1009.26001,0.16,2.92,137.8,126,0,0
963,2023/11/29 0:45,2023/11/29,0,45,50,0,0,0,0,12.13,10.16,65.15,69.42,1014.78998,1009.28998,0.12,2.88,184.64999,126,0,0
964,2023/11/29 1:00,2023/11/29,1,0,50,0,0,0,0,11.65,10.02,64.26,70.58,1014.83002,1009.32001,0.24,2.84,207.78999,126,0,0
965,2023/11/29 1:15,2023/11/29,1,15,50,0,0,0,0,10.88,9.88,63.84,71.64,1014.75,1009.34998,0.67,2.81,330.16,126,0,0
966,2023/11/29 1:30,2023/11/29,1,30,50,0,0,0,0,10.28,9.76,63.79,72.55,1014.83002,1009.35999,0,2.79,290.09,127,0,0
967,2023/11/29 1:45,2023/11/29,1,45,50,0,0,0,0,9.8,9.65,63.77,73.24,1015.03998,1009.37,0.56,2.78,255.85001,127,0,0
968,2023/11/29 2:00,2023/11/29,2,0,50,0,0,0,0,9.5,9.54,63.49,73.81,1014.84003,1009.35999,0.05,2.79,11.91,127,0,0
969,2023/11/29 2:15,2023/11/29,2,15,50,0,0,0,0,9.19,9.43,63.66,74.39,1014.83002,1009.32001,0.16,2.8,282.09,126,0,0
970,2023/11/29 2:30,2023/11/29,2,30,50,0,0,0,0,8.67,9.33,64.16,74.97,1015.02002,1009.27002,0.66,2.81,233.34,126,0,0
971,2023/11/29 2:45,2023/11/29,2,45,50,0,0,0,0,8.56,9.22,63.93,75.53,1014.71002,1009.21002,0.54,2.83,232.51,126,0,0
972,2023/11/29 3:00,2023/11/29,3,0,50,0,0,0,0,8.28,9.13,63.69,76.07,1014.63,1009.13,0.7,2.85,320.29999,126,0,0
973,2023/11/29 3:15,2023/11/29,3,15,50,0,0,0,0,8.05,9.03,63.71,76.57,1014.69,1009.04999,0.51,2.87,353.04999,126,0,0
974,2023/11/29 3:30,2023/11/29,3,30,50,0,0,0,0,7.89,8.95,63.69,77.03,1014.69,1008.96997,0.49,2.9,262.69,125,0,0
975,2023/11/29 3:45,2023/11/29,3,45,50,0,0,0,0,7.72,8.87,63.77,77.42,1014.71002,1008.90002,0.79,2.93,276.01001,125,0,0
976,2023/11/29 4:00,2023/11/29,4,0,50,0,0,0,0,7.66,8.81,63.74,77.75,1014.59003,1008.83002,1.32,2.95,230.82001,125,0,0
977,2023/11/29 4:15,2023/11/29,4,15,50,0,0,0,0,7.58,8.77,63.64,77.99,1014.46997,1008.78003,0.4,2.98,232.78999,125,0,0
978,2023/11/29 4:30,2023/11/29,4,30,50,0,0,0,0,7.5,8.74,63.7,78.15,1014.31,1008.75,0.4,3.01,238.8,125,0,0
979,2023/11/29 4:45,2023/11/29,4,45,50,0,0,0,0,7.41,8.73,63.63,78.2,1014.39001,1008.72998,0.51,3.03,237.85001,124,0,0
980,2023/11/29 5:00,2023/11/29,5,0,50,0,0,0,0,7.36,8.75,63.43,78.14,1014.31,1008.76001,0.77,3.06,343.59,124,0,0
981,2023/11/29 5:15,2023/11/29,5,15,50,0,0,0,0,7.22,8.81,63.42,77.97,1014.31,1008.84998,0.5,3.09,254.22,124,0,0
982,2023/11/29 5:30,2023/11/29,5,30,50,0,0,0,0,7.24,8.9,63.45,77.69,1014.27002,1008.97998,0.11,3.12,296.54001,124,0,0
983,2023/11/29 5:45,2023/11/29,5,45,50,0,0,0,0,7.24,9.03,63.21,77.32,1014.54999,1009.14001,1.16,3.15,294.81,124,0,0
984,2023/11/29 6:00,2023/11/29,6,0,50,0,0,0,0,7.62,9.19,63.51,76.86,1014.39001,1009.32001,0.78,3.19,140.42999,123,0,0
985,2023/11/29 6:15,2023/11/29,6,15,50,0,0,0,0,7.94,9.37,64.69,76.32,1014.71997,1009.52002,0.46,3.22,142.23,123,0,0
986,2023/11/29 6:30,2023/11/29,6,30,50,0,0,0,0,8.31,9.58,65.89,75.72,1014.76001,1009.71997,1.2,3.25,103.67,123,0,0
987,2023/11/29 6:45,2023/11/29,6,45,50,0,0,0.53,0.0106,8.12,9.81,65.28,75.06,1015,1009.91998,0.81,3.28,296.60001,123,16.67,0
988,2023/11/29 7:00,2023/11/29,7,0,50,0.99058,0.0198116,1.65,0.033,7.9,10.05,64.95,74.35,1015.17999,1010.09003,0.59,3.3,311.81,123,39.94,3.61
989,2023/11/29 7:15,2023/11/29,7,15,50,1.9314,0.038628,3.11,0.0622,7.86,10.31,64.79,73.61,1015.33002,1010.23999,0.75,3.32,270.62,123,71.5,24.23
990,2023/11/29 7:30,2023/11/29,7,30,50,3.91353,0.0782706,5.1,0.102,8.33,10.58,65.56,72.84,1015.62,1010.34998,0.99,3.33,126.07,123,113.68,52.66
991,2023/11/29 7:45,2023/11/29,7,45,50,9.92176,0.1984352,7.25,0.145,9.5,10.86,67.81,72.05,1015.59003,1010.41998,0.72,3.34,155.91,123,163.55,94.31
992,2023/11/29 8:00,2023/11/29,8,0,50,12.9673,0.259346,9.52,0.1903999999999999,11.03,11.22,69.2,71.03,1015.77002,1010.45001,0.6,3.32,103.01,122,218.17,140.14999
993,2023/11/29 8:15,2023/11/29,8,15,50,16.1615,0.32323,11.66,0.2332,12.41,11.73,69.13,69.62,1015.95001,1010.47998,0.71,3.27,97.69,122,274.62,187.28
994,2023/11/29 8:30,2023/11/29,8,30,50,19.1578,0.383156,14.03,0.2805999999999999,13.62,12.37,68.84,67.89,1016.21002,1010.51001,1.6,3.18,124.07,121,329.97,234.53
995,2023/11/29 8:45,2023/11/29,8,45,50,21.8948,0.437896,16.49,0.3298,14.63,13.1,68.06,65.92,1016.09003,1010.53998,0.93,3.08,122.3,120,381.29001,279.63
996,2023/11/29 9:00,2023/11/29,9,0,50,24.2506,0.485012,19.139999,0.38279998,15.67,13.89,67.26,63.79,1016.41998,1010.57001,0.7,2.95,136.35001,118,425.63,329.63
997,2023/11/29 9:15,2023/11/29,9,15,50,26.6393,0.532786,21.51,0.4302,16.54,14.72,66.34,61.58,1016.41998,1010.59003,0.69,2.81,119.45,116,460.09,372.84
998,2023/11/29 9:30,2023/11/29,9,30,50,28.5678,0.571356,23.719999,0.47439998,17.32,15.56,65.19,59.35,1016.42999,1010.60999,0.4,2.67,121.43,114,483.51999,415.25
999,2023/11/29 9:45,2023/11/29,9,45,50,30.3757,0.607514,25.58,0.5115999999999999,18.05,16.38,63.7,57.2,1016.37,1010.63,0.69,2.52,110.06,111,504.84,455.56
1000,2023/11/29 10:00,2023/11/29,10,0,50,31.7485,0.63497,27.440001,0.5488000199999999,18.83,17.16,62.72,55.18,1016.62,1010.64001,0.75,2.37,128.41,108,525.58002,493.63
1001,2023/11/29 10:15,2023/11/29,10,15,50,33.1687,0.663374,29.040001,0.58080002,19.59,17.86,61.35,53.39,1016.28998,1010.65002,1.01,2.23,130.60001,105,545.58002,520.90997
1002,2023/11/29 10:30,2023/11/29,10,30,50,34.0461,0.680922,30.49,0.6098,20.57,18.47,60.12,51.9,1016.28998,1010.65997,0.82,2.11,160.16,102,564.66998,554.22998
1003,2023/11/29 10:45,2023/11/29,10,45,50,34.8544,0.6970879999999999,31.559999,0.63119998,21.34,18.94,58.72,50.78,1016.04999,1010.65997,0.79,2,123.35,99,582.70001,579.23999
1004,2023/11/29 11:00,2023/11/29,11,0,50,35.3156,0.706312,32.48,0.6496,21.98,19.35,58.39,49.87,1015.90002,1010.60999,1.27,1.9,129.38001,96,599.52002,601.57001
1005,2023/11/29 11:15,2023/11/29,11,15,50,36.1723,0.723446,33.18,0.6636,22.56,19.76,56.72,48.98,1015.92999,1010.47998,1.13,1.8,161.88001,92,614.95001,617.19
1006,2023/11/29 11:30,2023/11/29,11,30,50,36.9482,0.738964,33.799999,0.67599998,23.4,20.16,56.66,48.11,1015.44,1010.28998,1.62,1.69,162.09,87,628.84003,628.98999
1007,2023/11/29 11:45,2023/11/29,11,45,50,36.6356,0.7327119999999999,34.25,0.685,24.29,20.55,56.89,47.27,1015.40997,1010.04999,1.39,1.58,345.38,81,641.03003,637.94
1008,2023/11/29 12:00,2023/11/29,12,0,50,36.5388,0.7307760000000001,34.650002,0.69300004,24.86,20.92,56.6,46.49,1014.96997,1009.77002,1.09,1.47,125.31,73,651.35999,643.96002
1009,2023/11/29 12:15,2023/11/29,12,15,50,36.065,0.7212999999999999,34.900002,0.69800004,25.09,21.27,55.92,45.77,1014.84003,1009.47998,0.93,1.37,69.63,63,659.67999,644.78998
1010,2023/11/29 12:30,2023/11/29,12,30,50,35.7003,0.7140059999999999,34.990002,0.69980004,25.82,21.58,55.85,45.12,1014.40002,1009.19,1.03,1.27,4.35,51,665.82001,639.15997
1011,2023/11/29 12:45,2023/11/29,12,45,50,35.3317,0.706634,34.849998,0.69699996,26.58,21.85,56.1,44.56,1014.41998,1008.90997,0.59,1.19,318.31,38,669.60999,628.58002
1012,2023/11/29 13:00,2023/11/29,13,0,50,34.6836,0.693672,34.490002,0.68980004,27.22,22.07,57.01,44.1,1014.13,1008.66998,1.13,1.12,325.19,25,670.91998,620.38
1013,2023/11/29 13:15,2023/11/29,13,15,50,32.9794,0.659588,33.849998,0.67699996,27.24,22.24,56.42,43.76,1014.08002,1008.46997,2.41,1.06,274.45999,13,661.56,499.25
1014,2023/11/29 13:30,2023/11/29,13,30,50,32.1206,0.6424120000000001,32.889999,0.6577999800000001,27.33,22.35,57.18,43.55,1013.79999,1008.34003,2.47,1.03,269.57001,3,635.72998,590.12
1015,2023/11/29 13:45,2023/11/29,13,45,50,30.6976,0.613952,31.59,0.6318,27.45,22.38,57.39,43.47,1013.63,1008.29999,1.61,1.02,256.23999,354,596.82001,566.39001
1016,2023/11/29 14:00,2023/11/29,14,0,50,29.357,0.58714,29.92,0.5984,27.71,22.35,57.44,43.72,1013.75,1008.31,1.57,1.03,328.62,346,548.20001,530.22998
1017,2023/11/29 14:15,2023/11/29,14,15,50,27.5062,0.550124,28.040001,0.56080002,28.17,22.27,57.04,44.4,1013.56,1008.34998,2.03,1.06,272.81,336,493.22,501.5
1018,2023/11/29 14:30,2023/11/29,14,30,50,25.1153,0.502306,25.950001,0.51900002,28.39,22.14,57.16,45.46,1013.42999,1008.40002,1.49,1.1,308.91,327,435.28,471.07001
1019,2023/11/29 14:45,2023/11/29,14,45,50,22.8395,0.45679,24.049999,0.48099998,28.24,21.96,57.31,46.8,1013.34998,1008.47998,2.01,1.16,253.45,317,377.73999,433.92001
1020,2023/11/29 15:00,2023/11/29,15,0,50,20.4346,0.408692,22.110001,0.44220002,27.98,21.76,57.09,48.37,1013.39001,1008.57001,2.26,1.22,296.17999,307,323.97,391.60998
1021,2023/11/29 15:15,2023/11/29,15,15,50,17.3821,0.347642,20.09,0.4018,27.94,21.52,56.79,50.07,1013.48999,1008.67999,1.61,1.29,319.04001,298,277.35001,347.53
1022,2023/11/29 15:30,2023/11/29,15,30,50,14.4135,0.28827,17.65,0.353,28.01,21.26,56.68,51.85,1013.66998,1008.78998,2.51,1.36,284.38,291,230.82001,302.56
1023,2023/11/29 15:45,2023/11/29,15,45,50,11.4978,0.229956,14.67,0.2934,27.94,20.99,56.33,53.62,1013.69,1008.91998,2.22,1.42,276.19,285,178.35001,252.14999
1024,2023/11/29 16:00,2023/11/29,16,0,50,8.1089,0.162178,11.12,0.2224,27.77,20.71,56.36,55.32,1013.95001,1009.04999,2.86,1.48,277.12,280,124.92,206.46001
1025,2023/11/29 16:15,2023/11/29,16,15,50,3.08896,0.0617792,7.25,0.145,27.42,20.42,56.13,56.86,1014.08002,1009.17999,2.35,1.52,257.57999,277,75.43,162.59
1026,2023/11/29 16:30,2023/11/29,16,30,50,1.707,0.03414,3.91,0.0782,26.93,20.14,56.24,58.17,1014.16998,1009.32001,2.43,1.55,268.07999,275,34.85,115.86
1027,2023/11/29 16:45,2023/11/29,16,45,50,0.82603,0.0165206,1.26,0.0252,26.52,19.87,56.42,59.19,1014.41998,1009.45001,1.66,1.56,328.57001,274,0,69.15
1028,2023/11/29 17:00,2023/11/29,17,0,50,0,0,0,0,25.68,19.58,56.63,60,1014.57001,1009.59998,1.89,1.56,325.48999,275,0,37.2
1029,2023/11/29 17:15,2023/11/29,17,15,50,0,0,0,0,24.5,19.25,57.2,60.75,1014.84998,1009.78003,1.92,1.56,328.35998,276,0,0
1030,2023/11/29 17:30,2023/11/29,17,30,50,0,0,0,0,23.13,18.89,58.31,61.45,1015.21002,1009.98999,1.27,1.55,261.13,277,0,0
1031,2023/11/29 17:45,2023/11/29,17,45,50,0,0,0,0,21.74,18.5,59.47,62.11,1015.31,1010.21997,1.5,1.55,286.12,279,0,0
1032,2023/11/29 18:00,2023/11/29,18,0,50,0,0,0,0,20.55,18.1,60.21,62.73,1015.78998,1010.46002,1.84,1.54,286.01001,282,0,0
1033,2023/11/29 18:15,2023/11/29,18,15,50,0,0,0,0,19.82,17.69,60.24,63.32,1015.79999,1010.70001,1.93,1.53,307.87,285,0,0
1034,2023/11/29 18:30,2023/11/29,18,30,50,0,0,0,0,19.23,17.28,60.35,63.88,1016.14001,1010.95001,2.01,1.52,269.81,288,0,0
1035,2023/11/29 18:45,2023/11/29,18,45,50,0,0,0,0,18.81,16.89,60.25,64.43,1016.31,1011.17999,2.1,1.51,284.76999,291,0,0
1036,2023/11/29 19:00,2023/11/29,19,0,50,0,0,0,0,17.85,16.53,61.92,64.97,1016.63,1011.40997,2.87,1.5,175.10001,294,0,0
1037,2023/11/29 19:15,2023/11/29,19,15,50,0,0,0,0,17.05,16.2,63.82,65.51,1016.78998,1011.60999,3.58,1.49,151.52,297,0,0
1038,2023/11/29 19:30,2023/11/29,19,30,50,0,0,0,0,16.67,15.91,63.54,66.04,1016.96997,1011.78998,4.2,1.47,143.36999,300,0,0
1039,2023/11/29 19:45,2023/11/29,19,45,50,0,0,0,0,16.25,15.67,63.45,66.59,1016.96997,1011.92999,3.64,1.46,193.39999,302,0,0
1040,2023/11/29 20:00,2023/11/29,20,0,50,0,0,0,0,15.83,15.48,62.91,67.14,1017.12,1012.06,3.74,1.45,210.57001,305,0,0
1041,2023/11/29 20:15,2023/11/29,20,15,50,0,0,0,0,15.45,15.31,62.42,67.68,1017.34998,1012.16998,3.67,1.43,237.64,308,0,0
1042,2023/11/29 20:30,2023/11/29,20,30,50,0,0,0,0,15.07,15.15,62.04,68.22,1017.46997,1012.27002,3.77,1.4,221.5,312,0,0
1043,2023/11/29 20:45,2023/11/29,20,45,50,0,0,0,0,14.86,15.01,63.2,68.75,1017.69,1012.37,5.54,1.37,222.72,316,0,0
1044,2023/11/29 21:00,2023/11/29,21,0,50,0,0,0,0,14.49,14.87,63.19,69.28,1018.09003,1012.46002,2.48,1.35,171.49,321,0,0
1045,2023/11/29 21:15,2023/11/29,21,15,50,0,0,0,0,14.32,14.75,63.56,69.79,1018.02002,1012.54999,2.81,1.32,210.74,327,0,0
1046,2023/11/29 21:30,2023/11/29,21,30,50,0,0,0,0,14.08,14.63,62.87,70.29,1017.97998,1012.63,3.11,1.29,246.06,333,0,0
1047,2023/11/29 21:45,2023/11/29,21,45,50,0,0,0,0,13.77,14.5,62.71,70.78,1018.06,1012.71002,2.59,1.26,252.16,339,0,0
1048,2023/11/29 22:00,2023/11/29,22,0,50,0,0,0,0,13.55,14.37,63.59,71.26,1018.06,1012.78998,2.81,1.24,173,346,0,0
1049,2023/11/29 22:15,2023/11/29,22,15,50,0,0,0,0,13.25,14.24,63.45,71.72,1018.31,1012.87,3.54,1.22,305.39002,352,0,0
1050,2023/11/29 22:30,2023/11/29,22,30,50,0,0,0,0,13.08,14.09,63.21,72.16,1018.46997,1012.94,2.19,1.21,313.20999,359,0,0
1051,2023/11/29 22:45,2023/11/29,22,45,50,0,0,0,0,13.04,13.93,62.91,72.59,1018.76001,1013.02002,2.82,1.2,12.25,5,0,0
1052,2023/11/29 23:00,2023/11/29,23,0,50,0,0,0,0,13.05,13.74,63.29,73.03,1018.71997,1013.09998,2.54,1.21,92.38,11,0,0
1053,2023/11/29 23:15,2023/11/29,23,15,50,0,0,0,0,13.14,13.53,65.96,73.5,1018.79999,1013.16998,2.94,1.23,75.53,18,0,0
1054,2023/11/29 23:30,2023/11/29,23,30,50,0,0,0,0,13.05,13.3,64.85,73.98,1018.88,1013.23999,2.93,1.27,333.94,26,0,0
1055,2023/11/29 23:45,2023/11/29,23,45,50,0,0,0,0,12.92,13.05,65.41,74.46,1019.16998,1013.31,2.67,1.32,89.61,35,0,0
1056,2023/12/6 0:00,2023/12/6,0,0,50,0,0,0,0,5.41547,7.12,100.58282,90.59,1013.75309,1007.45001,1.02201,2.44,148.70994,114,0,0
1057,2023/12/6 0:15,2023/12/6,0,15,50,0,0,0,0,4.69887,7.14,90.0957,90.36,1013.91077,1007.44,1.653,2.43,149.17748,114,0,0
1058,2023/12/6 0:30,2023/12/6,0,30,50,0,0,0,0,4.29,7.15,77.7,90.14,1013.78998,1007.42999,1.73,2.42,131.32001,114,0,0
1059,2023/12/6 0:45,2023/12/6,0,45,50,0,0,0,0,4.17,7.17,77.51,89.93,1013.84998,1007.41998,1.54,2.41,242.19,115,0,0
1060,2023/12/6 1:00,2023/12/6,1,0,50,0,0,0,0,4.23,7.19,77.76,89.74,1014.01001,1007.40997,1.37,2.39,129.42999,115,0,0
1061,2023/12/6 1:15,2023/12/6,1,15,50,0,0,0,0,4.18,7.2,77.74,89.59,1013.91998,1007.40002,1.24,2.38,159.11,115,0,0
1062,2023/12/6 1:30,2023/12/6,1,30,50,0,0,0,0,4.21,7.2,77.87,89.49,1014.03998,1007.39001,1.15,2.37,264.51999,115,0,0
1063,2023/12/6 1:45,2023/12/6,1,45,50,0,0,0,0,4.08,7.21,77.74,89.46,1013.96002,1007.39001,1.12,2.35,6.71,116,0,0
1064,2023/12/6 2:00,2023/12/6,2,0,50,0,0,0,0,4.12,7.18,77.91,89.56,1014.01001,1007.40002,1.13,2.34,339.63,117,0,0
1065,2023/12/6 2:15,2023/12/6,2,15,50,0,0,0,0,4.42,7.1,78.1,89.83,1013.92999,1007.44,1.14,2.32,239.56,119,0,0
1066,2023/12/6 2:30,2023/12/6,2,30,50,0,0,0,0,4.69,6.97,78.29,90.25,1014.01001,1007.48999,1.17,2.3,262.20001,123,0,0
1067,2023/12/6 2:45,2023/12/6,2,45,50,0,0,0,0,5.02,6.82,78.25,90.78,1014.03998,1007.56,1.21,2.28,289.12,127,0,0
1068,2023/12/6 3:00,2023/12/6,3,0,50,0,0,0,0,5.2,6.64,78.46,91.38,1014.31,1007.65002,1.25,2.25,259,132,0,0
1069,2023/12/6 3:15,2023/12/6,3,15,50,0,0,0,0,5.25,6.45,79.2,92.01,1014.56,1007.75,1.3,2.22,235.07001,138,0,0
1070,2023/12/6 3:30,2023/12/6,3,30,50,0,0,0,0,5.26,6.27,80.05,92.65,1014.54999,1007.84998,1.34,2.19,238.11999,145,0,0
1071,2023/12/6 3:45,2023/12/6,3,45,50,0,0,0,0,5.27,6.09,80.59,93.24,1014.27002,1007.96997,1.38,2.16,268.89999,151,0,0
1072,2023/12/6 4:00,2023/12/6,4,0,50,0,0,0,0,5.42,5.93,80.64,93.77,1014.31,1008.09003,1.42,2.13,305.34,158,0,0
1073,2023/12/6 4:15,2023/12/6,4,15,50,0,0,0,0,5.58,5.81,80.64,94.19,1014.31,1008.21997,1.45,2.1,355.09,163,0,0
1074,2023/12/6 4:30,2023/12/6,4,30,50,0,0,0,0,5.66,5.73,81.07,94.47,1014.46997,1008.34998,1.47,2.06,1.4,168,0,0
1075,2023/12/6 4:45,2023/12/6,4,45,50,0,0,0,0,5.73,5.7,81.28,94.57,1014.59998,1008.46997,1.48,2.03,2.6,173,0,0
1076,2023/12/6 5:00,2023/12/6,5,0,50,0,0,0,0,5.72,5.72,81.88,94.54,1014.84003,1008.60999,1.46,1.99,6.31,177,0,0
1077,2023/12/6 5:15,2023/12/6,5,15,50,0,0,0,0,5.7,5.79,81.97,94.44,1015.13,1008.78998,1.41,1.95,257.20999,180,0,0
1078,2023/12/6 5:30,2023/12/6,5,30,50,0,0,0,0,5.76,5.9,82.14,94.29,1015.53998,1009,1.35,1.89,300.85001,184,0,0
1079,2023/12/6 5:45,2023/12/6,5,45,50,0,0,0,0,5.72,6.04,82.45,94.09,1015.58002,1009.22998,1.26,1.84,225.39999,189,0,0
1080,2023/12/6 6:00,2023/12/6,6,0,50,0,0,0,0,5.71,6.22,82.8,93.83,1015.73999,1009.46002,1.17,1.78,237.82001,193,0,0
1081,2023/12/6 6:15,2023/12/6,6,15,50,0,0,0,0,5.66,6.43,83.35,93.52,1016.10999,1009.71002,1.06,1.72,156.36999,198,0,0
1082,2023/12/6 6:30,2023/12/6,6,30,50,0,0,0,0,5.62,6.66,83.93,93.17,1016.31,1009.95001,0.96,1.67,181.7,203,0,0
1083,2023/12/6 6:45,2023/12/6,6,45,50,0,0,0.48,0.0096,5.7,6.92,84.34,92.78,1016.31,1010.17999,0.86,1.62,233.89999,209,25.83,0
1084,2023/12/6 7:00,2023/12/6,7,0,50,0,0,1.49,0.0298,5.79,7.19,84.24,92.34,1016.71997,1010.39001,0.78,1.57,179.07001,215,29.9,0.72
1085,2023/12/6 7:15,2023/12/6,7,15,50,0,0,2.83,0.0566,5.87,7.47,84.26,91.88,1016.84003,1010.58002,0.71,1.54,166.76,221,46.66,3.58
1086,2023/12/6 7:30,2023/12/6,7,30,50,0.96406,0.0192812,4.53,0.0906,5.91,7.76,84.35,91.38,1017.08002,1010.73999,0.67,1.52,164.33,228,78.89,8.29
1087,2023/12/6 7:45,2023/12/6,7,45,50,2.09347,0.0418694,6.13,0.1226,6.01,8.06,84.77,90.85,1017.21002,1010.84998,0.65,1.51,143.39999,234,122.64,14.29
1088,2023/12/6 8:00,2023/12/6,8,0,50,2.99509,0.0599018,7.55,0.151,6.06,8.45,85.55,90.02,1017.15997,1010.95001,0.66,1.53,165.58,240,173.98,34.55
1089,2023/12/6 8:15,2023/12/6,8,15,50,4.31837,0.0863674,8.84,0.1767999999999999,6.1,8.98,86.12,88.67,1017.28998,1011.03998,0.67,1.57,129.53999,247,228.96001,55.43
1090,2023/12/6 8:30,2023/12/6,8,30,50,6.0212,0.120424,10.44,0.2087999999999999,6.39,9.63,86.17,86.89,1017.48999,1011.13,0.7,1.64,62.89,256,283.66,83.27
1091,2023/12/6 8:45,2023/12/6,8,45,50,8.08768,0.1617536,12.26,0.2452,6.62,10.36,86.27,84.76,1017.04999,1011.21002,0.74,1.73,80.92,264,334.12,101.17
1092,2023/12/6 9:00,2023/12/6,9,0,50,10.8897,0.217794,14.13,0.2826,7.17,11.15,85.97,82.37,1017.14001,1011.28998,0.78,1.83,335.95999,272,376.42999,120.29
1093,2023/12/6 9:15,2023/12/6,9,15,50,7.20933,0.1441866,16.049999,0.32099998,7.66,11.96,85.61,79.82,1017.41998,1011.35999,0.84,1.93,325.42999,278,406.63,136.14
1094,2023/12/6 9:30,2023/12/6,9,30,50,9.00861,0.1801721999999999,18.049999,0.36099998,8.17,12.76,85.09,77.18,1017.34998,1011.41998,0.9,2.05,148.05,284,423.03,174.74
1095,2023/12/6 9:45,2023/12/6,9,45,50,8.06934,0.1613868,20.219999,0.40439998,8.6,13.53,85.59,74.54,1017.46002,1011.47998,0.96,2.15,148.09,289,436.78,195.61999
1096,2023/12/6 10:00,2023/12/6,10,0,50,5.76711,0.1153421999999999,22.27,0.4454,9.05,14.24,85.85,72,1017.34003,1011.52002,1.03,2.26,248.60001,292,449.89999,182.57001
1097,2023/12/6 10:15,2023/12/6,10,15,50,5.25896,0.1051792,24.129999,0.48259998,9.7,14.85,84.65,69.64,1017.91998,1011.56,1.1,2.35,329.25,295,462.32999,132.57001
1098,2023/12/6 10:30,2023/12/6,10,30,50,8.78267,0.1756534,25.82,0.5164,9.46,15.33,84.37,67.55,1018.14001,1011.58002,1.17,2.42,289.89999,296,474.01001,98.89
1099,2023/12/6 10:45,2023/12/6,10,45,50,11.0068,0.220136,27.23,0.5446,9.24,15.65,84.58,65.81,1018.14001,1011.58002,1.24,2.47,284.13,296,484.89002,121.23
1100,2023/12/6 11:00,2023/12/6,11,0,50,9.52225,0.190445,28.440001,0.56880002,9.45,15.88,84.85,64.24,1018.10999,1011.53998,1.33,2.5,254.39999,295,494.88,188.89
1101,2023/12/6 11:15,2023/12/6,11,15,50,11.5011,0.2300219999999999,29.25,0.585,9.84,16.1,84.64,62.61,1017.54999,1011.41998,1.46,2.54,245.11,294,503.94,243.09
1102,2023/12/6 11:30,2023/12/6,11,30,50,12.2634,0.245268,29.950001,0.59900002,10.31,16.31,84.41,60.96,1017.53003,1011.22998,1.61,2.57,357.95999,293,512,226.92
1103,2023/12/6 11:45,2023/12/6,11,45,50,12.2522,0.245044,30.49,0.6098,11.28,16.5,83.71,59.33,1017.32001,1011,1.79,2.6,259.54001,291,518.97998,262.23001
1104,2023/12/6 12:00,2023/12/6,12,0,50,15.5204,0.310408,31.02,0.6204,11.74,16.69,83.26,57.76,1017.13,1010.72998,1.97,2.63,318.78,289,524.84003,237.53999
1105,2023/12/6 12:15,2023/12/6,12,15,50,21.1605,0.42321,31.33,0.6265999999999999,12.15,16.85,83.23,56.27,1016.87,1010.45001,2.16,2.66,317.60001,288,529.5,294.85998
1106,2023/12/6 12:30,2023/12/6,12,30,50,20.2398,0.404796,31.32,0.6264,12.75,17,83.03,54.91,1016.72998,1010.16998,2.33,2.69,305.20001,286,532.90997,422.44
1107,2023/12/6 12:45,2023/12/6,12,45,50,30.6882,0.613764,30.950001,0.61900002,13.45,17.12,82.34,53.72,1016.65002,1009.90997,2.5,2.71,280.42001,284,535.01001,386.95001
1108,2023/12/6 13:00,2023/12/6,13,0,50,32.6067,0.6521339999999999,30.33,0.6065999999999999,13.7,17.22,81.45,52.72,1016.54999,1009.66998,2.64,2.72,343.85001,283,535.71997,365
1109,2023/12/6 13:15,2023/12/6,13,15,50,33.5454,0.6709080000000001,29.73,0.5946,14.25,17.29,81.16,51.97,1016.02002,1009.48999,2.75,2.74,319.14002,281,530.03998,531.40002
1110,2023/12/6 13:30,2023/12/6,13,30,50,33.3765,0.66753,29.08,0.5816,14.49,17.34,80.3,51.49,1015.87,1009.35999,2.83,2.75,329.14999,280,514.21002,632.66998
1111,2023/12/6 13:45,2023/12/6,13,45,50,31.8489,0.636978,28.309999,0.56619998,14.66,17.36,80.28,51.32,1015.54999,1009.32001,2.85,2.75,304.47,278,490.07001,532.89001
1112,2023/12/6 14:00,2023/12/6,14,0,50,30.0165,0.60033,27.139999,0.54279998,15.18,17.3,80.16,51.59,1015.35999,1009.32001,2.84,2.73,316.78,277,459.41,532.5
1113,2023/12/6 14:15,2023/12/6,14,15,50,28.1034,0.562068,25.65,0.513,16,17.15,79.39,52.34,1015.14001,1009.34003,2.81,2.69,240.98,277,424.09,511.26999
1114,2023/12/6 14:30,2023/12/6,14,30,50,20.664,0.41328,24.110001,0.48220002,16.79,16.92,78.96,53.5,1014.88,1009.35999,2.76,2.62,310.42001,276,385.89999,475.16
1115,2023/12/6 14:45,2023/12/6,14,45,50,16.5359,0.330718,22.469999,0.44939998,17.13,16.62,78.85,55,1014.84998,1009.38,2.69,2.54,326.41,275,346.69,436.51001
1116,2023/12/6 15:00,2023/12/6,15,0,50,20.6987,0.4139739999999999,20.690001,0.41380002,17.33,16.27,78.93,56.74,1014.65002,1009.41998,2.62,2.45,347.42001,274,308.26001,374.92999
1117,2023/12/6 15:15,2023/12/6,15,15,50,17.4986,0.349972,18.52,0.3704,17.11,15.88,79.02,58.66,1014.84998,1009.46002,2.54,2.35,285.56,273,272.42999,328.45999
1118,2023/12/6 15:30,2023/12/6,15,30,50,13.897,0.27794,16.389999,0.32779998,17.34,15.46,79.41,60.69,1014.65997,1009.5,2.46,2.25,328.14999,272,232.03,297.72
1119,2023/12/6 15:45,2023/12/6,15,45,50,10.8493,0.2169859999999999,13.85,0.2769999999999999,17.55,15.04,78.58,62.73,1014.53998,1009.54999,2.39,2.15,295.59,271,182.5,262.60998
1120,2023/12/6 16:00,2023/12/6,16,0,50,7.14476,0.1428952,10.74,0.2148,17.16,14.62,78.64,64.72,1014.64001,1009.59003,2.32,2.07,324.92999,270,129.61999,215.25
1121,2023/12/6 16:15,2023/12/6,16,15,50,1.99098,0.0398196,7.05,0.141,16.87,14.23,78.54,66.58,1014.78998,1009.64001,2.27,2,302.28,269,79.16,170.08
1122,2023/12/6 16:30,2023/12/6,16,30,50,2.16337,0.0432674,3.79,0.0758,16.13,13.87,78.44,68.22,1014.73999,1009.70001,2.23,1.94,298.82001,267,36.93,126.43
1123,2023/12/6 16:45,2023/12/6,16,45,50,0.94989,0.0189978,1.22,0.0243999999999999,15.41,13.56,78.62,69.59,1014.96002,1009.75,2.22,1.92,299.56,265,0,49.8
1124,2023/12/6 17:00,2023/12/6,17,0,50,0,0,0,0,14.75,13.28,78.75,70.75,1015.10999,1009.81,2.24,1.91,295.60001,263,0,52.07
1125,2023/12/6 17:15,2023/12/6,17,15,50,0,0,0,0,13.95,13.01,78.91,71.86,1015.22998,1009.89001,2.29,1.9,283.78,260,0,0
1126,2023/12/6 17:30,2023/12/6,17,30,50,0,0,0,0,13.02,12.75,79.34,72.93,1015.34003,1009.96997,2.36,1.89,309.94,257,0,0
1127,2023/12/6 17:45,2023/12/6,17,45,50,0,0,0,0,12.11,12.49,79.68,73.96,1015.35999,1010.07001,2.45,1.88,301.23001,254,0,0
1128,2023/12/6 18:00,2023/12/6,18,0,50,0,0,0,0,11.31,12.23,79.92,74.94,1015.51001,1010.17999,2.55,1.87,279.97,250,0,0
1129,2023/12/6 18:15,2023/12/6,18,15,50,0,0,0,0,10.65,11.98,79.79,75.9,1015.40002,1010.28998,2.66,1.87,259.5,247,0,0
1130,2023/12/6 18:30,2023/12/6,18,30,50,0,0,0,0,10.11,11.74,79.64,76.84,1015.57001,1010.40002,2.77,1.86,241.46001,243,0,0
1131,2023/12/6 18:45,2023/12/6,18,45,50,0,0,0,0,9.68,11.49,79.4,77.76,1015.82001,1010.51001,2.87,1.86,346.79999,240,0,0
1132,2023/12/6 19:00,2023/12/6,19,0,50,0,0,0,0,9.08,11.25,79.31,78.66,1015.77002,1010.62,2.97,1.85,151.78999,237,0,0
1133,2023/12/6 19:15,2023/12/6,19,15,50,0,0,0,0,8.77,11.01,80.06,79.56,1015.98999,1010.71997,3.04,1.85,61.32,234,0,0
1134,2023/12/6 19:30,2023/12/6,19,30,50,0,0,0,0,8.56,10.78,81.5,80.45,1015.97998,1010.81,3.09,1.85,45.06,232,0,0
1135,2023/12/6 19:45,2023/12/6,19,45,50,0,0,0,0,8.18,10.55,82.64,81.35,1016.21002,1010.89001,3.1,1.85,14.68,230,0,0
1136,2023/12/6 20:00,2023/12/6,20,0,50,0,0,0,0,7.85,10.31,82.51,82.29,1016.28998,1010.96002,3.1,1.85,339.09,228,0,0
1137,2023/12/6 20:15,2023/12/6,20,15,50,0,0,0,0,7.81,10.08,82.5,83.26,1016.48999,1011.03998,3.07,1.85,10.6,226,0,0
1138,2023/12/6 20:30,2023/12/6,20,30,50,0,0,0,0,7.27,9.85,81.94,84.27,1016.34003,1011.12,3.04,1.86,64.54,224,0,0
1139,2023/12/6 20:45,2023/12/6,20,45,50,0,0,0,0,6.95,9.63,82.45,85.28,1016.38,1011.20001,2.99,1.86,13.12,222,0,0
1140,2023/12/6 21:00,2023/12/6,21,0,50,0,0,0,0,6.54,9.4,82.52,86.29,1016.42999,1011.28003,2.94,1.87,134.64999,220,0,0
1141,2023/12/6 21:15,2023/12/6,21,15,50,0,0,0,0,6.49,9.18,82.32,87.26,1016.64001,1011.34998,2.88,1.87,117.58,219,0,0
1142,2023/12/6 21:30,2023/12/6,21,30,50,0,0,0,0,6.24,8.96,81.99,88.18,1016.67999,1011.40997,2.82,1.88,126.54,217,0,0
1143,2023/12/6 21:45,2023/12/6,21,45,50,0,0,0,0,6,8.75,82.02,89.04,1016.79999,1011.46997,2.75,1.88,152.47,216,0,0
1144,2023/12/6 22:00,2023/12/6,22,0,50,0,0,0,0,5.76,8.53,81.88,89.81,1016.79999,1011.52002,2.68,1.89,1.17,215,0,0
1145,2023/12/6 22:15,2023/12/6,22,15,50,0,0,0,0,5.49,8.33,81.56,90.47,1016.84003,1011.56,2.62,1.89,232.58,213,0,0
1146,2023/12/6 22:30,2023/12/6,22,30,50,0,0,0,0,5.36,8.12,81.67,91.01,1016.76001,1011.58002,2.56,1.89,5.14,213,0,0
1147,2023/12/6 22:45,2023/12/6,22,45,50,0,0,0,0,5.09,7.92,81.05,91.4,1016.89001,1011.59003,2.51,1.89,247.32001,212,0,0
1148,2023/12/6 23:00,2023/12/6,23,0,50,0,0,0,0,4.81,7.72,80.96,91.71,1016.82001,1011.58002,2.46,1.88,337.25,211,0,0
1149,2023/12/6 23:15,2023/12/6,23,15,50,0,0,0,0,4.53,7.51,80.62,92.01,1016.90997,1011.57001,2.41,1.86,299.76999,211,0,0
1150,2023/12/6 23:30,2023/12/6,23,30,50,0,0,0,0,4.24,7.29,80.51,92.3,1016.78003,1011.53998,2.35,1.82,246.86999,211,0,0
1151,2023/12/6 23:45,2023/12/6,23,45,50,0,0,0,0,4.23,7.07,80.46,92.57,1017.14001,1011.5,2.29,1.77,198.26,212,0,0
1152,2023/12/7 0:00,2023/12/7,0,0,50,0,0,0,0,5.32977,5.9,98.28275,95.32,1016.12776,1010.90997,1.4129,0.81,212.02479,183,0,0
1153,2023/12/7 0:15,2023/12/7,0,15,50,0,0,0,0,4.88494,5.69,74.33925,95.4,1019.03194,1010.84998,1.87823,0.69,228.5062,181,0,0
1154,2023/12/7 0:30,2023/12/7,0,30,50,0,0,0,0,4.72,5.5,44.33925,95.48,1020,1010.78998,0.6,0.57,149,178,0,0
1155,2023/12/7 0:45,2023/12/7,0,45,50,0,0,0,0,5.06,5.33,47.79,95.55,1019.90002,1010.71997,3.2,0.47,321,175,0,0
1156,2023/12/7 1:00,2023/12/7,1,0,50,0,0,0,0,4.51,5.18,54.62,95.6,1019.90002,1010.65002,1.6,0.38,41,171,0,0
1157,2023/12/7 1:15,2023/12/7,1,15,50,0,0,0,0,4.58,5.07,51.44,95.64,1019.90002,1010.58002,2,0.3,344,166,0,0
1158,2023/12/7 1:30,2023/12/7,1,30,50,0,0,0,0,4.65,5,41.44,95.66,1019.79999,1010.52002,2,0.26,326,160,0,0
1159,2023/12/7 1:45,2023/12/7,1,45,50,0,0,0,0,4.17,4.98,40.96,95.67,1019.70001,1010.46002,2.3,0.24,233,158,0,0
1160,2023/12/7 2:00,2023/12/7,2,0,50,0,0,0,0,4.85,4.99,34.14,95.47,1019.59998,1010.40002,3.5,0.26,252,160,0,0
1161,2023/12/7 2:15,2023/12/7,2,15,50,0,0,0,0,4.24,5.02,44.14,94.92,1019.40002,1010.34003,2.9,0.3,321,164,0,0
1162,2023/12/7 2:30,2023/12/7,2,30,50,0,0,0,0,4.03,5.06,44.14,94.06,1019.5,1010.26001,3,0.36,340,168,0,0
1163,2023/12/7 2:45,2023/12/7,2,45,50,0,0,0,0,3.83,5.12,47.79,92.97,1019.29999,1010.19,2,0.45,56,171,0,0
1164,2023/12/7 3:00,2023/12/7,3,0,50,0,0,0,0,3.97,5.19,40.96,91.7,1019.20001,1010.10999,3.2,0.54,183,174,0,0
1165,2023/12/7 3:15,2023/12/7,3,15,50,0,0,0,0,4.51,5.27,50.96,90.32,1019.09998,1010.03998,2.4,0.64,243,176,0,0
1166,2023/12/7 3:30,2023/12/7,3,30,50,0,0,0,0,3.9,5.36,40.96,88.88,1019,1009.96997,1.7,0.74,131,177,0,0
1167,2023/12/7 3:45,2023/12/7,3,45,50,0,0,0,0,4.1,5.45,40.96,87.44,1018.90002,1009.90997,1.9,0.84,192,178,0,0
1168,2023/12/7 4:00,2023/12/7,4,0,50,0,0,0,0,4.31,5.55,34.14,86.06,1018.90002,1009.84998,2.3,0.93,132,179,0,0
1169,2023/12/7 4:15,2023/12/7,4,15,50,0,0,0,0,4.85,5.65,34.14,84.81,1018.70001,1009.81,1.7,1,130,179,0,0
1170,2023/12/7 4:30,2023/12/7,4,30,50,0,0,0,0,4.58,5.75,40.96,83.74,1018.70001,1009.78003,2,1.05,92,179,0,0
1171,2023/12/7 4:45,2023/12/7,4,45,50,0,0,0,0,4.92,5.85,44.14,82.92,1018.90002,1009.77002,1.8,1.08,109,180,0,0
1172,2023/12/7 5:00,2023/12/7,5,0,50,0,0,0,0,5.13,5.94,34.14,82.29,1019.20001,1009.79999,0,1.09,88,178,0,0
1173,2023/12/7 5:15,2023/12/7,5,15,50,0,0,0,0,5.67,6.04,34.14,81.74,1019.09998,1009.87,1.2,1.11,103,176,0,0
1174,2023/12/7 5:30,2023/12/7,5,30,50,0,0,0,0,5.2,6.14,44.14,81.27,1019.29999,1009.97998,2.7,1.12,106,171,0,0
1175,2023/12/7 5:45,2023/12/7,5,45,50,0,0,0,0,5.81,6.24,40.96,80.85,1019.20001,1010.10999,2.2,1.13,151,165,0,0
1176,2023/12/7 6:00,2023/12/7,6,0,50,0,0,0,0,5.2,6.35,44.14,80.45,1019.40002,1010.26001,1.9,1.14,205,158,0,0
1177,2023/12/7 6:15,2023/12/7,6,15,50,0,0,0,0,5.13,6.47,40.96,80.07,1019.59998,1010.42999,1.2,1.15,234,151,0,0
1178,2023/12/7 6:30,2023/12/7,6,30,50,0,0,0,0,5.2,6.6,40.96,79.67,1019.59998,1010.59003,2.4,1.15,264,144,0,0
1179,2023/12/7 6:45,2023/12/7,6,45,50,0,0,0.5,0.01,5.26,6.74,44.62,79.25,1019.79999,1010.73999,1.7,1.16,307,137,24.2,0
1180,2023/12/7 7:00,2023/12/7,7,0,50,0,0,1.55,0.031,5.26,6.9,40.96,78.78,1019.70001,1010.87,1.9,1.16,239,131,28.08,5.56
1181,2023/12/7 7:15,2023/12/7,7,15,50,0.63616,0.0127231999999999,2.95,0.059,5.61,7.07,34.14,78.24,1019.90002,1010.97998,3.6,1.17,14,127,44.99,8.88
1182,2023/12/7 7:30,2023/12/7,7,30,50,1.3165,0.02633,4.75,0.095,5.4,7.27,44.14,77.61,1019.90002,1011.04999,2.6,1.17,339,123,77.98,28.23
1183,2023/12/7 7:45,2023/12/7,7,45,50,2.04628,0.0409256,6.72,0.1344,5.67,7.48,34.14,76.88,1020,1011.08002,1,1.17,334,120,123.22,35.38
1184,2023/12/7 8:00,2023/12/7,8,0,50,2.80113,0.0560226,8.81,0.1762,5.33,7.79,50.96,75.85,1019.90002,1011.07001,4.3,1.16,154,117,176.85001,48.8
1185,2023/12/7 8:15,2023/12/7,8,15,50,3.63028,0.0726055999999999,11,0.22,5.33,8.25,40.96,74.42,1019.90002,1011.04999,2.7,1.15,128,113,235.05,69.27
1186,2023/12/7 8:30,2023/12/7,8,30,50,4.77211,0.0954421999999999,13.41,0.2682,5.47,8.83,54.62,72.66,1019.79999,1011.02002,2.9,1.12,99,108,293.95999,107.04
1187,2023/12/7 8:45,2023/12/7,8,45,50,5.85876,0.1171752,15.88,0.3176,5.61,9.51,40.96,70.65,1020,1010.97998,1.9,1.08,78,101,349.76001,114.46
1188,2023/12/7 9:00,2023/12/7,9,0,50,8.28942,0.1657884,18.35,0.367,5.95,10.25,40.96,68.44,1020,1010.92999,2.8,1.04,127,94,398.60998,105.05
1189,2023/12/7 9:15,2023/12/7,9,15,50,11.322,0.2264399999999999,20.57,0.4114,6.36,11.04,40.96,66.13,1020,1010.87,3.1,0.99,235,85,436.67001,134.78
1190,2023/12/7 9:30,2023/12/7,9,30,50,18.2133,0.364266,22.73,0.4546,6.49,11.85,40.96,63.77,1019.79999,1010.81,4.8,0.94,206,76,462.23999,162.78999
1191,2023/12/7 9:45,2023/12/7,9,45,50,26.3291,0.526582,24.76,0.4952,7.04,12.64,40.96,61.45,1019.70001,1010.72998,1.9,0.9,120,66,485.60998,175.52
1192,2023/12/7 10:00,2023/12/7,10,0,50,29.9898,0.599796,26.709999,0.53419998,6.97,13.39,34.14,59.23,1019.40002,1010.65002,0.9,0.86,302,58,508.56,261.88
1193,2023/12/7 10:15,2023/12/7,10,15,50,32.7022,0.654044,28.389999,0.56779998,7.24,14.07,34.13,57.2,1019.09998,1010.57001,0.9,0.82,120,50,530.88,220.08
1194,2023/12/7 10:30,2023/12/7,10,30,50,34.368,0.6873600000000001,29.75,0.595,8.33,14.66,34.13,55.42,1018.79999,1010.47998,0.6,0.79,34,45,552.34998,181.41
1195,2023/12/7 10:45,2023/12/7,10,45,50,35.5186,0.710372,30.950001,0.61900002,8.53,15.13,34.13,53.96,1018.40002,1010.40002,1.4,0.77,114,41,572.78003,355.91
1196,2023/12/7 11:00,2023/12/7,11,0,50,36.3341,0.7266819999999999,31.98,0.6396000000000001,9.35,15.53,34.13,52.67,1018.09998,1010.27002,0.7,0.76,163,37,591.95001,378.94
1197,2023/12/7 11:15,2023/12/7,11,15,50,36.992,0.7398399999999999,32.849998,0.6569999599999999,10.24,15.93,44.13,51.35,1017.59998,1010.09998,0.8,0.74,151,33,609.65002,402.29001
1198,2023/12/7 11:30,2023/12/7,11,30,50,37.4255,0.74851,33.470001,0.6694000200000001,11.67,16.34,47.78,50.04,1017.20001,1009.87,0.9,0.73,54,28,625.67999,422.91
1199,2023/12/7 11:45,2023/12/7,11,45,50,37.579,0.75158,33.900002,0.67800004,12.21,16.73,34.12,48.75,1017,1009.62,1.5,0.72,134,23,639.79999,428.84
1200,2023/12/7 12:00,2023/12/7,12,0,50,37.6245,0.75249,34.259998,0.68519996,13.44,17.11,54.6,47.52,1016.59998,1009.34003,2.9,0.71,110,17,651.84003,442.95999
1201,2023/12/7 12:15,2023/12/7,12,15,50,37.473,0.74946,34.509998,0.6901999600000001,14.6,17.46,64.6,46.36,1016.20001,1009.04999,3.3,0.7,159,12,661.56,446.32001
1202,2023/12/7 12:30,2023/12/7,12,30,50,37.2199,0.744398,34.669998,0.69339996,16.3,17.77,54.6,45.31,1016,1008.76001,1.3,0.69,91,7,668.76001,446.17999
1203,2023/12/7 12:45,2023/12/7,12,45,50,36.6879,0.733758,34.619999,0.69239998,17.46,18.05,44.6,44.39,1015.70001,1008.47998,2.3,0.68,326,2,673.25,445.97
1204,2023/12/7 13:00,2023/12/7,13,0,50,36.0977,0.7219540000000001,34.369999,0.68739998,18.22,18.27,34.6,43.63,1015.40002,1008.22998,1.4,0.68,111,358,674.78003,438.34
1205,2023/12/7 13:15,2023/12/7,13,15,50,35.2858,0.705716,33.830002,0.67660004,18.76,18.45,44.6,43.06,1015.09998,1008.01001,1.7,0.67,324,355,665.71002,430.84
1206,2023/12/7 13:30,2023/12/7,13,30,50,34.1261,0.6825220000000001,33.07,0.6614,18.83,18.55,40.95,42.69,1014.79999,1007.83002,0,0.67,60,353,640.65002,427.67001
1207,2023/12/7 13:45,2023/12/7,13,45,50,32.4784,0.649568,32.040001,0.6408000199999999,19.24,18.59,40.95,42.56,1014.59998,1007.71997,1,0.67,287,352,602.81,405.91
1208,2023/12/7 14:00,2023/12/7,14,0,50,30.9901,0.6198020000000001,30.74,0.6148,18.97,18.58,50.95,42.65,1014.20001,1007.63,2.7,0.67,227,353,555.41998,405.53
1209,2023/12/7 14:15,2023/12/7,14,15,50,29.2776,0.585552,29.07,0.5814,19.24,18.55,44.12,42.9,1014.09998,1007.54999,2.6,0.67,16,357,501.70999,388.32999
1210,2023/12/7 14:30,2023/12/7,14,30,50,27.0753,0.5415059999999999,27.15,0.5429999999999999,18.97,18.49,40.95,43.3,1014,1007.47998,2.5,0.67,320,3,444.89002,356.16
1211,2023/12/7 14:45,2023/12/7,14,45,50,24.6891,0.493782,25.08,0.5015999999999999,19.58,18.41,54.6,43.83,1013.79999,1007.40997,2.6,0.68,318,12,388.20001,325.51001
1212,2023/12/7 15:00,2023/12/7,15,0,50,22.1315,0.4426299999999999,23,0.46,20.81,18.32,40.95,44.48,1013.70001,1007.34003,2.1,0.68,316,23,334.85001,294.53
1213,2023/12/7 15:15,2023/12/7,15,15,50,19.2052,0.384104,20.84,0.4168,21.56,18.2,54.6,45.24,1013.59998,1007.28003,2.8,0.69,281,35,288.06,277.14002
1214,2023/12/7 15:30,2023/12/7,15,30,50,16.1955,0.32391,18.440001,0.3688000199999999,20.95,18.08,40.95,46.1,1013.5,1007.22998,1.9,0.7,335,46,240.53999,251.94
1215,2023/12/7 15:45,2023/12/7,15,45,50,12.9129,0.258258,15.39,0.3078,20.67,17.93,40.95,47.03,1013.59998,1007.17999,3.2,0.71,325,57,186.36,203.69
1216,2023/12/7 16:00,2023/12/7,16,0,50,8.62971,0.1725941999999999,11.68,0.2336,19.99,17.78,47.77,48.03,1013.40002,1007.14001,2.8,0.72,328,66,130.78999,179.09
1217,2023/12/7 16:15,2023/12/7,16,15,50,3.15493,0.0630985999999999,7.56,0.1512,19.44,17.61,50.95,49.08,1013.5,1007.12,2.1,0.73,326,74,79.12,133.97
1218,2023/12/7 16:30,2023/12/7,16,30,50,1.73206,0.0346412,4.07,0.0814,19.31,17.43,57.77,50.16,1013.5,1007.09998,1.2,0.74,313,81,36.61,86.47
1219,2023/12/7 16:45,2023/12/7,16,45,50,0.88152,0.0176304,1.31,0.0262,18.97,17.25,50.95,51.27,1013.70001,1007.09003,1.5,0.75,229,86,0,49.91
1220,2023/12/7 17:00,2023/12/7,17,0,50,0,0,0,0,18.15,16.97,40.95,52.71,1013.70001,1007.10999,0.6,0.78,280,94,0,17.64
1221,2023/12/7 17:15,2023/12/7,17,15,50,0,0,0,0,17.94,16.54,60.95,54.72,1014.09998,1007.14001,1.2,0.85,314,104,0,0
1222,2023/12/7 17:30,2023/12/7,17,30,50,0,0,0,0,16.65,15.97,61.42,57.19,1014.20001,1007.20001,0.7,0.94,321,115,0,0
1223,2023/12/7 17:45,2023/12/7,17,45,50,0,0,0,0,16.65,15.31,40.95,59.98,1014.40002,1007.27002,0.9,1.06,289,125,0,0
1224,2023/12/7 18:00,2023/12/7,18,0,50,0,0,0,0,16.1,14.58,50.95,63,1014.59998,1007.34003,1,1.18,239,134,0,0
1225,2023/12/7 18:15,2023/12/7,18,15,50,0,0,0,0,15.89,13.81,40.95,66.11,1014.59998,1007.41998,0.6,1.32,197,141,0,0
1226,2023/12/7 18:30,2023/12/7,18,30,50,0,0,0,0,15.49,13.03,54.12,69.21,1014.79999,1007.51001,1.3,1.45,201,146,0,0
1227,2023/12/7 18:45,2023/12/7,18,45,50,0,0,0,0,14.8,12.28,51.42,72.18,1014.79999,1007.58002,1.7,1.57,200,150,0,0
1228,2023/12/7 19:00,2023/12/7,19,0,50,0,0,0,0,15.28,11.58,61.42,74.89,1015,1007.65002,1.3,1.68,248,152,0,0
1229,2023/12/7 19:15,2023/12/7,19,15,50,0,0,0,0,13.03,10.96,37.78,77.24,1015,1007.71002,2,1.77,28,154,0,0
1230,2023/12/7 19:30,2023/12/7,19,30,50,0,0,0,0,12.97,10.45,47.78,79.11,1015.20001,1007.75,2.3,1.82,28,155,0,0
1231,2023/12/7 19:45,2023/12/7,19,45,50,0,0,0,0,12.56,10.09,57.78,80.37,1015.40002,1007.76001,4.8,1.84,99,156,0,0
1232,2023/12/7 20:00,2023/12/7,20,0,50,0,0,0,0,12.22,9.82,51.43,81.28,1015.5,1007.76001,3,1.84,119,155,0,0
1233,2023/12/7 20:15,2023/12/7,20,15,50,0,0,0,0,12.42,9.58,68.26,82.15,1015.40002,1007.76001,1.2,1.81,201,155,0,0
1234,2023/12/7 20:30,2023/12/7,20,30,50,0,0,0,0,11.67,9.36,48.26,82.98,1015.59998,1007.77002,3.3,1.78,110,155,0,0
1235,2023/12/7 20:45,2023/12/7,20,45,50,0,0,0,0,11.47,9.17,44.13,83.76,1015.5,1007.77002,3.4,1.74,183,154,0,0
1236,2023/12/7 21:00,2023/12/7,21,0,50,0,0,0,0,11.33,8.99,54.13,84.48,1015.59998,1007.77002,5,1.69,226,154,0,0
1237,2023/12/7 21:15,2023/12/7,21,15,50,0,0,0,0,10.92,8.82,40.96,85.13,1015.70001,1007.77002,3.7,1.64,202,153,0,0
1238,2023/12/7 21:30,2023/12/7,21,30,50,0,0,0,0,10.58,8.66,57.78,85.71,1015.40002,1007.77002,4.2,1.59,186,152,0,0
1239,2023/12/7 21:45,2023/12/7,21,45,50,0,0,0,0,10.03,8.51,40.95,86.21,1015.5,1007.77002,3.3,1.54,186,151,0,0
1240,2023/12/7 22:00,2023/12/7,22,0,50,0,0,0,0,9.83,8.36,40.95,86.61,1015.5,1007.77002,3.1,1.5,76,150,0,0
1241,2023/12/7 22:15,2023/12/7,22,15,50,0,0,0,0,9.76,8.2,40.96,86.92,1015.70001,1007.77002,2.3,1.46,253,150,0,0
1242,2023/12/7 22:30,2023/12/7,22,30,50,0,0,0,0,9.22,8.04,47.78,87.12,1015.79999,1007.77002,2.9,1.44,233,149,0,0
1243,2023/12/7 22:45,2023/12/7,22,45,50,0,0,0,0,9.15,7.86,57.78,87.21,1015.59998,1007.77002,1.9,1.43,264,149,0,0
1244,2023/12/7 23:00,2023/12/7,23,0,50,0,0,0,0,8.94,7.68,47.78,87.23,1015.59998,1007.77002,3.6,1.43,234,148,0,0
1245,2023/12/7 23:15,2023/12/7,23,15,50,0,0,0,0,9.15,7.49,44.13,87.25,1015.70001,1007.75,3.6,1.44,215,148,0,0
1246,2023/12/7 23:30,2023/12/7,23,30,50,0,0,0,0,9.08,7.29,34.13,87.27,1015.59998,1007.71997,3.5,1.44,223,147,0,0
1247,2023/12/7 23:45,2023/12/7,23,45,50,0,0,0,0,9.15,7.09,40.96,87.29,1015.59998,1007.67999,2.7,1.45,314,146,0,0
1248,2023/12/8 0:00,2023/12/8,0,0,50,0,0,0,0,8.25635,7.13,81.5775,91.6,1011.96146,1007.53003,1.60337,1.27,195.7875,147,0,0
1249,2023/12/8 0:15,2023/12/8,0,15,50,0,0,0,0,6.71409,6.99,81.33688,91.25,1012.21284,1007.48999,2.74334,1.27,160.14437,146,0,0
1250,2023/12/8 0:30,2023/12/8,0,30,50,0,0,0,0,6.24,6.85,80.68,90.86,1012.39001,1007.45001,3,1.27,165.42999,145,0,0
1251,2023/12/8 0:45,2023/12/8,0,45,50,0,0,0,0,6.03,6.71,80.29,90.46,1012.14001,1007.40997,2.68,1.27,22.27,145,0,0
1252,2023/12/8 1:00,2023/12/8,1,0,50,0,0,0,0,5.87,6.58,80.77,90.05,1012.31,1007.35999,2.6,1.27,155.36999,144,0,0
1253,2023/12/8 1:15,2023/12/8,1,15,50,0,0,0,0,5.91,6.46,80.05,89.63,1012.31,1007.32001,2.72,1.27,227.7,143,0,0
1254,2023/12/8 1:30,2023/12/8,1,30,50,0,0,0,0,5.63,6.35,79.95,89.23,1012.31,1007.27002,2.77,1.27,101.65,142,0,0
1255,2023/12/8 1:45,2023/12/8,1,45,50,0,0,0,0,5.52,6.25,80.25,88.84,1012.26001,1007.21997,2.82,1.27,59.91,142,0,0
1256,2023/12/8 2:00,2023/12/8,2,0,50,0,0,0,0,5.13,6.15,80.34,88.46,1012.34998,1007.15997,2.91,1.28,171.10001,141,0,0
1257,2023/12/8 2:15,2023/12/8,2,15,50,0,0,0,0,4.87,6.04,80.82,88.07,1012.34998,1007.09003,3.14,1.29,98.42,140,0,0
1258,2023/12/8 2:30,2023/12/8,2,30,50,0,0,0,0,5.03,5.93,80.26,87.65,1012.20001,1007,2.73,1.32,113.27,139,0,0
1259,2023/12/8 2:45,2023/12/8,2,45,50,0,0,0,0,4.54,5.83,80.16,87.22,1012.03998,1006.90002,2.69,1.35,297.69,138,0,0
1260,2023/12/8 3:00,2023/12/8,3,0,50,0,0,0,0,4.36,5.73,79.89,86.78,1012.21997,1006.78998,2.64,1.38,71.49,137,0,0
1261,2023/12/8 3:15,2023/12/8,3,15,50,0,0,0,0,4.29,5.63,80.83,86.32,1012.16998,1006.69,2.62,1.42,52.61,136,0,0
1262,2023/12/8 3:30,2023/12/8,3,30,50,0,0,0,0,4.38,5.54,81.51,85.84,1012.07001,1006.58002,2.65,1.45,83.89,135,0,0
1263,2023/12/8 3:45,2023/12/8,3,45,50,0,0,0,0,4.21,5.47,80.65,85.35,1012.09998,1006.48999,2.68,1.49,167.72,134,0,0
1264,2023/12/8 4:00,2023/12/8,4,0,50,0,0,0,0,4.11,5.4,80.62,84.85,1012.07001,1006.40997,2.72,1.52,57.49,134,0,0
1265,2023/12/8 4:15,2023/12/8,4,15,50,0,0,0,0,3.79,5.35,80.42,84.32,1012.07001,1006.34998,2.72,1.55,150.83,133,0,0
1266,2023/12/8 4:30,2023/12/8,4,30,50,0,0,0,0,3.45,5.32,81.17,83.79,1011.90997,1006.31,2.69,1.58,132.11999,133,0,0
1267,2023/12/8 4:45,2023/12/8,4,45,50,0,0,0,0,3.34,5.31,80.83,83.24,1011.95001,1006.28998,2.66,1.59,74.49,133,0,0
1268,2023/12/8 5:00,2023/12/8,5,0,50,0,0,0,0,3.12,5.33,80.51,82.68,1011.90997,1006.31,2.61,1.6,82.36,133,0,0
1269,2023/12/8 5:15,2023/12/8,5,15,50,0,0,0,0,3.24,5.38,80.18,82.14,1012.07001,1006.37,2.56,1.61,167.02,134,0,0
1270,2023/12/8 5:30,2023/12/8,5,30,50,0,0,0,0,3.26,5.45,81.29,81.59,1011.83002,1006.45001,2.47,1.62,339.01001,134,0,0
1271,2023/12/8 5:45,2023/12/8,5,45,50,0,0,0,0,3.31,5.55,80.87,81.02,1012.03003,1006.56,2.36,1.62,105.98,135,0,0
1272,2023/12/8 6:00,2023/12/8,6,0,50,0,0,0,0,3.17,5.68,80.52,80.44,1012.07001,1006.67999,2.28,1.63,227.14999,135,0,0
1273,2023/12/8 6:15,2023/12/8,6,15,50,0,0,0,0,3.16,5.83,80.61,79.82,1012.19,1006.79999,2.12,1.64,243.53999,136,0,0
1274,2023/12/8 6:30,2023/12/8,6,30,50,0,0,0,0,2.97,6,80.24,79.16,1012.44,1006.92999,2.09,1.64,348.07999,136,0,0
1275,2023/12/8 6:45,2023/12/8,6,45,50,0,0,0.51,0.0102,2.74,6.18,80.68,78.45,1012.54999,1007.04999,2.13,1.65,168.17999,137,25.97,0
1276,2023/12/8 7:00,2023/12/8,7,0,50,0.6364,0.012728,1.59,0.0318,3.03,6.39,80.05,77.68,1012.48999,1007.15002,2.28,1.65,204.23,137,30.11,18.98
1277,2023/12/8 7:15,2023/12/8,7,15,50,1.62443,0.0324886,3.04,0.0608,3.64,6.61,81.57,76.85,1012.57001,1007.23999,2.59,1.66,87.69,137,47.67,52.94
1278,2023/12/8 7:30,2023/12/8,7,30,50,2.70802,0.0541604,4.93,0.0986,4.54,6.85,83.82,75.93,1012.60999,1007.28998,2.78,1.66,141.26,138,81.74,94.21
1279,2023/12/8 7:45,2023/12/8,7,45,50,7.11691,0.1423382,7,0.14,5.6,7.1,84.86,74.93,1012.83002,1007.31,2.8,1.66,157.64,138,128.36,144.16
1280,2023/12/8 8:00,2023/12/8,8,0,50,14.0607,0.281214,9.16,0.1832,6.86,7.48,86.21,73.63,1012.72998,1007.31,2.59,1.65,70.74,137,183.5,195.49
1281,2023/12/8 8:15,2023/12/8,8,15,50,17.4165,0.34833,11.37,0.2274,8.61,8.1,86.53,71.88,1012.73999,1007.31,2.56,1.64,245.60001,135,243.19,246.5
1282,2023/12/8 8:30,2023/12/8,8,30,50,20.7003,0.414006,13.81,0.2762,10.13,8.9,86.47,69.78,1013.15002,1007.29999,2.96,1.61,138.66,131,303.44,295.95999
1283,2023/12/8 8:45,2023/12/8,8,45,50,23.5186,0.470372,16.299999,0.3259999799999999,11.27,9.85,85.92,67.4,1013.14001,1007.28998,3.4,1.58,155.2,126,360.26001,341.67999
1284,2023/12/8 9:00,2023/12/8,9,0,50,26.1915,0.52383,18.9,0.3779999999999999,12.21,10.9,84.78,64.84,1013.46997,1007.28003,3.56,1.55,137.34,120,409.64999,387.41
1285,2023/12/8 9:15,2023/12/8,9,15,50,28.4025,0.5680499999999999,21.27,0.4254,13.05,12.01,84.6,62.17,1013.44,1007.27002,3.48,1.51,130.91,112,447.64999,431.35001
1286,2023/12/8 9:30,2023/12/8,9,30,50,30.5135,0.61027,23.620001,0.47240002,14.32,13.13,83.19,59.5,1013.44,1007.25,3.38,1.48,161.76,103,472.45999,474.07999
1287,2023/12/8 9:45,2023/12/8,9,45,50,32.4852,0.649704,25.75,0.515,15.56,14.24,80.49,56.9,1013.33002,1007.22998,3.24,1.44,93.46,94,494.87,509.89999
1288,2023/12/8 10:00,2023/12/8,10,0,50,34.1393,0.682786,27.809999,0.55619998,16.58,15.27,78.63,54.46,1013.12,1007.21002,3.23,1.41,128.75,86,516.77002,544.71997
1289,2023/12/8 10:15,2023/12/8,10,15,50,35.4202,0.708404,29.58,0.5916,17.51,16.2,76.2,52.27,1012.89001,1007.19,3.26,1.39,127.85,79,537.97998,575.97998
1290,2023/12/8 10:30,2023/12/8,10,30,50,36.5857,0.7317140000000001,30.99,0.6198,18.35,16.97,72.97,50.42,1012.79999,1007.15997,3.31,1.37,145.24,74,558.29999,599.89001
1291,2023/12/8 10:45,2023/12/8,10,45,50,37.4502,0.749004,32.02,0.6404000000000001,19.23,17.54,70.98,48.98,1012.52002,1007.13,3.36,1.37,139.94,71,577.56,621.90002
1292,2023/12/8 11:00,2023/12/8,11,0,50,38.2465,0.76493,32.830002,0.65660004,20.04,18.01,69.19,47.78,1012.15002,1007.06,3.44,1.38,155.86,70,595.59003,638.91998
1293,2023/12/8 11:15,2023/12/8,11,15,50,38.538,0.7707599999999999,33.490002,0.6698000399999999,20.59,18.47,68.2,46.59,1011.87,1006.89001,3.49,1.43,135.2,69,612.16998,652.03998
1294,2023/12/8 11:30,2023/12/8,11,30,50,38.6433,0.772866,34.02,0.6804000000000001,21.37,18.92,68.39,45.42,1011.26001,1006.65002,3.55,1.49,146.42999,68,627.14001,657.90997
1295,2023/12/8 11:45,2023/12/8,11,45,50,38.6918,0.773836,34.349998,0.68699996,22.09,19.36,67.92,44.29,1011.21002,1006.35999,3.61,1.58,126.71,67,640.31,659.54999
1296,2023/12/8 12:00,2023/12/8,12,0,50,38.8725,0.7774500000000001,34.599998,0.69199996,23,19.77,67.1,43.22,1011.02002,1006.02002,3.7,1.68,14.19,67,651.5,663.19
1297,2023/12/8 12:15,2023/12/8,12,15,50,38.9004,0.7780079999999999,34.720001,0.6944000200000001,23.62,20.14,66.57,42.24,1010.72998,1005.66998,3.74,1.79,48.68,67,660.52002,662.16998
1298,2023/12/8 12:30,2023/12/8,12,30,50,38.634,0.77268,34.779999,0.6955999799999999,23.56,20.48,56.92,41.35,1010.26001,1005.31,3.75,1.9,86.21,67,667.19,656.71997
1299,2023/12/8 12:45,2023/12/8,12,45,50,38.0138,0.7602760000000001,34.709999,0.69419998,23.6,20.78,49.19,40.58,1010.20001,1004.96997,3.84,2.01,41.77,68,671.33002,647.12
1300,2023/12/8 13:00,2023/12/8,13,0,50,37.0505,0.74101,34.43,0.6886,23.99,21.02,54.33,39.95,1009.79999,1004.65002,3.86,2.11,106.77,68,672.75,628.40002
1301,2023/12/8 13:15,2023/12/8,13,15,50,35.8747,0.717494,33.790001,0.67580002,24.61,21.2,53.55,39.48,1009.81,1004.38,3.89,2.21,64.02,68,663.59003,606.13
1302,2023/12/8 13:30,2023/12/8,13,30,50,34.7807,0.6956140000000001,32.75,0.655,24.98,21.31,56.33,39.18,1009.34998,1004.16998,3.96,2.29,133.25,69,638.28998,582.64001
1303,2023/12/8 13:45,2023/12/8,13,45,50,33.3015,0.6660299999999999,31.43,0.6286,25.21,21.35,46.46,39.08,1009.08002,1004.04999,4.07,2.34,60.75,69,600.13,552.85999
1304,2023/12/8 14:00,2023/12/8,14,0,50,31.6068,0.632136,29.92,0.5984,25.66,21.24,42.13,39.61,1008.78998,1003.96997,4.13,2.39,60.43,70,552.34998,520.48999
1305,2023/12/8 14:15,2023/12/8,14,15,50,29.7867,0.595734,28.23,0.5646,25.95,20.94,50.32,41.1,1008.67999,1003.89001,4.14,2.43,68.12,72,498.25,484.45001
1306,2023/12/8 14:30,2023/12/8,14,30,50,27.6424,0.552848,26.360001,0.52720002,26.51,20.49,52.26,43.35,1008.51001,1003.82001,4.18,2.48,28.53,76,441.10001,434.38
1307,2023/12/8 14:45,2023/12/8,14,45,50,25.5977,0.511954,24.4,0.488,26.485,19.92,49.915,46.18,1008.35001,1003.75,4.17,2.52,126.44,80,384.17001,389.235
1308,2023/12/8 15:00,2023/12/8,15,0,50,23.027,0.46054,22.43,0.4486,26.46,19.28,49.1,49.38,1008.19,1003.69,4.04,2.56,135.78,85,330.72,346.63
1309,2023/12/8 15:15,2023/12/8,15,15,50,20.3489,0.406978,20.32,0.4064,26.46,18.59,47.95,52.77,1008.19,1003.64001,3.3,2.6,126.27,90,284.04001,317.48001
1310,2023/12/8 15:30,2023/12/8,15,30,50,17.1385,0.34277,17.889999,0.35779998,25.97,17.91,43.47,56.16,1008.21997,1003.59003,2.78,2.63,124.87,95,236.89999,268.07001
1311,2023/12/8 15:45,2023/12/8,15,45,50,14.0269,0.280538,14.87,0.2974,25.86,17.27,43.01,59.37,1008.22998,1003.54999,2.55,2.66,109.37,100,183.38001,219.52
1312,2023/12/8 16:00,2023/12/8,16,0,50,9.0892,0.181784,11.23,0.2246,25.71,16.7,43.24,62.19,1008.44,1003.52002,2.72,2.69,115.73,104,128.60001,169.83
1313,2023/12/8 16:15,2023/12/8,16,15,50,2.72627,0.0545254,7.27,0.1454,25.47,16.25,46.33,64.44,1008.27002,1003.48999,2.71,2.7,110.02,107,77.74,122.32
1314,2023/12/8 16:30,2023/12/8,16,30,50,1.36168,0.0272336,3.9,0.078,25.34,15.95,48.43,65.93,1008.15002,1003.47998,2.77,2.72,104.86,110,35.96,78.75
1315,2023/12/8 16:45,2023/12/8,16,45,50,0.83557,0.0167114,1.25,0.025,24.26,15.84,48.53,66.47,1008.19,1003.46997,2.95,2.72,133.71001,111,0,20.6
1316,2023/12/8 17:00,2023/12/8,17,0,50,0,0,0,0,23.09,15.84,50.7,66.24,1008.22998,1003.48999,2.95,2.71,209.69,112,0,7.15
1317,2023/12/8 17:15,2023/12/8,17,15,50,0,0,0,0,21.78,15.86,52.82,65.62,1008.32001,1003.52002,2.83,2.67,152.10001,113,0,0
1318,2023/12/8 17:30,2023/12/8,17,30,50,0,0,0,0,20.18,15.88,54.84,64.67,1008.32001,1003.58002,2.74,2.62,68.88,114,0,0
1319,2023/12/8 17:45,2023/12/8,17,45,50,0,0,0,0,19.24,15.9,56.12,63.48,1008.28003,1003.65002,2.67,2.55,170.5,115,0,0
1320,2023/12/8 18:00,2023/12/8,18,0,50,0,0,0,0,18.36,15.93,57.38,62.14,1008.44,1003.73999,2.64,2.47,214.17,116,0,0
1321,2023/12/8 18:15,2023/12/8,18,15,50,0,0,0,0,17.49,15.96,58.66,60.71,1008.52002,1003.83002,2.58,2.39,167.07001,118,0,0
1322,2023/12/8 18:30,2023/12/8,18,30,50,0,0,0,0,16.98,16,59.37,59.29,1008.76001,1003.92999,2.49,2.29,152.7,120,0,0
1323,2023/12/8 18:45,2023/12/8,18,45,50,0,0,0,0,16.67,16.02,59.82,57.94,1008.82001,1004.03003,2.41,2.2,223.94,122,0,0
1324,2023/12/8 19:00,2023/12/8,19,0,50,0,0,0,0,16.38,16.05,60.18,56.76,1008.66998,1004.12,2.35,2.1,42.91,124,0,0
1325,2023/12/8 19:15,2023/12/8,19,15,50,0,0,0,0,16.11,16.07,60.39,55.81,1008.82001,1004.21002,2.26,2.02,320.48001,126,0,0
1326,2023/12/8 19:30,2023/12/8,19,30,50,0,0,0,0,15.87,16.08,60.7,55.19,1008.84998,1004.28998,2.2,1.94,283.97,127,0,0
1327,2023/12/8 19:45,2023/12/8,19,45,50,0,0,0,0,15.58,16.09,61.73,54.96,1008.97998,1004.34998,2.14,1.87,142.16,129,0,0
1328,2023/12/8 20:00,2023/12/8,20,0,50,0,0,0,0,15.43,16.06,62.26,55.17,1008.85999,1004.40002,2.01,1.8,136.06,130,0,0
1329,2023/12/8 20:15,2023/12/8,20,15,50,0,0,0,0,15.19,15.99,65.21,55.78,1008.97998,1004.45001,1.88,1.73,71.21,131,0,0
1330,2023/12/8 20:30,2023/12/8,20,30,50,0,0,0,0,15.16,15.88,64.63,56.71,1009.31,1004.48999,1.67,1.66,217.5,132,0,0
1331,2023/12/8 20:45,2023/12/8,20,45,50,0,0,0,0,15.19,15.74,64.4,57.91,1009.19,1004.53003,1.47,1.59,129.22,133,0,0
1332,2023/12/8 21:00,2023/12/8,21,0,50,0,0,0,0,15.23,15.58,63.92,59.33,1009.19,1004.56,1.33,1.52,167.83,134,0,0
1333,2023/12/8 21:15,2023/12/8,21,15,50,0,0,0,0,15.38,15.4,64.06,60.89,1009.27002,1004.59998,1.27,1.45,121.47,135,0,0
1334,2023/12/8 21:30,2023/12/8,21,30,50,0,0,0,0,15.44,15.21,64.25,62.55,1009.10999,1004.63,1.26,1.38,126.59,135,0,0
1335,2023/12/8 21:45,2023/12/8,21,45,50,0,0,0,0,15.44,15.02,64.51,64.25,1009.42999,1004.66998,1.31,1.33,217.91,136,0,0
1336,2023/12/8 22:00,2023/12/8,22,0,50,0,0,0,0,15.36,14.83,64.21,65.91,1009.76001,1004.71997,1.4,1.28,215.25,136,0,0
1337,2023/12/8 22:15,2023/12/8,22,15,50,0,0,0,0,15.25,14.65,64.13,67.5,1009.84003,1004.76001,1.47,1.24,356.98001,137,0,0
1338,2023/12/8 22:30,2023/12/8,22,30,50,0,0,0,0,15.09,14.5,64.24,68.94,1009.51001,1004.82001,1.55,1.22,147.27,137,0,0
1339,2023/12/8 22:45,2023/12/8,22,45,50,0,0,0,0,15.18,14.37,65.23,70.17,1009.47998,1004.88,1.73,1.21,130.64999,137,0,0
1340,2023/12/8 23:00,2023/12/8,23,0,50,0,0,0,0,15.52,14.26,65.47,71.32,1009.51001,1004.96002,1.97,1.22,173.26,137,0,0
1341,2023/12/8 23:15,2023/12/8,23,15,50,0,0,0,0,15.42,14.14,65.47,72.52,1009.64001,1005.08002,2.02,1.24,346.25,136,0,0
1342,2023/12/8 23:30,2023/12/8,23,30,50,0,0,0,0,15.14,14.03,65.46,73.75,1010.01001,1005.21997,2.07,1.26,152.51,135,0,0
1343,2023/12/8 23:45,2023/12/8,23,45,50,0,0,0,0,14.99,13.93,65.69,74.98,1010.01001,1005.38,2.11,1.3,26.72,134,0,0
1344,2024/1/1 0:00,2024/1/1,0,0,50,0,0,0,0,11.1775,7.94,61.53875,56.42,1018.90605,1014.82001,4.14657,5.14,108.07625,99,0,0
1345,2024/1/1 0:15,2024/1/1,0,15,50,0,0,0,0,10.98438,7.73,60.33219,56.67,1019.44403,1014.83002,3.28164,5.23,110.83406,99,0,0
1346,2024/1/1 0:30,2024/1/1,0,30,50,0,0,0,0,10.79,7.52,59.86,56.94,1019.53998,1014.83002,2.98,5.3,81.73,99,0,0
1347,2024/1/1 0:45,2024/1/1,0,45,50,0,0,0,0,10.57,7.31,59.12,57.22,1019.33002,1014.83002,2.99,5.38,99.63,99,0,0
1348,2024/1/1 1:00,2024/1/1,1,0,50,0,0,0,0,10.21,7.11,59.46,57.51,1019.5,1014.83002,2.97,5.44,104.21,99,0,0
1349,2024/1/1 1:15,2024/1/1,1,15,50,0,0,0,0,10.12,6.91,58.7,57.8,1019.37,1014.83002,2.91,5.5,86.23,99,0,0
1350,2024/1/1 1:30,2024/1/1,1,30,50,0,0,0,0,9.91,6.72,58.47,58.09,1019.33002,1014.83002,2.83,5.55,104.34,99,0,0
1351,2024/1/1 1:45,2024/1/1,1,45,50,0,0,0,0,9.57,6.54,58.86,58.37,1019.37,1014.83002,2.76,5.59,99.05,99,0,0
1352,2024/1/1 2:00,2024/1/1,2,0,50,0,0,0,0,9.26,6.37,59.22,58.64,1019.53998,1014.82001,2.62,5.62,90.41,99,0,0
1353,2024/1/1 2:15,2024/1/1,2,15,50,0,0,0,0,8.97,6.18,59.64,58.92,1019.58002,1014.79999,2.5,5.66,92.46,99,0,0
1354,2024/1/1 2:30,2024/1/1,2,30,50,0,0,0,0,8.75,5.99,60.02,59.21,1019.40002,1014.76001,2.38,5.69,89.73,99,0,0
1355,2024/1/1 2:45,2024/1/1,2,45,50,0,0,0,0,8.59,5.81,60.38,59.51,1019.5,1014.71002,2.33,5.72,118.95,99,0,0
1356,2024/1/1 3:00,2024/1/1,3,0,50,0,0,0,0,8.45,5.62,60.49,59.83,1019.78998,1014.65997,2.32,5.75,98.03,99,0,0
1357,2024/1/1 3:15,2024/1/1,3,15,50,0,0,0,0,8.32,5.44,60.86,60.17,1019.72998,1014.60999,2.31,5.78,83.12,99,0,0
1358,2024/1/1 3:30,2024/1/1,3,30,50,0,0,0,0,8.1,5.28,61.09,60.52,1019.82001,1014.54999,2.21,5.8,100.44,99,0,0
1359,2024/1/1 3:45,2024/1/1,3,45,50,0,0,0,0,7.91,5.12,61.47,60.89,1019.81,1014.5,2.08,5.82,105.72,99,0,0
1360,2024/1/1 4:00,2024/1/1,4,0,50,0,0,0,0,7.66,4.98,61.96,61.29,1019.81,1014.45001,1.88,5.84,107.56,99,0,0
1361,2024/1/1 4:15,2024/1/1,4,15,50,0,0,0,0,7.52,4.87,62.58,61.71,1019.98999,1014.41998,1.78,5.85,105.76,99,0,0
1362,2024/1/1 4:30,2024/1/1,4,30,50,0,0,0,0,7.34,4.77,62.86,62.15,1019.90002,1014.39001,1.71,5.86,109,99,0,0
1363,2024/1/1 4:45,2024/1/1,4,45,50,0,0,0,0,7.13,4.71,63.42,62.63,1019.94,1014.38,1.67,5.86,86.98,99,0,0
1364,2024/1/1 5:00,2024/1/1,5,0,50,0,0,0,0,7.07,4.66,64.01,63.22,1020.15997,1014.41998,1.64,5.85,123.61,99,0,0
1365,2024/1/1 5:15,2024/1/1,5,15,50,0,0,0,0,6.89,4.61,64.26,64,1020.03003,1014.53998,1.63,5.83,130.77,99,0,0
1366,2024/1/1 5:30,2024/1/1,5,30,50,0,0,0,0,6.77,4.56,64.75,64.92,1020.35999,1014.71002,1.62,5.78,93.35,99,0,0
1367,2024/1/1 5:45,2024/1/1,5,45,50,0,0,0,0,6.6,4.52,65.04,65.93,1020.23999,1014.92999,1.6,5.73,93.81,99,0,0
1368,2024/1/1 6:00,2024/1/1,6,0,50,0,0,0,0,6.49,4.48,65.25,66.99,1020.40002,1015.16998,1.56,5.67,99.25,99,0,0
1369,2024/1/1 6:15,2024/1/1,6,15,50,0,0,0,0,6.31,4.44,65.19,68.06,1020.65002,1015.42999,1.52,5.6,122.95,99,0,0
1370,2024/1/1 6:30,2024/1/1,6,30,50,0,0,0,0,6.16,4.41,65.51,69.08,1020.81,1015.69,1.5,5.52,101.15,100,0,0
1371,2024/1/1 6:45,2024/1/1,6,45,50,0,0,0,0,6,4.38,65.83,70.02,1020.89001,1015.92999,1.49,5.45,106.81,100,0,0
1372,2024/1/1 7:00,2024/1/1,7,0,50,0,0,0.45,0.009,5.9,4.36,66.04,70.82,1021.14001,1016.15002,1.49,5.38,116.15,100,15.41,0
1373,2024/1/1 7:15,2024/1/1,7,15,50,0.56081,0.0112162,0.9,0.018,5.71,4.34,66.11,71.46,1021.34003,1016.32001,1.5,5.32,103.17,100,28.1,6.12
1374,2024/1/1 7:30,2024/1/1,7,30,50,1.64931,0.0329862,2.26,0.0452,5.69,4.33,66.74,71.87,1021.47998,1016.44,1.9,5.27,92.09,100,53.74,22.02
1375,2024/1/1 7:45,2024/1/1,7,45,50,3.06311,0.0612622,4.52,0.0904,5.77,4.33,66.81,72.02,1021.51001,1016.47998,2.24,5.22,109.93,100,89.35,46.36
1376,2024/1/1 8:00,2024/1/1,8,0,50,5.17792,0.1035584,6.69,0.1338,6.03,4.4,67.15,71.82,1021.57001,1016.47998,2.3,5.19,113.76,100,131.92999,78.44
1377,2024/1/1 8:15,2024/1/1,8,15,50,7.98613,0.1597226,9.42,0.1884,6.4,4.58,67.29,71.29,1021.44,1016.46997,2.12,5.16,117.97,100,178.49,117.55
1378,2024/1/1 8:30,2024/1/1,8,30,50,10.3334,0.206668,12.34,0.2468,6.85,4.87,67.1,70.45,1021.87,1016.46997,1.93,5.14,114.69,99,226.01,158.89999
1379,2024/1/1 8:45,2024/1/1,8,45,50,12.4811,0.2496219999999999,14.99,0.2998,7.27,5.24,66.44,69.39,1022.12,1016.46002,1.77,5.12,124.14,98,271.51999,194.94
1380,2024/1/1 9:00,2024/1/1,9,0,50,15.2657,0.305314,17.530001,0.3506000199999999,7.7,5.67,65.94,68.14,1022.29999,1016.45001,1.73,5.1,110.99,97,312.01001,234.86
1381,2024/1/1 9:15,2024/1/1,9,15,50,17.9255,0.35851,19.610001,0.39220002,8.07,6.15,65.38,66.78,1022.51001,1016.44,1.62,5.07,95.32,95,344.48999,277.78
1382,2024/1/1 9:30,2024/1/1,9,30,50,20.8063,0.416126,21.459999,0.42919998,8.47,6.66,64.34,65.34,1022.40002,1016.42999,1.46,5.05,87.71,94,367.60998,316.12
1383,2024/1/1 9:45,2024/1/1,9,45,50,23.4165,0.4683299999999999,23.83,0.4765999999999999,9.09,7.18,63.74,63.9,1022.52002,1016.41998,1.49,5.03,89.74,92,389.31,361.51001
1384,2024/1/1 10:00,2024/1/1,10,0,50,25.8149,0.516298,26.120001,0.52240002,9.59,7.68,63.3,62.51,1022.47998,1016.40002,1.48,5.01,98.15,91,410.89002,401.54001
1385,2024/1/1 10:15,2024/1/1,10,15,50,27.8671,0.557342,28.01,0.5602,10.1,8.16,62.38,61.21,1022.46997,1016.39001,1.5,4.98,85.85,90,432.10998,433.78
1386,2024/1/1 10:30,2024/1/1,10,30,50,29.3741,0.587482,29.85,0.597,10.62,8.59,61.75,60.08,1022.02002,1016.37,1.55,4.95,103.1,89,452.73999,477.59
1387,2024/1/1 10:45,2024/1/1,10,45,50,30.7284,0.614568,31.450001,0.62900002,10.96,8.96,60.06,59.16,1021.87,1016.34998,1.51,4.92,69.22,88,472.53,497.81
1388,2024/1/1 11:00,2024/1/1,11,0,50,32.2867,0.645734,33.119999,0.66239998,11.16,9.3,59.06,58.35,1021.90002,1016.27002,1.42,4.87,52.34,88,491.25,528.71997
1389,2024/1/1 11:15,2024/1/1,11,15,50,32.9309,0.658618,33.919998,0.67839996,11.41,9.67,58.45,57.51,1021.63,1016.09003,1.35,4.82,93.43,87,508.66,551.32001
1390,2024/1/1 11:30,2024/1/1,11,30,50,33.7786,0.675572,34.57,0.6914,12.16,10.05,58.77,56.65,1021.53998,1015.83002,1.29,4.76,128.2,87,524.52002,564.34998
1391,2024/1/1 11:45,2024/1/1,11,45,50,34.0916,0.681832,34.799999,0.69599998,12.45,10.44,57.76,55.81,1021.28998,1015.51001,1.23,4.7,95.11,86,538.59003,577.20001
1392,2024/1/1 12:00,2024/1/1,12,0,50,33.668,0.67336,35.029999,0.7005999799999999,12.57,10.81,57.3,54.99,1021.08002,1015.15002,1.16,4.63,65.62,86,550.64001,576.34003
1393,2024/1/1 12:15,2024/1/1,12,15,50,33.6218,0.672436,35.07,0.7014,12.7,11.17,56.74,54.21,1020.63,1014.76001,1.14,4.55,107.37,85,560.42999,578.35999
1394,2024/1/1 12:30,2024/1/1,12,30,50,28.652,0.57304,34.919998,0.69839996,13.43,11.5,56.85,53.51,1020.46002,1014.35999,1.13,4.48,82.49,85,567.71002,580.29999
1395,2024/1/1 12:45,2024/1/1,12,45,50,27.3605,0.54721,34.439999,0.68879998,13.6,11.8,56.02,52.88,1020.07001,1013.97998,1.1,4.39,123.85,84,572.25,583.40002
1396,2024/1/1 13:00,2024/1/1,13,0,50,23.7952,0.475904,33.880001,0.67760002,13.75,12.04,55.11,52.37,1020.06,1013.63,1.08,4.31,110.35,84,573.82001,567.98999
1397,2024/1/1 13:15,2024/1/1,13,15,50,21.7903,0.4358059999999999,32.619999,0.65239998,14.07,12.23,55.18,51.97,1019.78003,1013.34003,1.05,4.23,144.24,83,566.71002,555.96997
1398,2024/1/1 13:30,2024/1/1,13,30,50,21.7188,0.434376,31.58,0.6315999999999999,14.42,12.35,54.49,51.72,1019.65002,1013.10999,1.05,4.15,112.64,83,547.03998,541.77002
1399,2024/1/1 13:45,2024/1/1,13,45,50,23.6375,0.47275,29.98,0.5996,14.93,12.4,52.78,51.64,1019.46002,1012.97998,1.06,4.06,67.78,83,517.28998,517.83002
1400,2024/1/1 14:00,2024/1/1,14,0,50,26.355,0.5271,28.5,0.57,15.18,12.37,53.69,51.72,1019.12,1012.90002,1.08,3.98,116.55,83,479.95001,491.26001
1401,2024/1/1 14:15,2024/1/1,14,15,50,25.8051,0.516102,26.76,0.5352,15.47,12.31,52.32,51.94,1018.95001,1012.82001,1.06,3.87,78.85,83,437.51001,464.06
1402,2024/1/1 14:30,2024/1/1,14,30,50,23.7179,0.474358,24.6,0.492,15.6,12.22,52.84,52.29,1018.63,1012.75,1.05,3.76,119.99,83,392.44,430.84
1403,2024/1/1 14:45,2024/1/1,14,45,50,21.8685,0.43737,22.809999,0.45619998,16.06,12.09,51.25,52.74,1018.34998,1012.69,1.05,3.64,41.93,83,347.23999,399.14002
1404,2024/1/1 15:00,2024/1/1,15,0,50,19.2536,0.3850719999999999,20.049999,0.40099998,15.99,11.94,52.2,53.26,1017.96997,1012.63,1.09,3.52,69.5,84,304.39002,366.73001
1405,2024/1/1 15:15,2024/1/1,15,15,50,16.6612,0.333224,17.51,0.3502,16.17,11.77,51.59,53.86,1017.77002,1012.57001,1.14,3.41,45.36,84,266.38,321.22
1406,2024/1/1 15:30,2024/1/1,15,30,50,13.7659,0.275318,15.04,0.3007999999999999,16.41,11.58,51.91,54.49,1017.63,1012.52002,1.16,3.29,79.27,85,227.39,277.42001
1407,2024/1/1 15:45,2024/1/1,15,45,50,11.0204,0.220408,12.58,0.2516,16.09,11.39,51.39,55.13,1017.59003,1012.47998,1.16,3.19,97.35,86,182.51,236.67999
1408,2024/1/1 16:00,2024/1/1,16,0,50,8.56898,0.1713796,9.86,0.1972,16.12,11.19,52.26,55.78,1017.60999,1012.45001,1.12,3.1,68.4,87,135.52,190.73
1409,2024/1/1 16:15,2024/1/1,16,15,50,5.28562,0.1057124,6.73,0.1346,15.9,10.98,51.99,56.41,1017.63,1012.42999,0.49,3.03,103.41,88,90.23,151.58
1410,2024/1/1 16:30,2024/1/1,16,30,50,3.23443,0.0646886,3.37,0.0674,15.56,10.78,52.28,56.99,1017.64001,1012.40997,1.24,2.98,105.06,89,50.45,112.6
1411,2024/1/1 16:45,2024/1/1,16,45,50,1.78072,0.0356144,1.35,0.027,15.08,10.59,53.01,57.5,1017.63,1012.40997,1.69,2.96,106.71,89,19.97,74.88
1412,2024/1/1 17:00,2024/1/1,17,0,50,0.00177,3.54e-05,0.67,0.0134,14.46,10.39,53.72,58.01,1017.72998,1012.41998,1.86,2.95,81.48,90,0,40.32
1413,2024/1/1 17:15,2024/1/1,17,15,50,0,0,0,0,13.76,10.16,54.41,58.57,1017.81,1012.46997,1.81,2.94,116.52,91,0,8.95
1414,2024/1/1 17:30,2024/1/1,17,30,50,0,0,0,0,12.85,9.9,55.18,59.17,1017.92999,1012.54999,1.73,2.93,131.92999,92,0,0
1415,2024/1/1 17:45,2024/1/1,17,45,50,0,0,0,0,12.11,9.62,55.87,59.78,1018.06,1012.64001,1.68,2.93,105.91,93,0,0
1416,2024/1/1 18:00,2024/1/1,18,0,50,0,0,0,0,11.57,9.33,56.64,60.39,1018.13,1012.73999,1.63,2.92,66.53,94,0,0
1417,2024/1/1 18:15,2024/1/1,18,15,50,0,0,0,0,10.87,9.05,57.48,60.98,1018.17999,1012.84998,1.94,2.91,63.1,95,0,0
1418,2024/1/1 18:30,2024/1/1,18,30,50,0,0,0,0,10.53,8.77,58.1,61.53,1018.34998,1012.96997,1.97,2.91,75.63,96,0,0
1419,2024/1/1 18:45,2024/1/1,18,45,50,0,0,0,0,9.92,8.5,58.29,62.02,1018.42999,1013.07001,2.18,2.9,142.61,98,0,0
1420,2024/1/1 19:00,2024/1/1,19,0,50,0,0,0,0,9.07,8.26,59.31,62.44,1018.51001,1013.15997,1.76,2.9,169.42,99,0,0
1421,2024/1/1 19:15,2024/1/1,19,15,50,0,0,0,0,8.48,8.04,59.08,62.76,1018.59998,1013.23999,1.45,2.9,227.67,100,0,0
1422,2024/1/1 19:30,2024/1/1,19,30,50,0,0,0,0,7.93,7.86,59.07,62.96,1018.51001,1013.28003,1.49,2.9,258.72,101,0,0
1423,2024/1/1 19:45,2024/1/1,19,45,50,0,0,0,0,7.46,7.73,59.15,63.04,1018.63,1013.29999,1.46,2.9,256.10998,102,0,0
1424,2024/1/1 20:00,2024/1/1,20,0,50,0,0,0,0,7.07,7.63,59.38,62.93,1018.77002,1013.29999,1.55,2.91,199.02,102,0,0
1425,2024/1/1 20:15,2024/1/1,20,15,50,0,0,0,0,6.8,7.54,60.6,62.63,1018.88,1013.29999,1.54,2.94,159.69,103,0,0
1426,2024/1/1 20:30,2024/1/1,20,30,50,0,0,0,0,6.45,7.45,61.73,62.18,1018.67999,1013.29999,1.64,3,122.05,104,0,0
1427,2024/1/1 20:45,2024/1/1,20,45,50,0,0,0,0,6.11,7.38,63.44,61.61,1018.67999,1013.28998,1.84,3.06,166.99,105,0,0
1428,2024/1/1 21:00,2024/1/1,21,0,50,0,0,0,0,6.11,7.31,63.97,60.97,1018.84998,1013.28998,1.97,3.14,253.89999,105,0,0
1429,2024/1/1 21:15,2024/1/1,21,15,50,0,0,0,0,5.7,7.25,63.33,60.29,1018.92999,1013.28998,1.93,3.21,231.81,106,0,0
1430,2024/1/1 21:30,2024/1/1,21,30,50,0,0,0,0,5.35,7.19,62.65,59.61,1018.84998,1013.28003,1.69,3.29,262.20999,106,0,0
1431,2024/1/1 21:45,2024/1/1,21,45,50,0,0,0,0,5.1,7.13,62.12,58.97,1018.84998,1013.27002,1.49,3.37,219.89,107,0,0
1432,2024/1/1 22:00,2024/1/1,22,0,50,0,0,0,0,4.89,7.07,61.81,58.4,1018.89001,1013.27002,1.31,3.43,319.31,107,0,0
1433,2024/1/1 22:15,2024/1/1,22,15,50,0,0,0,0,5,7.02,61.81,57.95,1018.89001,1013.26001,1.36,3.48,7.48,108,0,0
1434,2024/1/1 22:30,2024/1/1,22,30,50,0,0,0,0,5,6.96,61.81,57.65,1019.01001,1013.25,1.44,3.52,220.57001,108,0,0
1435,2024/1/1 22:45,2024/1/1,22,45,50,0,0,0,0,5.08,6.89,61.68,57.54,1018.72998,1013.23999,1.35,3.53,170.63001,109,0,0
1436,2024/1/1 23:00,2024/1/1,23,0,50,0,0,0,0,5.04,6.83,61.72,57.58,1018.81,1013.22998,1.1,3.53,77.84,109,0,0
1437,2024/1/1 23:15,2024/1/1,23,15,50,0,0,0,0,4.96,6.77,61.57,57.67,1018.52002,1013.21002,0.9,3.53,225.41,110,0,0
1438,2024/1/1 23:30,2024/1/1,23,30,50,0,0,0,0,4.97,6.71,61.68,57.82,1018.69,1013.17999,1.14,3.52,225.17,111,0,0
1439,2024/1/1 23:45,2024/1/1,23,45,50,0,0,0,0,4.7,6.65,61.68,58.02,1018.59998,1013.15002,1.45,3.52,237.08,111,0,0
1440,2024/1/11 0:00,2024/1/11,0,0,50,0,0,0,0,3.24625,4.49,105.32319,72.22,1011.30946,1013.85999,1.02642,1.94,120.805,82,0,0
1441,2024/1/11 0:15,2024/1/11,0,15,50,0,0,0,0,2.38906,4.24,75.32319,73.28,1013.18238,1013.82001,1.77161,1.95,60.90125,87,0,0
1442,2024/1/11 0:30,2024/1/11,0,30,50,0,0,0,0,2.03,4,76.86,74.33,1013.77002,1013.77002,2,1.95,70.01,92,0,0
1443,2024/1/11 0:45,2024/1/11,0,45,50,0,0,0,0,1.92,3.76,78.53,75.33,1013.71997,1013.71997,1.98,1.95,51.27,96,0,0
1444,2024/1/11 1:00,2024/1/11,1,0,50,0,0,0,0,1.73,3.55,78.94,76.24,1013.65997,1013.65997,1.96,1.96,59.46,100,0,0
1445,2024/1/11 1:15,2024/1/11,1,15,50,0,0,0,0,1.6,3.35,79.43,77.03,1013.60999,1013.60999,1.94,1.97,84.42,104,0,0
1446,2024/1/11 1:30,2024/1/11,1,30,50,0,0,0,0,1.42,3.18,78.92,77.65,1013.54999,1013.54999,1.93,1.97,132.23,106,0,0
1447,2024/1/11 1:45,2024/1/11,1,45,50,0,0,0,0,1.34,3.06,78.52,78.06,1013.48999,1013.48999,1.93,1.98,74.32,108,0,0
1448,2024/1/11 2:00,2024/1/11,2,0,50,0,0,0,0,1.14,2.95,78.47,78.36,1013.42999,1013.42999,1.94,1.99,95.54,109,0,0
1449,2024/1/11 2:15,2024/1/11,2,15,50,0,0,0,0,1.04,2.84,77.87,78.64,1013.34003,1013.34003,1.96,2.01,92.45,110,0,0
1450,2024/1/11 2:30,2024/1/11,2,30,50,0,0,0,0,1.03,2.74,77.55,78.91,1013.22998,1013.22998,1.99,2.04,232.45,111,0,0
1451,2024/1/11 2:45,2024/1/11,2,45,50,0,0,0,0,0.82,2.64,76.92,79.16,1013.12,1013.12,2.02,2.07,130.94,112,0,0
1452,2024/1/11 3:00,2024/1/11,3,0,50,0,0,0,0,0.62,2.54,76.84,79.39,1013,1013,2.07,2.1,130.86999,112,0,0
1453,2024/1/11 3:15,2024/1/11,3,15,50,0,0,0,0,0.47,2.46,76.72,79.6,1012.88,1012.88,2.11,2.14,138.35001,113,0,0
1454,2024/1/11 3:30,2024/1/11,3,30,50,0,0,0,0,0.49,2.38,76.5,79.79,1012.76001,1012.76001,2.16,2.18,240.96001,113,0,0
1455,2024/1/11 3:45,2024/1/11,3,45,50,0,0,0,0,0.48,2.31,76.27,79.94,1012.65997,1012.65997,2.2,2.22,232.76,114,0,0
1456,2024/1/11 4:00,2024/1/11,4,0,50,0,0,0,0,0.2,2.25,76.26,80.07,1012.56,1012.56,2.23,2.26,238.21001,114,0,0
1457,2024/1/11 4:15,2024/1/11,4,15,50,0,0,0,0,0.12,2.21,76.57,80.17,1012.48999,1012.48999,2.26,2.3,170.92999,115,0,0
1458,2024/1/11 4:30,2024/1/11,4,30,50,0,0,0,0,-0.02,2.19,76.07,80.23,1012.45001,1012.45001,2.28,2.33,105.7,115,0,0
1459,2024/1/11 4:45,2024/1/11,4,45,50,0,0,0,0,-0.22,2.18,77.19,80.25,1012.42999,1012.42999,2.29,2.36,59,116,0,0
1460,2024/1/11 5:00,2024/1/11,5,0,50,0,0,0,0,-0.37,2.18,76.7,80.24,1012.46002,1012.46002,2.27,2.38,51.01,117,0,0
1461,2024/1/11 5:15,2024/1/11,5,15,50,0,0,0,0,-0.44,2.2,77.75,80.24,1012.54999,1012.54999,2.23,2.41,50.79,118,0,0
1462,2024/1/11 5:30,2024/1/11,5,30,50,0,0,0,0,-0.44,2.22,79.3,80.23,1012.67999,1012.67999,2.16,2.43,62.94,119,0,0
1463,2024/1/11 5:45,2024/1/11,5,45,50,0,0,0,0,-0.48,2.26,79.16,80.22,1012.84998,1012.84998,2.07,2.45,83.21,121,0,0
1464,2024/1/11 6:00,2024/1/11,6,0,50,0,0,0,0,-0.58,2.3,78.32,80.21,1013.03998,1013.03998,1.97,2.48,43.19,122,0,0
1465,2024/1/11 6:15,2024/1/11,6,15,50,0,0,0,0,-0.72,2.35,78.95,80.19,1013.23999,1013.23999,1.87,2.5,57.18,123,0,0
1466,2024/1/11 6:30,2024/1/11,6,30,50,0,0,0,0,-0.77,2.41,79.36,80.17,1013.44,1013.44,1.76,2.52,89.74,125,0,0
1467,2024/1/11 6:45,2024/1/11,6,45,50,0,0,0,0,-0.75,2.48,79.96,80.15,1013.63,1013.63,1.66,2.54,170.77,126,0,0
1468,2024/1/11 7:00,2024/1/11,7,0,50,0,0,0.55,0.011,-0.79,2.55,79.94,80.12,1013.79999,1013.79999,1.56,2.55,68.54,127,15.53,0
1469,2024/1/11 7:15,2024/1/11,7,15,50,0.79107,0.0158214,1.1,0.022,-0.88,2.64,80.11,80.1,1013.94,1013.94,1.48,2.57,76.21,127,28.66,1.22
1470,2024/1/11 7:30,2024/1/11,7,30,50,2.00086,0.0400171999999999,2.75,0.055,-0.93,2.72,79.97,80.07,1014.02002,1014.02002,1.42,2.57,171.75,128,55.3,12.9
1471,2024/1/11 7:45,2024/1/11,7,45,50,3.49886,0.0699772,5.5,0.11,-0.84,2.82,80.33,80.03,1014.06,1014.06,1.38,2.58,104.39,128,92.35,39.97
1472,2024/1/11 8:00,2024/1/11,8,0,50,7.87886,0.1575772,8.05,0.161,-0.43,3.02,81.25,79.59,1014.04999,1014.04999,1.36,2.57,80.97,127,136.72,78.75
1473,2024/1/11 8:15,2024/1/11,8,15,50,12.1043,0.242086,11.2,0.2239999999999999,0.3,3.39,83.44,78.41,1014.04999,1014.04999,1.35,2.55,146.51,126,185.3,130.77
1474,2024/1/11 8:30,2024/1/11,8,30,50,15.0046,0.300092,14.16,0.2832,1.36,3.9,83.68,76.61,1014.03003,1014.03003,1.33,2.53,168.86999,124,235.01,165.28999
1475,2024/1/11 8:45,2024/1/11,8,45,50,18.1096,0.362192,17.4,0.348,2.9,4.54,84.32,74.32,1014.02002,1014.02002,1.32,2.49,238.56,121,282.76001,199.56
1476,2024/1/11 9:00,2024/1/11,9,0,50,20.7177,0.414354,19.59,0.3918,4.36,5.25,84.61,71.65,1013.98999,1013.98999,1.31,2.45,142.86999,117,325.44,248.63001
1477,2024/1/11 9:15,2024/1/11,9,15,50,23.8169,0.476338,22.1,0.442,5.38,6.03,84.23,68.71,1013.96997,1013.96997,1.3,2.41,121.69,113,359.95999,306.23999
1478,2024/1/11 9:30,2024/1/11,9,30,50,26.3687,0.527374,24.540001,0.49080002,6.54,6.83,88.03,65.64,1013.94,1013.94,1.3,2.35,69.26,109,384.92999,355.64002
1479,2024/1/11 9:45,2024/1/11,9,45,50,28.5661,0.571322,26.610001,0.53220002,7.51,7.63,83.36,62.55,1013.90002,1013.90002,1.29,2.3,143.85001,104,408.54999,399.78
1480,2024/1/11 10:00,2024/1/11,10,0,50,30.3745,0.60749,29.309999,0.5861999800000001,8.39,8.39,81.98,59.55,1013.85999,1013.85999,1.28,2.24,144.05,100,432.13,442.10998
1481,2024/1/11 10:15,2024/1/11,10,15,50,32.6092,0.652184,31.559999,0.63119998,9.43,9.09,80.42,56.76,1013.82001,1013.82001,1.27,2.18,123.62,96,455.39002,473.32001
1482,2024/1/11 10:30,2024/1/11,10,30,50,34.4172,0.6883440000000001,33.18,0.6636,10.39,9.7,79.45,54.32,1013.78003,1013.78003,1.25,2.12,144.21001,92,478.07001,514.19
1483,2024/1/11 10:45,2024/1/11,10,45,50,35.8933,0.7178660000000001,34.68,0.6936,11.55,10.18,78.84,52.32,1013.72998,1013.72998,1.24,2.05,145.96001,90,499.89002,542.08002
1484,2024/1/11 11:00,2024/1/11,11,0,50,37.0432,0.740864,35.669998,0.7133999599999999,12.17,10.6,76.93,50.54,1013.63,1013.63,1.21,1.98,116.99,89,520.57001,574.01001
1485,2024/1/11 11:15,2024/1/11,11,15,50,37.7276,0.754552,36.48,0.7295999999999999,12.96,11.03,75.46,48.7,1013.44,1013.44,1.18,1.89,127.01,88,539.84003,606.87
1486,2024/1/11 11:30,2024/1/11,11,30,50,38.5803,0.771606,36.93,0.7386,13.67,11.46,72.91,46.82,1013.17999,1013.17999,1.15,1.78,141.53,86,557.42999,624.22998
1487,2024/1/11 11:45,2024/1/11,11,45,50,39.338,0.78676,37.310001,0.74620002,14.45,11.88,71.81,44.96,1012.85999,1012.85999,1.11,1.65,166.32001,85,573.06,644.97998
1488,2024/1/11 12:00,2024/1/11,12,0,50,39.5468,0.790936,37.630001,0.75260002,15.36,12.29,72.35,43.15,1012.51001,1012.51001,1.06,1.52,132.44,83,586.46997,661.67999
1489,2024/1/11 12:15,2024/1/11,12,15,50,39.4606,0.789212,37.689999,0.75379998,16.04,12.67,71.57,41.45,1012.14001,1012.14001,1.02,1.39,123.21,81,597.37,673.48999
1490,2024/1/11 12:30,2024/1/11,12,30,50,39.3979,0.787958,37.459999,0.7491999800000001,16.23,13.01,70.96,39.89,1011.76001,1011.76001,0.98,1.26,336.79001,79,605.5,664.77002
1491,2024/1/11 12:45,2024/1/11,12,45,50,39.2422,0.784844,36.720001,0.73440002,16.3,13.31,69.03,38.52,1011.40997,1011.40997,0.94,1.14,194.85001,76,610.58002,668.26001
1492,2024/1/11 13:00,2024/1/11,13,0,50,38.7139,0.774278,36.049999,0.72099998,16.91,13.56,68.33,37.38,1011.09003,1011.09003,0.91,1.03,193.58,73,612.33002,665.87
1493,2024/1/11 13:15,2024/1/11,13,15,50,38.0152,0.760304,35.18,0.7036,17.46,13.75,67.14,36.51,1010.82001,1010.82001,0.88,0.94,174.56,70,605.51001,665.38
1494,2024/1/11 13:30,2024/1/11,13,30,50,36.9307,0.738614,34.259998,0.68519996,17.93,13.87,63.72,35.96,1010.62,1010.62,0.86,0.87,53,66,586.58002,645.46997
1495,2024/1/11 13:45,2024/1/11,13,45,50,35.8238,0.716476,33.330002,0.6666000400000001,18.54,13.91,66.96,35.76,1010.51001,1010.51001,0.86,0.83,212.06,62,557.87,628.85999
1496,2024/1/11 14:00,2024/1/11,14,0,50,34.5279,0.690558,32.139999,0.64279998,18.63,13.91,64.62,35.78,1010.46002,1010.46002,0.88,0.8,148.24,58,521.67999,605.48999
1497,2024/1/11 14:15,2024/1/11,14,15,50,32.8097,0.6561939999999999,30.450001,0.60900002,19.43,13.9,63.72,35.85,1010.40002,1010.40002,0.93,0.77,139.06,53,480.32999,578.12
1498,2024/1/11 14:30,2024/1/11,14,30,50,30.8608,0.617216,28.639999,0.57279998,20.35,13.87,63.71,35.95,1010.34998,1010.34998,1,0.75,341.34,48,436.13,544.01001
1499,2024/1/11 14:45,2024/1/11,14,45,50,28.7591,0.575182,26.51,0.5302,21.11,13.84,65.23,36.1,1010.29999,1010.29999,1.09,0.72,282.89999,42,391.39999,506.75
1500,2024/1/11 15:00,2024/1/11,15,0,50,26.5113,0.530226,24.32,0.4864,20.38,13.81,61.04,36.28,1010.26001,1010.26001,1.2,0.7,83.25,36,348.45001,468.44
1501,2024/1/11 15:15,2024/1/11,15,15,50,23.7027,0.474054,21.76,0.4352,20.86,13.76,64.01,36.5,1010.21997,1010.21997,1.31,0.68,71.2,30,309.59,428.01001
1502,2024/1/11 15:30,2024/1/11,15,30,50,20.7149,0.414298,18.530001,0.37060002,20.95,13.71,63.3,36.75,1010.19,1010.19,1.43,0.67,348.09,24,268.70001,386.97
1503,2024/1/11 15:45,2024/1/11,15,45,50,17.8374,0.3567479999999999,15.54,0.3107999999999999,20.7,13.65,61.07,37.03,1010.15997,1010.15997,1.53,0.65,31.13,20,220.67,331.64002
1504,2024/1/11 16:00,2024/1/11,16,0,50,14.5001,0.290002,12.46,0.2492,20.4,13.58,59.88,37.34,1010.14001,1010.14001,1.63,0.64,5.65,15,169.39999,289.22
1505,2024/1/11 16:15,2024/1/11,16,15,50,10.8394,0.2167879999999999,9.33,0.1866,20.37,13.51,58.8,37.67,1010.12,1010.12,1.7,0.63,326.94,12,118.76,237.89
1506,2024/1/11 16:30,2024/1/11,16,30,50,4.35119,0.0870238,4.66,0.0932,20.76,13.43,60.28,38.04,1010.10999,1010.10999,1.75,0.63,331.84,10,72.62,187.57001
1507,2024/1/11 16:45,2024/1/11,16,45,50,2.18196,0.0436392,1.87,0.0374,20.44,13.35,60.45,38.42,1010.10999,1010.10999,1.77,0.62,348.39999,10,34.86,140.08
1508,2024/1/11 17:00,2024/1/11,17,0,50,1.20823,0.0241645999999999,0.93,0.0186,19.81,13.18,60.41,39.07,1010.12,1010.12,1.75,0.63,354.67999,10,0,92.47
1509,2024/1/11 17:15,2024/1/11,17,15,50,0.00822,0.0001643999999999,0,0,19.13,12.84,60.82,40.18,1010.15997,1010.15997,1.72,0.66,328.26001,12,0,49.87
1510,2024/1/11 17:30,2024/1/11,17,30,50,0,0,0,0,17.85,12.37,58.7,41.67,1010.21002,1010.21002,1.66,0.71,38.69,18,0,0
1511,2024/1/11 17:45,2024/1/11,17,45,50,0,0,0,0,16.54,11.8,60.57,43.48,1010.28003,1010.28003,1.59,0.77,277.23001,36,0,0
1512,2024/1/11 18:00,2024/1/11,18,0,50,0,0,0,0,15.04,11.15,62.23,45.54,1010.34998,1010.34998,1.51,0.83,330.29001,121,0,0
1513,2024/1/11 18:15,2024/1/11,18,15,50,0,0,0,0,13.55,10.45,63.64,47.78,1010.44,1010.44,1.42,0.9,319.45999,160,0,0
1514,2024/1/11 18:30,2024/1/11,18,30,50,0,0,0,0,12.31,9.73,64.64,50.12,1010.53003,1010.53003,1.33,0.97,283.84,168,0,0
1515,2024/1/11 18:45,2024/1/11,18,45,50,0,0,0,0,11.23,9.01,65.25,52.49,1010.60999,1010.60999,1.25,1.04,174.69,171,0,0
1516,2024/1/11 19:00,2024/1/11,19,0,50,0,0,0,0,10.31,8.34,65.88,54.83,1010.69,1010.69,1.18,1.1,120.99,173,0,0
1517,2024/1/11 19:15,2024/1/11,19,15,50,0,0,0,0,9.33,7.72,66.55,57.07,1010.76001,1010.76001,1.12,1.15,165.69,174,0,0
1518,2024/1/11 19:30,2024/1/11,19,30,50,0,0,0,0,8.64,7.2,67.32,59.13,1010.82001,1010.82001,1.09,1.18,165.17999,175,0,0
1519,2024/1/11 19:45,2024/1/11,19,45,50,0,0,0,0,8.18,6.79,67.14,60.95,1010.87,1010.87,1.07,1.2,126.3,175,0,0
1520,2024/1/11 20:00,2024/1/11,20,0,50,0,0,0,0,7.68,6.45,66.93,62.71,1010.90002,1010.90002,1.09,1.21,192.64,174,0,0
1521,2024/1/11 20:15,2024/1/11,20,15,50,0,0,0,0,7.22,6.1,67.05,64.6,1010.92999,1010.92999,1.15,1.21,265.87,174,0,0
1522,2024/1/11 20:30,2024/1/11,20,30,50,0,0,0,0,6.52,5.76,67.46,66.58,1010.96997,1010.96997,1.23,1.22,245.22,174,0,0
1523,2024/1/11 20:45,2024/1/11,20,45,50,0,0,0,0,6.18,5.43,67.51,68.6,1011,1011,1.33,1.22,232.41,173,0,0
1524,2024/1/11 21:00,2024/1/11,21,0,50,0,0,0,0,5.82,5.11,67.28,70.58,1011.03003,1011.03003,1.44,1.23,163.71001,172,0,0
1525,2024/1/11 21:15,2024/1/11,21,15,50,0,0,0,0,5.47,4.82,68.21,72.48,1011.04999,1011.04999,1.56,1.23,107.11,171,0,0
1526,2024/1/11 21:30,2024/1/11,21,30,50,0,0,0,0,5.13,4.55,68.76,74.24,1011.08002,1011.08002,1.68,1.23,43.49,170,0,0
1527,2024/1/11 21:45,2024/1/11,21,45,50,0,0,0,0,4.88,4.32,68.68,75.8,1011.09998,1011.09998,1.8,1.23,108.09,169,0,0
1528,2024/1/11 22:00,2024/1/11,22,0,50,0,0,0,0,4.63,4.13,69.39,77.12,1011.10999,1011.10999,1.9,1.24,45.49,167,0,0
1529,2024/1/11 22:15,2024/1/11,22,15,50,0,0,0,0,4.51,3.98,70.58,78.13,1011.13,1011.13,1.98,1.24,52.05,166,0,0
1530,2024/1/11 22:30,2024/1/11,22,30,50,0,0,0,0,4.28,3.89,70.65,78.77,1011.14001,1011.14001,2.03,1.25,57.76,165,0,0
1531,2024/1/11 22:45,2024/1/11,22,45,50,0,0,0,0,4.1,3.86,70.21,79,1011.14001,1011.14001,2.05,1.26,69.52,163,0,0
1532,2024/1/11 23:00,2024/1/11,23,0,50,0,0,0,0,3.84,3.88,70.84,78.92,1011.12,1011.12,2.05,1.27,93.11,161,0,0
1533,2024/1/11 23:15,2024/1/11,23,15,50,0,0,0,0,3.67,3.92,72.02,78.71,1011.08002,1011.08002,2.04,1.29,140.41,159,0,0
1534,2024/1/11 23:30,2024/1/11,23,30,50,0,0,0,0,3.55,3.99,71.35,78.39,1011.02002,1011.02002,2.04,1.32,113.09,157,0,0
1535,2024/1/11 23:45,2024/1/11,23,45,50,0,0,0,0,3.29,4.08,72.53,78,1010.95001,1010.95001,2.03,1.36,66.21,154,0,0
1536,2024/1/25 0:00,2024/1/25,0,0,50,0,0,0,0,-0.96939,-2.31,97.747,77.07,1028.90407,1021.88,1.38013,1.56,406.79248,236,0,0
1537,2024/1/25 0:15,2024/1/25,0,15,50,0,0,0,0,-1.28235,-2.38,80.7781,77.52,1028.84598,1021.84998,1.92003,1.58,109.88313,236,0,0
1538,2024/1/25 0:30,2024/1/25,0,30,50,0,0,0,0,-1.29,-2.45,50.7781,77.97,1028.44995,1021.82001,2.05,1.59,165.06,236,0,0
1539,2024/1/25 0:45,2024/1/25,0,45,50,0,0,0,0,-1.14,-2.52,40.98,78.42,1028.28003,1021.78003,1.97,1.61,120.31,235,0,0
1540,2024/1/25 1:00,2024/1/25,1,0,50,0,0,0,0,-1,-2.59,34.15,78.88,1027.98999,1021.73999,1.9,1.62,88.45,235,0,0
1541,2024/1/25 1:15,2024/1/25,1,15,50,0,0,0,0,-0.94,-2.67,64.15,79.34,1027.57996,1021.70001,1.84,1.64,89.41,235,0,0
1542,2024/1/25 1:30,2024/1/25,1,30,50,0,0,0,0,-0.81,-2.75,40.98,79.83,1027.57996,1021.65997,1.81,1.64,233.86,234,0,0
1543,2024/1/25 1:45,2024/1/25,1,45,50,0,0,0,0,-0.78,-2.83,34.15,80.34,1027.85999,1021.62,1.79,1.65,260.45999,234,0,0
1544,2024/1/25 2:00,2024/1/25,2,0,50,0,0,0,0,-0.71,-2.93,44.15,80.91,1028.02002,1021.57001,1.8,1.64,266.66,233,0,0
1545,2024/1/25 2:15,2024/1/25,2,15,50,0,0,0,0,-0.68,-3.05,34.15,81.57,1028.34998,1021.5,1.82,1.62,264.64999,232,0,0
1546,2024/1/25 2:30,2024/1/25,2,30,50,0,0,0,0,-0.67,-3.18,44.15,82.28,1028.39001,1021.42999,1.86,1.58,244.67999,229,0,0
1547,2024/1/25 2:45,2024/1/25,2,45,50,0,0,0,0,-0.63,-3.31,54.15,83.03,1028.27002,1021.34998,1.9,1.54,264.13,225,0,0
1548,2024/1/25 3:00,2024/1/25,3,0,50,0,0,0,0,-0.55,-3.45,44.15,83.78,1028.27002,1021.26001,1.95,1.49,110.26,220,0,0
1549,2024/1/25 3:15,2024/1/25,3,15,50,0,0,0,0,-0.5,-3.58,50.98,84.52,1028.31006,1021.16998,2,1.43,217.05,214,0,0
1550,2024/1/25 3:30,2024/1/25,3,30,50,0,0,0,0,-0.47,-3.71,40.98,85.21,1028.39001,1021.09003,2.05,1.37,266.04001,207,0,0
1551,2024/1/25 3:45,2024/1/25,3,45,50,0,0,0,0,-0.44,-3.82,50.98,85.83,1028.34998,1021.01001,2.1,1.3,266.42001,199,0,0
1552,2024/1/25 4:00,2024/1/25,4,0,50,0,0,0,0,-0.39,-3.92,54.64,86.36,1028.22998,1020.95001,2.14,1.23,239.98,192,0,0
1553,2024/1/25 4:15,2024/1/25,4,15,50,0,0,0,0,-0.34,-4,34.15,86.77,1028.31006,1020.90002,2.17,1.16,242.85001,186,0,0
1554,2024/1/25 4:30,2024/1/25,4,30,50,0,0,0,0,-0.3,-4.04,40.98,87.03,1028.27002,1020.85999,2.2,1.1,232.95,181,0,0
1555,2024/1/25 4:45,2024/1/25,4,45,50,0,0,0,0,-0.28,-4.06,61.46,87.13,1028.18994,1020.84998,2.2,1.04,80.06,179,0,0
1556,2024/1/25 5:00,2024/1/25,5,0,50,0,0,0,0,-0.26,-4.03,34.15,87.05,1028.22998,1020.89001,2.19,0.97,136.55,178,0,0
1557,2024/1/25 5:15,2024/1/25,5,15,50,0,0,0,0,-0.2,-3.93,40.98,86.83,1028.56006,1021,2.16,0.89,149.74,177,0,0
1558,2024/1/25 5:30,2024/1/25,5,30,50,0,0,0,0,-0.12,-3.77,47.8,86.48,1028.59998,1021.16998,2.11,0.81,185.2,176,0,0
1559,2024/1/25 5:45,2024/1/25,5,45,50,0,0,0,0,0.05,-3.56,34.15,86.01,1028.64001,1021.38,2.04,0.72,197.85001,175,0,0
1560,2024/1/25 6:00,2024/1/25,6,0,50,0,0,0,0,0.16,-3.31,40.97,85.44,1028.52002,1021.62,1.96,0.62,114.29,173,0,0
1561,2024/1/25 6:15,2024/1/25,6,15,50,0,0,0,0,0.21,-3.02,34.15,84.77,1028.59998,1021.88,1.87,0.53,41.3,170,0,0
1562,2024/1/25 6:30,2024/1/25,6,30,50,0,0,0,0,0.29,-2.71,50.98,84.02,1028.76001,1022.14001,1.77,0.44,312.26001,165,0,0
1563,2024/1/25 6:45,2024/1/25,6,45,50,0,0,0,0,0.33,-2.38,44.15,83.21,1028.83997,1022.40002,1.66,0.37,287.95001,155,0,0
1564,2024/1/25 7:00,2024/1/25,7,0,50,0,0,0,0,0.41,-2.04,40.97,82.33,1029.07996,1022.63,1.56,0.3,319.81,129,13.99,0
1565,2024/1/25 7:15,2024/1/25,7,15,50,0,0,0.45,0.009,0.52,-1.69,34.14,81.42,1029.23999,1022.82001,1.46,0.25,344.47,78,23.04,4.33
1566,2024/1/25 7:30,2024/1/25,7,30,50,0.92759,0.0185518,0.9,0.018,0.49,-1.34,34.15,80.47,1029.06995,1022.96997,1.36,0.21,40.9,48,41.03,17.76
1567,2024/1/25 7:45,2024/1/25,7,45,50,1.68761,0.0337522,2.25,0.045,0.76,-1.01,40.97,79.5,1029.14001,1023.04999,1.27,0.2,163.66,39,66.15,42.47
1568,2024/1/25 8:00,2024/1/25,8,0,50,1.02766,0.0205532,4.5,0.09,1.03,-0.65,60.97,78.28,1029.05005,1023.09998,1.17,0.2,138.03999,36,96.62,28.56
1569,2024/1/25 8:15,2024/1/25,8,15,50,1.5229,0.030458,6.39,0.1278,1.22,-0.24,50.97,76.63,1029.38,1023.14001,1.06,0.21,51.18,35,130.64,34.38
1570,2024/1/25 8:30,2024/1/25,8,30,50,3.06962,0.0613924,8.33,0.1666,1.36,0.2,60.97,74.61,1029.76001,1023.17999,0.94,0.22,272.57001,34,166.41,55.44
1571,2024/1/25 8:45,2024/1/25,8,45,50,5.21659,0.1043318,9.97,0.1994,1.7,0.68,70.97,72.34,1030.06006,1023.21002,0.81,0.24,274.92001,34,202.13001,87.13
1572,2024/1/25 9:00,2024/1/25,9,0,50,6.26583,0.1253166,11.51,0.2302,2.28,1.19,60.97,69.88,1030.03003,1023.25,0.68,0.26,307.67999,35,236,134.78999
1573,2024/1/25 9:15,2024/1/25,9,15,50,5.74906,0.1149812,12.94,0.2588,2.65,1.7,34.14,67.33,1030.12,1023.28003,0.55,0.28,330.79001,35,266.22,131.81
1574,2024/1/25 9:30,2024/1/25,9,30,50,5.46467,0.1092934,14.57,0.2914,3,2.22,40.96,64.77,1029.91003,1023.29999,0.43,0.31,299.53,35,292.13,117.51
1575,2024/1/25 9:45,2024/1/25,9,45,50,7.57843,0.1515686,15.94,0.3188,3.18,2.72,40.96,62.28,1030.03003,1023.33002,0.32,0.33,256.07001,35,319.12,140.88001
1576,2024/1/25 10:00,2024/1/25,10,0,50,8.78034,0.1756068,17.58,0.3515999999999999,3.44,3.21,40.96,59.97,1030.03003,1023.34003,0.23,0.36,259.14002,35,347.67999,169.67
1577,2024/1/25 10:15,2024/1/25,10,15,50,9.99606,0.1999212,19.360001,0.38720002,3.62,3.67,34.14,57.9,1030.45996,1023.35999,0.16,0.39,263.92999,34,377.25,205.01
1578,2024/1/25 10:30,2024/1/25,10,30,50,12.7371,0.254742,20.889999,0.41779998,3.93,4.1,50.96,56.17,1030.43005,1023.35999,0.12,0.42,276.07999,33,407.26001,241.23
1579,2024/1/25 10:45,2024/1/25,10,45,50,16.3151,0.326302,22.58,0.4515999999999999,4.48,4.47,40.96,54.87,1030.65002,1023.37,0.1,0.46,322.01999,32,437.12,311.03
1580,2024/1/25 11:00,2024/1/25,11,0,50,16.0185,0.32037,24.120001,0.48240002,4.99,4.83,34.14,53.8,1030.52002,1023.31,0.14,0.5,257.26999,28,466.26999,297.04001
1581,2024/1/25 11:15,2024/1/25,11,15,50,19.3174,0.3863479999999999,25.030001,0.5006000199999999,5.18,5.21,50.96,52.75,1030.30005,1023.13,0.26,0.55,268.85001,20,494.14002,369.23999
1582,2024/1/25 11:30,2024/1/25,11,30,50,16.266,0.3253199999999999,25.85,0.517,6.08,5.59,50.96,51.72,1030.18994,1022.87,0.44,0.62,264.28,10,520.15002,337.88
1583,2024/1/25 11:45,2024/1/25,11,45,50,17.3812,0.347624,26.639999,0.53279998,6.32,5.98,40.96,50.73,1029.85999,1022.54999,0.67,0.7,21.89,359,543.71997,355.78
1584,2024/1/25 12:00,2024/1/25,12,0,50,15.5851,0.311702,27.200001,0.54400002,6.49,6.35,50.96,49.81,1029.57996,1022.17999,0.92,0.78,298.32999,349,564.29999,302.48999
1585,2024/1/25 12:15,2024/1/25,12,15,50,13.4919,0.2698379999999999,27.66,0.5532,6.87,6.7,34.14,48.95,1029.33997,1021.78003,1.2,0.87,238.36,341,581.29999,270.69
1586,2024/1/25 12:30,2024/1/25,12,30,50,12.9037,0.258074,27.82,0.5564,6.75,7.02,44.14,48.19,1029.14001,1021.39001,1.47,0.95,258.78,334,594.15002,253.47
1587,2024/1/25 12:45,2024/1/25,12,45,50,13.5909,0.271818,27.889999,0.55779998,6.95,7.3,40.96,47.53,1028.68005,1021.02002,1.72,1.02,9.48,329,602.28003,281.12
1588,2024/1/25 13:00,2024/1/25,13,0,50,15.6233,0.312466,27.59,0.5518,6.9,7.54,50.96,46.99,1028.94995,1020.70001,1.95,1.09,288.26999,325,605.12,297.85001
1589,2024/1/25 13:15,2024/1/25,13,15,50,15.0724,0.301448,27.26,0.5452,7.29,7.72,40.96,46.58,1028.65002,1020.44,2.13,1.14,301.85001,322,598.53003,322.51999
1590,2024/1/25 13:30,2024/1/25,13,30,50,15.012,0.30024,26.42,0.5284,7.5,7.83,50.96,46.32,1028.31006,1020.26001,2.25,1.17,255.47,320,580.32001,314.53
1591,2024/1/25 13:45,2024/1/25,13,45,50,17.2347,0.344694,25.370001,0.50740002,7.52,7.87,60.96,46.24,1028.01001,1020.20001,2.29,1.19,245.53999,319,552.84003,329.45001
1592,2024/1/25 14:00,2024/1/25,14,0,50,17.324,0.34648,24.4,0.488,8,7.86,41.44,46.66,1027.92004,1020.20001,2.27,1.18,226.47,319,518.42999,328.51999
1593,2024/1/25 14:15,2024/1/25,14,15,50,17.0442,0.340884,22.6,0.452,8.13,7.83,51.44,47.82,1027.63,1020.20001,2.23,1.16,251.19,317,479.44,365.98999
1594,2024/1/25 14:30,2024/1/25,14,30,50,26.8254,0.536508,21.549999,0.43099998,8.58,7.79,44.13,49.58,1027.31006,1020.21002,2.16,1.14,262.37,315,438.20999,471.53
1595,2024/1/25 14:45,2024/1/25,14,45,50,31.4001,0.628002,20.639999,0.41279998,9.81,7.72,34.13,51.8,1027.21997,1020.21002,2.07,1.1,40.68,312,397.09,518.77002
1596,2024/1/25 15:00,2024/1/25,15,0,50,28.943,0.57886,19.1,0.382,10.26,7.65,34.13,54.32,1027.10999,1020.21997,1.97,1.07,249.47,309,358.41,467.82999
1597,2024/1/25 15:15,2024/1/25,15,15,50,25.9931,0.5198619999999999,17.379999,0.34759998,10.01,7.56,54.13,57,1027,1020.21997,1.87,1.03,176.56,304,324.53,411.07999
1598,2024/1/25 15:30,2024/1/25,15,30,50,23.1595,0.46319,15.89,0.3178,10.12,7.45,37.78,59.69,1026.95996,1020.22998,1.76,0.99,162.14,300,291.42999,364.04999
1599,2024/1/25 15:45,2024/1/25,15,45,50,20.1157,0.402314,13.44,0.2688,10.71,7.34,34.13,62.25,1026.92004,1020.23999,1.66,0.96,273.69,294,254.53999,317.01999
1600,2024/1/25 16:00,2024/1/25,16,0,50,16.6662,0.333324,10.71,0.2142,11.25,7.22,44.13,64.53,1026.83997,1020.25,1.57,0.92,309.59,288,215.42999,267.31
1601,2024/1/25 16:15,2024/1/25,16,15,50,13.2519,0.265038,8.64,0.1728,11.05,7.09,40.96,66.39,1027.12,1020.26001,1.5,0.9,355.56,282,175.63001,213.39
1602,2024/1/25 16:30,2024/1/25,16,30,50,9.87118,0.1974236,4.32,0.0864,10.63,6.96,40.96,67.67,1026.94995,1020.27002,1.46,0.88,325.87,277,136.7,163.89
1603,2024/1/25 16:45,2024/1/25,16,45,50,5.29395,0.105879,1.73,0.0346,10.34,6.82,40.96,68.24,1027.04004,1020.28003,1.44,0.88,329.04999,271,100.18,116
1604,2024/1/25 17:00,2024/1/25,17,0,50,2.31875,0.046375,0.86,0.0172,9.65,6.63,34.13,68.38,1026.95996,1020.28998,1.45,0.88,315.03,265,67.63,72.11
1605,2024/1/25 17:15,2024/1/25,17,15,50,1.04122,0.0208244,0,0,8.67,6.36,64.13,68.49,1026.89001,1020.32001,1.49,0.89,247.41,258,40.6,35.13
1606,2024/1/25 17:30,2024/1/25,17,30,50,0,0,0,0,7.52,6.02,40.96,68.57,1027.02002,1020.34998,1.55,0.91,308.92999,251,0,8.95
1607,2024/1/25 17:45,2024/1/25,17,45,50,0,0,0,0,6.27,5.62,40.96,68.64,1027.26001,1020.39001,1.62,0.94,255.61,243,0,0
1608,2024/1/25 18:00,2024/1/25,18,0,50,0,0,0,0,5.07,5.19,50.96,68.7,1027.18005,1020.42999,1.7,0.96,245.61,235,0,0
1609,2024/1/25 18:15,2024/1/25,18,15,50,0,0,0,0,4.26,4.73,34.14,68.75,1027.41003,1020.47998,1.78,1,256.51001,228,0,0
1610,2024/1/25 18:30,2024/1/25,18,30,50,0,0,0,0,3.54,4.27,47.79,68.79,1027.46997,1020.53003,1.87,1.03,231.89999,222,0,0
1611,2024/1/25 18:45,2024/1/25,18,45,50,0,0,0,0,2.83,3.82,37.79,68.85,1027.43994,1020.59003,1.95,1.07,192.36999,216,0,0
1612,2024/1/25 19:00,2024/1/25,19,0,50,0,0,0,0,2.28,3.38,40.96,68.91,1027.69995,1020.64001,2.02,1.1,167.22,212,0,0
1613,2024/1/25 19:15,2024/1/25,19,15,50,0,0,0,0,1.89,2.99,34.14,68.99,1027.68005,1020.69,2.07,1.13,174.17999,209,0,0
1614,2024/1/25 19:30,2024/1/25,19,30,50,0,0,0,0,1.53,2.65,40.96,69.1,1027.60999,1020.73999,2.11,1.17,235.35001,208,0,0
1615,2024/1/25 19:45,2024/1/25,19,45,50,0,0,0,0,1.08,2.37,34.14,69.23,1027.69995,1020.78998,2.12,1.19,244.55,207,0,0
1616,2024/1/25 20:00,2024/1/25,20,0,50,0,0,0,0,0.74,2.13,40.96,69.54,1027.85999,1020.83002,2.12,1.22,232.64999,208,0,0
1617,2024/1/25 20:15,2024/1/25,20,15,50,0,0,0,0,0.66,1.89,40.96,70.14,1027.81995,1020.89001,2.11,1.25,136.36999,209,0,0
1618,2024/1/25 20:30,2024/1/25,20,30,50,0,0,0,0,0.37,1.65,34.14,70.96,1027.97998,1020.95001,2.1,1.28,233.72,210,0,0
1619,2024/1/25 20:45,2024/1/25,20,45,50,0,0,0,0,0.11,1.42,50.96,71.96,1028.18994,1021.01001,2.09,1.31,233.94,213,0,0
1620,2024/1/25 21:00,2024/1/25,21,0,50,0,0,0,0,-0.12,1.19,60.96,73.06,1028.27002,1021.07001,2.07,1.35,111.29,215,0,0
1621,2024/1/25 21:15,2024/1/25,21,15,50,0,0,0,0,-0.22,0.98,50.96,74.2,1028.31006,1021.13,2.05,1.38,226.69,217,0,0
1622,2024/1/25 21:30,2024/1/25,21,30,50,0,0,0,0,-0.42,0.8,34.14,75.34,1028.59998,1021.17999,2.03,1.41,227.25,219,0,0
1623,2024/1/25 21:45,2024/1/25,21,45,50,0,0,0,0,-0.56,0.63,44.14,76.4,1028.39001,1021.22998,2.01,1.43,94.67,221,0,0
1624,2024/1/25 22:00,2024/1/25,22,0,50,0,0,0,0,-0.72,0.49,40.97,77.33,1028.43005,1021.27002,1.99,1.45,111.75,223,0,0
1625,2024/1/25 22:15,2024/1/25,22,15,50,0,0,0,0,-0.89,0.39,34.14,78.07,1028.18994,1021.29999,1.97,1.47,171.51,224,0,0
1626,2024/1/25 22:30,2024/1/25,22,30,50,0,0,0,0,-0.92,0.33,40.97,78.55,1028.22998,1021.33002,1.95,1.48,233.47,225,0,0
1627,2024/1/25 22:45,2024/1/25,22,45,50,0,0,0,0,-0.94,0.3,50.97,78.73,1028.06995,1021.33002,1.93,1.49,79.69,225,0,0
1628,2024/1/25 23:00,2024/1/25,23,0,50,0,0,0,0,-1.12,0.33,44.15,78.53,1027.91003,1021.31,1.92,1.47,36.94,226,0,0
1629,2024/1/25 23:15,2024/1/25,23,15,50,0,0,0,0,-1.24,0.42,37.8,77.98,1028.03003,1021.26001,1.9,1.43,58.38,226,0,0
1630,2024/1/25 23:30,2024/1/25,23,30,50,0,0,0,0,-1.25,0.55,34.15,77.15,1028.06995,1021.19,1.88,1.37,110.63,226,0,0
1631,2024/1/25 23:45,2024/1/25,23,45,50,0,0,0,0,-1.34,0.71,34.15,76.12,1027.91003,1021.09003,1.86,1.29,101.59,226,0,0
1632,2024/2/1 0:00,2024/2/1,0,0,50,0,0,0,0,12.76829,15.19,101.06985,96.08,1011.80828,1006.41998,1.19132,2.62,52.42625,124,0,0
1633,2024/2/1 0:15,2024/2/1,0,15,50,0,0,0,0,13.15707,15.06,90.40478,96.41,1011.53959,1006.34003,2.27283,2.63,266.17407,125,0,0
1634,2024/2/1 0:30,2024/2/1,0,30,50,0,0,0,0,13.43,14.92,69.97156,96.72,1011.39001,1006.26001,2.65,2.65,251.95,126,0,0
1635,2024/2/1 0:45,2024/2/1,0,45,50,0,0,0,0,13.43,14.79,97.02,97.02,1011.48999,1006.16998,2.66,2.66,287.62,127,0,0
1636,2024/2/1 1:00,2024/2/1,1,0,50,0,0,0,0,13.45,14.66,97.27,97.27,1011.23999,1006.08002,2.66,2.66,339.53,128,0,0
1637,2024/2/1 1:15,2024/2/1,1,15,50,0,0,0,0,13.57,14.53,97.47,97.47,1011.25,1006,2.67,2.67,125.27,129,0,0
1638,2024/2/1 1:30,2024/2/1,1,30,50,0,0,0,0,13.62,14.42,97.6,97.6,1011.08002,1005.92999,2.67,2.67,132.53,130,0,0
1639,2024/2/1 1:45,2024/2/1,1,45,50,0,0,0,0,13.74,14.31,97.65,97.65,1011.03998,1005.85999,2.68,2.68,136.23,130,0,0
1640,2024/2/1 2:00,2024/2/1,2,0,50,0,0,0,0,14.21,14.2,97.6,97.6,1010.95001,1005.81,2.64,2.64,153.69,130,0,0
1641,2024/2/1 2:15,2024/2/1,2,15,50,0,0,0,0,14.04,14.08,97.47,97.47,1011.10999,1005.73999,2.53,2.53,324.35998,131,0,0
1642,2024/2/1 2:30,2024/2/1,2,30,50,0,0,0,0,13.72,13.97,97.27,97.27,1011.20001,1005.67999,2.37,2.37,276.22,131,0,0
1643,2024/2/1 2:45,2024/2/1,2,45,50,0,0,0,0,13.67,13.84,97.02,97.02,1011.07001,1005.60999,2.16,2.16,329.19,132,0,0
1644,2024/2/1 3:00,2024/2/1,3,0,50,0,0,0,0,13.75,13.73,96.74,96.74,1010.98999,1005.54999,1.93,1.93,281.59,133,0,0
1645,2024/2/1 3:15,2024/2/1,3,15,50,0,0,0,0,13.78,13.61,96.44,96.44,1010.78998,1005.48999,1.68,1.68,113.19,135,0,0
1646,2024/2/1 3:30,2024/2/1,3,30,50,0,0,0,0,13.8,13.51,96.14,96.14,1010.82001,1005.42999,1.44,1.44,319.16,137,0,0
1647,2024/2/1 3:45,2024/2/1,3,45,50,0,0,0,0,13.83,13.41,95.85,95.85,1010.78998,1005.38,1.2,1.2,313.22,140,0,0
1648,2024/2/1 4:00,2024/2/1,4,0,50,0,0,0,0,13.77,13.34,95.6,95.6,1010.65997,1005.34003,1,1,324.45001,144,0,0
1649,2024/2/1 4:15,2024/2/1,4,15,50,0,0,0,0,13.75,13.28,95.4,95.4,1010.82001,1005.31,0.84,0.84,320.67999,150,0,0
1650,2024/2/1 4:30,2024/2/1,4,30,50,0,0,0,0,13.77,13.24,95.27,95.27,1010.82001,1005.28998,0.73,0.73,358.45001,158,0,0
1651,2024/2/1 4:45,2024/2/1,4,45,50,0,0,0,0,13.76,13.22,95.22,95.22,1010.73999,1005.28003,0.69,0.69,309.97,165,0,0
1652,2024/2/1 5:00,2024/2/1,5,0,50,0,0,0,0,13.63,13.23,95.25,95.25,1010.73999,1005.32001,0.7,0.7,6.19,173,0,0
1653,2024/2/1 5:15,2024/2/1,5,15,50,0,0,0,0,13.44,13.26,95.3,95.3,1011.22998,1005.40997,0.72,0.72,303.67001,180,0,0
1654,2024/2/1 5:30,2024/2/1,5,30,50,0,0,0,0,13.41,13.31,95.38,95.38,1011.40002,1005.54999,0.76,0.76,302.76001,186,0,0
1655,2024/2/1 5:45,2024/2/1,5,45,50,0,0,0,0,13.38,13.37,95.49,95.49,1011.44,1005.72998,0.81,0.81,317.54001,192,0,0
1656,2024/2/1 6:00,2024/2/1,6,0,50,0,0,0,0,13.45,13.44,95.61,95.61,1011.57001,1005.92999,0.87,0.87,307.70999,196,0,0
1657,2024/2/1 6:15,2024/2/1,6,15,50,0,0,0,0,13.58,13.52,95.74,95.74,1011.96997,1006.15997,0.94,0.94,295.70999,199,0,0
1658,2024/2/1 6:30,2024/2/1,6,30,50,0,0,0,0,13.7,13.62,95.86,95.86,1012.09003,1006.40002,1.01,1.01,280.20999,202,0,0
1659,2024/2/1 6:45,2024/2/1,6,45,50,0,0,0.11,0.0022,13.8,13.72,95.98,95.98,1012.21002,1006.63,1.08,1.08,295.01999,203,0,0
1660,2024/2/1 7:00,2024/2/1,7,0,50,0,0,0.21,0.0042,13.87,13.82,96.09,96.09,1012.34003,1006.85999,1.14,1.14,277.19,204,0,1.79
1661,2024/2/1 7:15,2024/2/1,7,15,50,0,0,0.53,0.0106,13.92,13.93,96.17,96.17,1012.79999,1007.07001,1.2,1.2,271.47,204,12.18,4.77
1662,2024/2/1 7:30,2024/2/1,7,30,50,0,0,1.06,0.0212,14.03,14.05,96.22,96.22,1012.97998,1007.23999,1.25,1.25,234.60001,204,22.26,14.13
1663,2024/2/1 7:45,2024/2/1,7,45,50,0.83544,0.0167088,1.73,0.0346,14.19,14.16,96.25,96.25,1013.12,1007.38,1.29,1.29,300.03,204,36.27,15.86
1664,2024/2/1 8:00,2024/2/1,8,0,50,1.35796,0.0271592,2.6,0.052,14.29,14.3,96.21,96.21,1013.35999,1007.5,1.32,1.32,322.01001,203,53.11,13.6
1665,2024/2/1 8:15,2024/2/1,8,15,50,3.16001,0.0632002,3.3,0.066,14.3,14.49,96.12,96.12,1013.52002,1007.60999,1.35,1.35,299.38,202,71.66,58.66
1666,2024/2/1 8:30,2024/2/1,8,30,50,2.82797,0.0565594,3.79,0.0758,14.54,14.71,95.97,95.97,1013.71997,1007.72998,1.37,1.37,282.37,200,90.83,96.62
1667,2024/2/1 8:45,2024/2/1,8,45,50,3.73386,0.0746772,4.21,0.0842,14.7,14.96,95.78,95.78,1013.90002,1007.84998,1.39,1.39,269.82001,199,109.5,54.99
1668,2024/2/1 9:00,2024/2/1,9,0,50,3.31502,0.0663004,4.69,0.0938,14.8,15.23,95.55,95.55,1013.73999,1007.95001,1.41,1.41,275.26999,197,126.58,76.16
1669,2024/2/1 9:15,2024/2/1,9,15,50,4.6381,0.092762,5.28,0.1056,14.95,15.5,95.29,95.29,1014.27002,1008.06,1.43,1.43,274.60001,195,140.95,77.8
1670,2024/2/1 9:30,2024/2/1,9,30,50,3.38781,0.0677562,6.14,0.1227999999999999,15.09,15.75,95.01,95.01,1014.15002,1008.15002,1.45,1.45,298.95001,193,152.13001,101.39
1671,2024/2/1 9:45,2024/2/1,9,45,50,2.94821,0.0589642,7.06,0.1412,15.03,15.99,94.71,94.71,1014.53998,1008.22998,1.47,1.47,298.25,192,163.09,79.5
1672,2024/2/1 10:00,2024/2/1,10,0,50,7.02654,0.1405307999999999,8,0.16,14.7,16.2,94.4,94.4,1014.47998,1008.29999,1.49,1.49,267.09,191,174.26,71.96
1673,2024/2/1 10:15,2024/2/1,10,15,50,5.05728,0.1011456,8.51,0.1702,15.16,16.36,94.09,94.09,1014.63,1008.34998,1.52,1.52,315.07001,190,185.46001,91.07
1674,2024/2/1 10:30,2024/2/1,10,30,50,3.82961,0.0765922,9.35,0.187,15.34,16.46,93.79,93.79,1014.76001,1008.38,1.55,1.55,303.28,189,196.53999,82.04
1675,2024/2/1 10:45,2024/2/1,10,45,50,5.38536,0.1077072,10.03,0.2006,15.07,16.5,93.5,93.5,1014.83002,1008.39001,1.59,1.59,281.85998,189,207.33,107.8
1676,2024/2/1 11:00,2024/2/1,11,0,50,8.6837,0.173674,10.88,0.2176,15.01,16.5,93.17,93.17,1014.56,1008.35999,1.65,1.65,292.14999,191,217.67999,144.27
1677,2024/2/1 11:15,2024/2/1,11,15,50,4.75366,0.0950732,11.38,0.2276,15.13,16.5,92.78,92.78,1014.67999,1008.27002,1.74,1.74,291.20999,197,227.42,111.56
1678,2024/2/1 11:30,2024/2/1,11,30,50,6.0966,0.1219319999999999,11.5,0.23,15.13,16.5,92.34,92.34,1014.37,1008.13,1.86,1.86,273.32999,207,236.38001,128.7
1679,2024/2/1 11:45,2024/2/1,11,45,50,7.55789,0.1511578,11.62,0.2324,15.08,16.49,91.87,91.87,1014.45001,1007.96002,1.99,1.99,288.45001,220,244.41,142.03
1680,2024/2/1 12:00,2024/2/1,12,0,50,3.92615,0.078523,11.46,0.2292,15.21,16.49,91.39,91.39,1014,1007.76001,2.14,2.14,271.32999,234,251.34,173.26
1681,2024/2/1 12:15,2024/2/1,12,15,50,10.0687,0.201374,11.27,0.2254,15.02,16.49,90.9,90.9,1013.91998,1007.54999,2.29,2.29,248.96001,246,257.01999,104.1
1682,2024/2/1 12:30,2024/2/1,12,30,50,6.36638,0.1273276,11.1,0.222,15.58,16.48,90.45,90.45,1013.52002,1007.34003,2.44,2.44,252.01,256,261.26999,175.25
1683,2024/2/1 12:45,2024/2/1,12,45,50,5.33947,0.1067894,10.9,0.218,15.56,16.48,90.03,90.03,1013.59003,1007.14001,2.57,2.57,257.35001,263,263.95001,101.36
1684,2024/2/1 13:00,2024/2/1,13,0,50,4.16666,0.0833332,10.46,0.2092,15.48,16.47,89.68,89.68,1013.38,1006.96997,2.69,2.69,243.67999,268,264.87,51.95
1685,2024/2/1 13:15,2024/2/1,13,15,50,3.47085,0.069417,9.6,0.192,15.61,16.47,89.4,89.4,1013.07001,1006.83002,2.78,2.78,261.95999,272,260,55.5
1686,2024/2/1 13:30,2024/2/1,13,30,50,4.39455,0.087891,8.72,0.1744,15.65,16.46,89.22,89.22,1013,1006.73999,2.85,2.85,350.12,274,246.75,77
1687,2024/2/1 13:45,2024/2/1,13,45,50,2.97648,0.0595296,7.93,0.1586,15.71,16.45,89.15,89.15,1013.06,1006.71002,2.87,2.87,353.60001,274,227.13001,79.23
1688,2024/2/1 14:00,2024/2/1,14,0,50,3.33893,0.0667786,7.04,0.1408,15.48,16.44,89.21,89.21,1012.75,1006.71002,2.86,2.86,306.10001,274,203.17,51.83
1689,2024/2/1 14:15,2024/2/1,14,15,50,2.38552,0.0477104,6.39,0.1278,15.13,16.41,89.38,89.38,1012.78003,1006.71997,2.85,2.85,318.34,272,176.89,52.42
1690,2024/2/1 14:30,2024/2/1,14,30,50,1.65081,0.0330162,5.53,0.1106,14.78,16.37,89.63,89.63,1012.63,1006.73999,2.82,2.82,305.38,270,150.31,42.61
1691,2024/2/1 14:45,2024/2/1,14,45,50,1.05778,0.0211556,4.89,0.0978,14.5,16.31,89.96,89.96,1012.67999,1006.77002,2.79,2.79,299.81,268,125.46,22.28
1692,2024/2/1 15:00,2024/2/1,15,0,50,1.0455,0.02091,4.31,0.0862,14.18,16.25,90.35,90.35,1012.60999,1006.79999,2.74,2.74,285.09,264,104.35,31.49
1693,2024/2/1 15:15,2024/2/1,15,15,50,1.24316,0.0248632,3.71,0.0742,13.74,16.17,90.78,90.78,1012.72998,1006.84003,2.7,2.7,284.10001,261,89.02,20.43
1694,2024/2/1 15:30,2024/2/1,15,30,50,1.49977,0.0299954,3.14,0.0628,13.22,16.09,91.24,91.24,1012.84998,1006.88,2.64,2.64,290.60001,257,77.19,16.7
1695,2024/2/1 15:45,2024/2/1,15,45,50,0.49149,0.0098298,2.7,0.054,12.76,16,91.71,91.71,1012.82001,1006.91998,2.59,2.59,275.54999,254,65.4,16.82
1696,2024/2/1 16:00,2024/2/1,16,0,50,0.92932,0.0185864,2.09,0.0418,12.47,15.91,92.18,92.18,1013.21002,1006.96997,2.53,2.53,279.88,250,53.91,12.85
1697,2024/2/1 16:15,2024/2/1,16,15,50,0,0,1.72,0.0344,12.17,15.82,92.63,92.63,1013.21002,1007.03003,2.47,2.47,287.63,248,42.96,13.09
1698,2024/2/1 16:30,2024/2/1,16,30,50,0,0,0.86,0.0172,11.92,15.72,93.04,93.04,1013.64001,1007.08002,2.4,2.4,286.26999,245,32.8,3.22
1699,2024/2/1 16:45,2024/2/1,16,45,50,0,0,0.34,0.0068,11.59,15.62,93.41,93.41,1013.94,1007.14001,2.34,2.34,275.17001,244,23.66,10.17
1700,2024/2/1 17:00,2024/2/1,17,0,50,0,0,0.17,0.0034,11.47,15.52,93.76,93.76,1013.85999,1007.21997,2.26,2.26,173.74,243,15.79,7.22
1701,2024/2/1 17:15,2024/2/1,17,15,50,0.05055,0.001011,0,0,11.27,15.39,94.15,94.15,1013.10999,1007.34003,2.15,2.15,188.28,241,0,12.79
1702,2024/2/1 17:30,2024/2/1,17,30,50,0,0,0,0,11.22,15.25,94.57,94.57,1013.92999,1007.47998,2.03,2.03,308.94,239,0,14.79
1703,2024/2/1 17:45,2024/2/1,17,45,50,0,0,0,0,11.28,15.1,94.99,94.99,1014.09998,1007.65002,1.89,1.89,329.85001,237,0,1.76
1704,2024/2/1 18:00,2024/2/1,18,0,50,0,0,0,0,11.41,14.93,95.41,95.41,1014.14001,1007.84003,1.74,1.74,324.54999,234,0,0
1705,2024/2/1 18:15,2024/2/1,18,15,50,0,0,0,0,11.42,14.76,95.81,95.81,1014.46997,1008.03998,1.59,1.59,318.88,230,0,0
1706,2024/2/1 18:30,2024/2/1,18,30,50,0,0,0,0,11.41,14.58,96.18,96.18,1014.34003,1008.23999,1.44,1.44,17.27,226,0,0
1707,2024/2/1 18:45,2024/2/1,18,45,50,0,0,0,0,11.25,14.4,96.52,96.52,1014.63,1008.42999,1.31,1.31,320.54999,219,0,0
1708,2024/2/1 19:00,2024/2/1,19,0,50,0,0,0,0,11.2,14.21,96.8,96.8,1014.71002,1008.62,1.19,1.19,333.66,211,0,0
1709,2024/2/1 19:15,2024/2/1,19,15,50,0,0,0,0,11.21,14.03,97.02,97.02,1014.91998,1008.78998,1.1,1.1,299.79999,201,0,0
1710,2024/2/1 19:30,2024/2/1,19,30,50,0,0,0,0,11.17,13.85,97.16,97.16,1015,1008.94,1.04,1.04,326.20999,188,0,0
1711,2024/2/1 19:45,2024/2/1,19,45,50,0,0,0,0,11.22,13.68,97.21,97.21,1014.65997,1009.04999,1.02,1.02,313.42001,174,0,0
1712,2024/2/1 20:00,2024/2/1,20,0,50,0,0,0,0,11.18,13.51,96.99,96.99,1015,1009.15002,1.11,1.11,315.20001,157,0,0
1713,2024/2/1 20:15,2024/2/1,20,15,50,0,0,0,0,11.15,13.34,96.39,96.39,1015.10999,1009.23999,1.35,1.35,299.79999,138,0,0
1714,2024/2/1 20:30,2024/2/1,20,30,50,0,0,0,0,11.19,13.17,95.48,95.48,1015.20001,1009.33002,1.71,1.71,307.94,122,0,0
1715,2024/2/1 20:45,2024/2/1,20,45,50,0,0,0,0,11.2,12.99,94.35,94.35,1015.03998,1009.40997,2.16,2.16,357.69,112,0,0
1716,2024/2/1 21:00,2024/2/1,21,0,50,0,0,0,0,11.25,12.82,93.06,93.06,1014.91998,1009.48999,2.67,2.67,210.41,105,0,0
1717,2024/2/1 21:15,2024/2/1,21,15,50,0,0,0,0,11.27,12.64,91.69,91.69,1014.83002,1009.56,3.22,3.22,303.73999,100,0,0
1718,2024/2/1 21:30,2024/2/1,21,30,50,0,0,0,0,11.24,12.47,90.33,90.33,1014.88,1009.63,3.76,3.76,305.78,97,0,0
1719,2024/2/1 21:45,2024/2/1,21,45,50,0,0,0,0,11.24,12.29,89.04,89.04,1015,1009.69,4.27,4.27,352.29001,94,0,0
1720,2024/2/1 22:00,2024/2/1,22,0,50,0,0,0,0,11.26,12.11,87.9,87.9,1015.23999,1009.75,4.72,4.72,260.54999,93,0,0
1721,2024/2/1 22:15,2024/2/1,22,15,50,0,0,0,0,11.15,11.92,87,87,1015.53003,1009.81,5.08,5.08,270.29999,92,0,0
1722,2024/2/1 22:30,2024/2/1,22,30,50,0,0,0,0,11.11,11.74,86.4,86.4,1015.77002,1009.85999,5.32,5.32,296.22,91,0,0
1723,2024/2/1 22:45,2024/2/1,22,45,50,0,0,0,0,11.17,11.55,86.18,86.18,1016.02002,1009.90997,5.41,5.41,150.44,91,0,0
1724,2024/2/1 23:00,2024/2/1,23,0,50,0,0,0,0,11.2,11.35,86.28,86.28,1016.02002,1009.96002,5.41,5.41,148.14,91,0,0
1725,2024/2/1 23:15,2024/2/1,23,15,50,0,0,0,0,11.22,11.14,86.54,86.54,1015.72998,1010.01001,5.4,5.4,228.38001,91,0,0
1726,2024/2/1 23:30,2024/2/1,23,30,50,0,0,0,0,10.7,10.92,86.94,86.94,1016.14001,1010.04999,5.39,5.39,238.74,91,0,0
1727,2024/2/1 23:45,2024/2/1,23,45,50,0,0,0,0,10.38,10.69,87.44,87.44,1016.14001,1010.09998,5.39,5.39,261.04001,92,0,0
1728,2024/2/2 0:00,2024/2/2,0,0,50,0,0,0,0,10.98,10.29,101.0939,85.71,1016.08748,1011.26001,1.04891,5.27,339.42749,96,0,0
1729,2024/2/2 0:15,2024/2/2,0,15,50,0,0,0,0,10.39,10.15,87.76123,85.64,1015.99437,1011.28998,4.56223,5.21,248.84688,96,0,0
1730,2024/2/2 0:30,2024/2/2,0,30,50,0,0,0,0,10.11,10.01,78.27,85.58,1016.14001,1011.32001,4.8,5.15,43.78,96,0,0
1731,2024/2/2 0:45,2024/2/2,0,45,50,0,0,0,0,9.89,9.87,61.92,85.53,1016.14001,1011.34003,4.3,5.1,316.22,96,0,0
1732,2024/2/2 1:00,2024/2/2,1,0,50,0,0,0,0,9.52,9.74,51.92,85.49,1016.42999,1011.35999,2.3,5.05,0.24,96,0,0
1733,2024/2/2 1:15,2024/2/2,1,15,50,0,0,0,0,9.34,9.6,58.27,85.46,1016.42999,1011.37,0,5,49.44,96,0,0
1734,2024/2/2 1:30,2024/2/2,1,30,50,0,0,0,0,9.16,9.47,41.44,85.44,1016.21997,1011.38,2.5,4.97,32.51,96,0,0
1735,2024/2/2 1:45,2024/2/2,1,45,50,0,0,0,0,9.08,9.33,34.14,85.43,1016.14001,1011.38,4.1,4.95,333.03,95,0,0
1736,2024/2/2 2:00,2024/2/2,2,0,50,0,0,0,0,8.95,9.19,44.14,85.57,1016.27002,1011.38,3.3,4.93,293.17999,95,0,0
1737,2024/2/2 2:15,2024/2/2,2,15,50,0,0,0,0,8.76,9.05,47.79,85.93,1016.14001,1011.37,1.8,4.92,298.32001,95,0,0
1738,2024/2/2 2:30,2024/2/2,2,30,50,0,0,0,0,8.68,8.91,67.79,86.49,1016.17999,1011.35999,0,4.91,238.89,94,0,0
1739,2024/2/2 2:45,2024/2/2,2,45,50,0,0,0,0,8.65,8.76,40.96,87.18,1016.21997,1011.34003,5.4,4.89,270.67999,94,0,0
1740,2024/2/2 3:00,2024/2/2,3,0,50,0,0,0,0,8.61,8.62,40.96,87.97,1016.23999,1011.32001,4.6,4.88,7.73,93,0,0
1741,2024/2/2 3:15,2024/2/2,3,15,50,0,0,0,0,8.61,8.48,40.96,88.8,1016.35999,1011.29999,4.6,4.87,296.10001,92,0,0
1742,2024/2/2 3:30,2024/2/2,3,30,50,0,0,0,0,8.49,8.34,54.14,89.64,1016.84998,1011.28003,4.4,4.86,326.76001,91,0,0
1743,2024/2/2 3:45,2024/2/2,3,45,50,0,0,0,0,8.27,8.22,34.14,90.42,1016.67999,1011.26001,2.4,4.86,277.60998,91,0,0
1744,2024/2/2 4:00,2024/2/2,4,0,50,0,0,0,0,7.94,8.09,34.14,91.12,1016.84003,1011.25,0,4.85,274.03,90,0,0
1745,2024/2/2 4:15,2024/2/2,4,15,50,0,0,0,0,7.7,7.98,34.14,91.67,1016.76001,1011.22998,0.2,4.85,272.26999,89,0,0
1746,2024/2/2 4:30,2024/2/2,4,30,50,0,0,0,0,7.51,7.88,40.96,92.04,1016.58002,1011.22998,1.9,4.84,261.88,89,0,0
1747,2024/2/2 4:45,2024/2/2,4,45,50,0,0,0,0,7.28,7.8,40.96,92.17,1017.22998,1011.21997,2.3,4.84,254.27,89,0,0
1748,2024/2/2 5:00,2024/2/2,5,0,50,0,0,0,0,6.89,7.72,47.79,92.16,1017.78998,1011.23999,3.4,4.85,286.44,89,0,0
1749,2024/2/2 5:15,2024/2/2,5,15,50,0,0,0,0,6.74,7.64,34.14,92.13,1017.78003,1011.29999,2.3,4.88,317.23999,89,0,0
1750,2024/2/2 5:30,2024/2/2,5,30,50,0,0,0,0,6.67,7.56,40.96,92.09,1017.84003,1011.38,0,4.92,235.99,89,0,0
1751,2024/2/2 5:45,2024/2/2,5,45,50,0,0,0,0,6.62,7.49,40.96,92.03,1018.06,1011.47998,1.7,4.97,268.28,89,0,0
1752,2024/2/2 6:00,2024/2/2,6,0,50,0,0,0,0,6.65,7.41,40.96,91.95,1018.19,1011.59998,2.9,5.03,224.32001,89,0,0
1753,2024/2/2 6:15,2024/2/2,6,15,50,0,0,0,0,6.71,7.35,47.79,91.86,1018.34003,1011.72998,0,5.09,267.10998,89,0,0
1754,2024/2/2 6:30,2024/2/2,6,30,50,0,0,0,0,6.81,7.28,57.79,91.75,1018.77002,1011.85999,2.9,5.15,273.82999,89,0,0
1755,2024/2/2 6:45,2024/2/2,6,45,50,0,0,0,0,6.91,7.23,51.44,91.63,1018.56,1011.98999,0,5.21,317.69,89,0,0
1756,2024/2/2 7:00,2024/2/2,7,0,50,0,0,0.06,0.0012,7.02,7.19,34.14,91.5,1018.62,1012.10999,1.7,5.26,258.91,89,0,0.72
1757,2024/2/2 7:15,2024/2/2,7,15,50,0,0,0.11,0.0022,7.14,7.15,40.96,91.36,1018.70001,1012.21997,0.2,5.3,340,89,0,4.8
1758,2024/2/2 7:30,2024/2/2,7,30,50,0,0,0.28,0.0056,7.2,7.13,34.14,91.2,1018.87,1012.29999,0,5.33,127.99,89,14.72,3.94
1759,2024/2/2 7:45,2024/2/2,7,45,50,1.60848,0.0321696,0.55,0.011,7.21,7.13,44.14,91.04,1018.59003,1012.35999,1.7,5.34,68.74,89,24.64,7.85
1760,2024/2/2 8:00,2024/2/2,8,0,50,0.65011,0.0130021999999999,0.91,0.0182,7.29,7.14,44.14,90.75,1018.41998,1012.39001,1,5.33,151.67999,89,36.81,26.52
1761,2024/2/2 8:15,2024/2/2,8,15,50,1.5651,0.0313019999999999,1.54,0.0308,7.55,7.18,47.79,90.26,1018.64001,1012.42999,2,5.33,321.66,89,50.59,34.04
1762,2024/2/2 8:30,2024/2/2,8,30,50,2.21373,0.0442746,2.27,0.0454,7.83,7.24,54.62,89.59,1018.75,1012.46997,2,5.33,123.95,89,65.3,50.42
1763,2024/2/2 8:45,2024/2/2,8,45,50,6.83191,0.1366382,2.74,0.0548,8.14,7.33,40.96,88.78,1018.59998,1012.5,1.8,5.32,105.57,88,80.29,70.8
1764,2024/2/2 9:00,2024/2/2,9,0,50,5.07213,0.1014426,3.37,0.0674,8.5,7.43,47.79,87.85,1018.37,1012.53003,1.4,5.31,124.79,88,94.89,85.5
1765,2024/2/2 9:15,2024/2/2,9,15,50,9.64083,0.1928165999999999,3.88,0.0776,8.74,7.55,68.27,86.85,1018.28998,1012.56,0,5.31,112.31,87,108.46,112.76
1766,2024/2/2 9:30,2024/2/2,9,30,50,11.5228,0.230456,4.35,0.087,9.08,7.68,58.27,85.8,1018.51001,1012.59003,2.4,5.3,104.34,87,120.82,215.91
1767,2024/2/2 9:45,2024/2/2,9,45,50,19.8239,0.3964779999999999,4.93,0.0986,9.52,7.82,68.27,84.74,1018.28003,1012.60999,1.8,5.28,76.84,86,134.41,261.34
1768,2024/2/2 10:00,2024/2/2,10,0,50,21.7691,0.435382,5.48,0.1096,10.18,7.96,40.96,83.7,1018.26001,1012.62,0,5.27,103.78,86,149.34,711.09003
1769,2024/2/2 10:15,2024/2/2,10,15,50,18.6288,0.3725759999999999,5.77,0.1153999999999999,10.83,8.11,50.96,82.71,1018.59998,1012.64001,2.1,5.26,87.8,85,165.22,332.81
1770,2024/2/2 10:30,2024/2/2,10,30,50,7.40513,0.1481026,6.12,0.1224,10.71,8.26,44.13,81.82,1018.34998,1012.65002,1.6,5.24,62.33,85,181.69,259.48001
1771,2024/2/2 10:45,2024/2/2,10,45,50,4.90774,0.0981548,6.1,0.122,10.41,8.41,34.13,81.03,1018.76001,1012.65002,1.6,5.22,90.22,84,198.38001,179.97
1772,2024/2/2 11:00,2024/2/2,11,0,50,11.7736,0.235472,6.09,0.1217999999999999,10.17,8.59,34.13,80.29,1018.92999,1012.59998,0,5.18,85.41,84,214.89,112.49
1773,2024/2/2 11:15,2024/2/2,11,15,50,8.57343,0.1714686,6.13,0.1226,10.27,8.82,44.13,79.5,1018.46002,1012.47998,2.4,5.08,82.6,83,230.86999,224.27
1774,2024/2/2 11:30,2024/2/2,11,30,50,12.3712,0.247424,6.42,0.1284,10.23,9.1,54.13,78.68,1018.46997,1012.28003,2.5,4.94,72.15,83,245.94,201.13001
1775,2024/2/2 11:45,2024/2/2,11,45,50,8.37143,0.1674286,6.42,0.1284,10.24,9.4,44.13,77.85,1018.34998,1012.03998,1.7,4.77,96.84,82,259.72,199.10001
1776,2024/2/2 12:00,2024/2/2,12,0,50,13.0887,0.261774,6.36,0.1272,10.2,9.72,54.13,77.03,1018.28003,1011.77002,2,4.57,81.63,82,271.82999,211.16
1777,2024/2/2 12:15,2024/2/2,12,15,50,10.1266,0.202532,6.21,0.1242,10.47,10.04,84.13,76.26,1018.28003,1011.47998,1.6,4.35,104.95,81,281.89999,205.14
1778,2024/2/2 12:30,2024/2/2,12,30,50,8.88805,0.177761,5.98,0.1196,10.65,10.35,74.13,75.54,1018.21002,1011.19,0,4.12,88.79,80,289.56,203.14
1779,2024/2/2 12:45,2024/2/2,12,45,50,10.2197,0.204394,5.83,0.1166,10.62,10.63,64.13,74.9,1017.78003,1010.91998,2,3.88,81.19,79,294.42999,252.55
1780,2024/2/2 13:00,2024/2/2,13,0,50,14.5755,0.29151,5.46,0.1092,10.7,10.87,40.96,74.37,1017.28998,1010.67999,2.1,3.65,71.87,78,296.14002,246.01
1781,2024/2/2 13:15,2024/2/2,13,15,50,10.6959,0.213918,5.03,0.1006,10.95,11.06,44.13,73.96,1016.70001,1010.48999,1.7,3.44,103.56,77,288.98001,216.48
1782,2024/2/2 13:30,2024/2/2,13,30,50,6.07782,0.1215564,4.55,0.091,10.95,11.19,47.78,73.7,1016.96002,1010.35999,2.1,3.24,92.63,76,269.62,144.48
1783,2024/2/2 13:45,2024/2/2,13,45,50,6.69636,0.1339272,4.14,0.0828,10.84,11.23,57.78,73.61,1016.92999,1010.31,1.2,3.07,114.58,74,241.24,97.04
1784,2024/2/2 14:00,2024/2/2,14,0,50,4.16618,0.0833236,3.74,0.0748,10.81,11.22,47.78,73.76,1016.77002,1010.32001,0,2.92,110.4,72,207.05,120.98
1785,2024/2/2 14:15,2024/2/2,14,15,50,4.10888,0.0821776,3.38,0.0676,10.65,11.21,40.96,74.19,1016.75,1010.33002,1.8,2.75,81.57,70,170.23,96.41
1786,2024/2/2 14:30,2024/2/2,14,30,50,5.51125,0.110225,3.19,0.0638,10.55,11.19,34.13,74.84,1016.71002,1010.34003,0,2.58,118.32,66,133.97,92.06
1787,2024/2/2 14:45,2024/2/2,14,45,50,4.47148,0.0894296,2.84,0.0567999999999999,10.51,11.16,54.13,75.65,1016.54999,1010.37,2.8,2.4,97.93,62,101.46,103.4
1788,2024/2/2 15:00,2024/2/2,15,0,50,6.41546,0.1283092,2.54,0.0508,10.56,11.13,44.13,76.58,1016.34998,1010.39001,0,2.23,114.05,58,75.88,86.34
1789,2024/2/2 15:15,2024/2/2,15,15,50,3.90128,0.0780256,2.16,0.0432,10.41,11.09,34.13,77.56,1016.21997,1010.41998,1.7,2.07,86.84,52,60.44,111.9
1790,2024/2/2 15:30,2024/2/2,15,30,50,2.27948,0.0455896,1.78,0.0356,10.2,11.04,40.95,78.53,1016.15997,1010.46002,0,1.92,113.17,46,51.36,66.93
1791,2024/2/2 15:45,2024/2/2,15,45,50,1.61996,0.0323992,1.44,0.0288,9.98,11,50.96,79.45,1016.16998,1010.5,1.7,1.78,80.6,39,42.8,49.63
1792,2024/2/2 16:00,2024/2/2,16,0,50,1.31683,0.0263365999999999,1.09,0.0218,9.84,10.95,60.96,80.27,1016.28998,1010.53998,1.7,1.67,80.17,33,34.85,37.67
1793,2024/2/2 16:15,2024/2/2,16,15,50,0.91662,0.0183324,0.76,0.0152,9.65,10.89,41.43,80.92,1016.27002,1010.58002,0.8,1.59,93.76,28,27.57,32.93
1794,2024/2/2 16:30,2024/2/2,16,30,50,0.5767,0.0115339999999999,0.48,0.0096,9.48,10.84,40.96,81.35,1016.31,1010.63,2.1,1.53,84.56,25,21.05,21.69
1795,2024/2/2 16:45,2024/2/2,16,45,50,0,0,0.24,0.0048,9.38,10.78,40.96,81.5,1016.34003,1010.66998,1,1.51,74.65,24,15.36,16.76
1796,2024/2/2 17:00,2024/2/2,17,0,50,0,0,0.1,0.002,9.26,10.72,34.13,81.49,1016.34998,1010.72998,0,1.55,91.45,25,10.58,9.31
1797,2024/2/2 17:15,2024/2/2,17,15,50,0,0,0.05,0.001,9.1,10.63,44.13,81.46,1016.08002,1010.82001,1.2,1.64,104.51,30,0,10.11
1798,2024/2/2 17:30,2024/2/2,17,30,50,0,0,0,0,8.91,10.53,44.13,81.41,1016.21997,1010.91998,0,1.79,95.39,37,0,5.46
1799,2024/2/2 17:45,2024/2/2,17,45,50,0,0,0,0,8.78,10.42,34.13,81.34,1016.46997,1011.03003,1.7,1.98,84.53,44,0,1.07
1800,2024/2/2 18:00,2024/2/2,18,0,50,0,0,0,0,8.7,10.3,44.13,81.26,1016.71997,1011.15997,2.5,2.2,72.44,51,0,0
1801,2024/2/2 18:15,2024/2/2,18,15,50,0,0,0,0,8.61,10.17,40.96,81.17,1016.59998,1011.28998,0,2.43,71.72,57,0,0
1802,2024/2/2 18:30,2024/2/2,18,30,50,0,0,0,0,8.59,10.05,60.96,81.07,1016.88,1011.41998,0,2.68,62.15,62,0,0
1803,2024/2/2 18:45,2024/2/2,18,45,50,0,0,0,0,8.62,9.92,50.96,80.95,1017.33002,1011.54999,2.3,2.92,90.69,67,0,0
1804,2024/2/2 19:00,2024/2/2,19,0,50,0,0,0,0,8.64,9.81,60.96,80.83,1017.14001,1011.66998,1.7,3.14,109.85,70,0,0
1805,2024/2/2 19:15,2024/2/2,19,15,50,0,0,0,0,8.57,9.7,70.96,80.71,1016.96997,1011.78003,2.4,3.35,91.93,72,0,0
1806,2024/2/2 19:30,2024/2/2,19,30,50,0,0,0,0,8.41,9.61,60.96,80.58,1017.37,1011.87,2.4,3.51,84.54,74,0,0
1807,2024/2/2 19:45,2024/2/2,19,45,50,0,0,0,0,8.39,9.53,50.96,80.45,1017.51001,1011.92999,1,3.63,103.01,76,0,0
1808,2024/2/2 20:00,2024/2/2,20,0,50,0,0,0,0,8.4,9.46,60.96,80.29,1017.34998,1011.98999,0,3.73,73.29,77,0,0
1809,2024/2/2 20:15,2024/2/2,20,15,50,0,0,0,0,8.34,9.4,47.79,80.08,1017.34998,1012.03998,2.8,3.82,80.02,79,0,0
1810,2024/2/2 20:30,2024/2/2,20,30,50,0,0,0,0,8.32,9.35,40.96,79.82,1017.28003,1012.09998,2.6,3.91,101.89,80,0,0
1811,2024/2/2 20:45,2024/2/2,20,45,50,0,0,0,0,8.35,9.29,50.96,79.53,1017.31,1012.15002,0,3.99,98.59,82,0,0
1812,2024/2/2 21:00,2024/2/2,21,0,50,0,0,0,0,8.41,9.24,60.96,79.21,1017.51001,1012.19,2,4.07,100.55,83,0,0
1813,2024/2/2 21:15,2024/2/2,21,15,50,0,0,0,0,8.35,9.19,34.13,78.9,1017.19,1012.23999,1.7,4.15,82.94,85,0,0
1814,2024/2/2 21:30,2024/2/2,21,30,50,0,0,0,0,8.27,9.15,40.96,78.59,1017.72998,1012.28003,0,4.22,76.94,86,0,0
1815,2024/2/2 21:45,2024/2/2,21,45,50,0,0,0,0,8.24,9.1,40.96,78.29,1017.56,1012.31,1.6,4.27,90.09,88,0,0
1816,2024/2/2 22:00,2024/2/2,22,0,50,0,0,0,0,8.2,9.06,40.96,78.02,1017.71997,1012.34003,2.3,4.32,96.88,89,0,0
1817,2024/2/2 22:15,2024/2/2,22,15,50,0,0,0,0,8.16,9.02,34.13,77.8,1017.60999,1012.35999,0,4.36,63.61,89,0,0
1818,2024/2/2 22:30,2024/2/2,22,30,50,0,0,0,0,8.08,8.98,54.13,77.63,1017.56,1012.37,2.5,4.38,65.36,90,0,0
1819,2024/2/2 22:45,2024/2/2,22,45,50,0,0,0,0,7.97,8.94,47.79,77.52,1017.81,1012.38,1.3,4.39,59.34,90,0,0
1820,2024/2/2 23:00,2024/2/2,23,0,50,0,0,0,0,7.94,8.91,37.79,77.45,1017.63,1012.35999,1.2,4.39,80.65,90,0,0
1821,2024/2/2 23:15,2024/2/2,23,15,50,0,0,0,0,7.95,8.87,34.13,77.39,1017.37,1012.29999,1.3,4.38,85.06,90,0,0
1822,2024/2/2 23:30,2024/2/2,23,30,50,0,0,0,0,7.92,8.84,40.96,77.33,1017.15997,1012.21997,1.8,4.38,79.97,90,0,0
1823,2024/2/2 23:45,2024/2/2,23,45,50,0,0,0,0,7.92,8.81,40.96,77.27,1017.29999,1012.10999,0.9,4.38,86.09,90,0,0
1824,2024/2/11 0:00,2024/2/11,0,0,50,0,0,0,0,3.71125,3.81,100.80024,87.96,1008.93524,1018.60999,1.79284,1.56,235.3975,212,0,0
1825,2024/2/11 0:15,2024/2/11,0,15,50,0,0,0,0,3.49281,3.8,86.70535,87.87,1014.93524,1018.62,1.66071,1.62,226.76688,210,0,0
1826,2024/2/11 0:30,2024/2/11,0,30,50,0,0,0,0,3.39,3.8,56.70535,87.78,1020.93524,1018.63,1.65,1.69,256.62,208,0,0
1827,2024/2/11 0:45,2024/2/11,0,45,50,0,0,0,0,3.36,3.79,44.14,87.7,1025.02002,1018.64001,1.7,1.74,207.42999,206,0,0
1828,2024/2/11 1:00,2024/2/11,1,0,50,0,0,0,0,3.28,3.78,34.14,87.62,1025.03003,1018.65002,1.74,1.79,253.78999,204,0,0
1829,2024/2/11 1:15,2024/2/11,1,15,50,0,0,0,0,3.06,3.77,34.14,87.56,1025.07996,1018.65002,1.78,1.83,219.89,203,0,0
1830,2024/2/11 1:30,2024/2/11,1,30,50,0,0,0,0,2.96,3.75,60.96,87.52,1024.92004,1018.65997,1.8,1.86,222.69,202,0,0
1831,2024/2/11 1:45,2024/2/11,1,45,50,0,0,0,0,2.72,3.73,50.96,87.51,1025.07996,1018.65997,1.81,1.87,18.08,201,0,0
1832,2024/2/11 2:00,2024/2/11,2,0,50,0,0,0,0,2.48,3.67,57.79,87.65,1025,1018.65002,1.78,1.85,18.73,200,0,0
1833,2024/2/11 2:15,2024/2/11,2,15,50,0,0,0,0,2.47,3.53,54.62,88.05,1024.98999,1018.64001,1.71,1.81,54.38,198,0,0
1834,2024/2/11 2:30,2024/2/11,2,30,50,0,0,0,0,2.45,3.32,44.62,88.65,1024.95996,1018.62,1.61,1.74,117.87,196,0,0
1835,2024/2/11 2:45,2024/2/11,2,45,50,0,0,0,0,2.29,3.08,40.96,89.41,1024.87,1018.59998,1.49,1.65,0.33,192,0,0
1836,2024/2/11 3:00,2024/2/11,3,0,50,0,0,0,0,2.28,2.8,40.96,90.26,1024.92004,1018.58002,1.34,1.55,71.26,189,0,0
1837,2024/2/11 3:15,2024/2/11,3,15,50,0,0,0,0,2.17,2.51,47.79,91.17,1024.79004,1018.54999,1.19,1.44,171.91,184,0,0
1838,2024/2/11 3:30,2024/2/11,3,30,50,0,0,0,0,2.07,2.22,40.96,92.08,1024.63,1018.52002,1.03,1.33,159.31,179,0,0
1839,2024/2/11 3:45,2024/2/11,3,45,50,0,0,0,0,1.9,1.95,47.79,92.93,1024.42004,1018.5,0.89,1.22,262.42001,173,0,0
1840,2024/2/11 4:00,2024/2/11,4,0,50,0,0,0,0,1.69,1.71,40.96,93.69,1024.42004,1018.47998,0.76,1.12,326.28,167,0,0
1841,2024/2/11 4:15,2024/2/11,4,15,50,0,0,0,0,1.72,1.52,50.96,94.29,1024.63,1018.46002,0.66,1.03,72.1,162,0,0
1842,2024/2/11 4:30,2024/2/11,4,30,50,0,0,0,0,1.71,1.39,40.96,94.69,1024.46997,1018.45001,0.59,0.95,46.84,157,0,0
1843,2024/2/11 4:45,2024/2/11,4,45,50,0,0,0,0,1.64,1.35,34.14,94.83,1024.46997,1018.44,0.57,0.9,115.99,155,0,0
1844,2024/2/11 5:00,2024/2/11,5,0,50,0,0,0,0,1.58,1.39,40.96,94.71,1024.55005,1018.46997,0.58,0.86,113.55,154,0,0
1845,2024/2/11 5:15,2024/2/11,5,15,50,0,0,0,0,1.4,1.5,40.96,94.35,1024.67004,1018.53998,0.6,0.82,137.59,153,0,0
1846,2024/2/11 5:30,2024/2/11,5,30,50,0,0,0,0,1.35,1.67,34.14,93.79,1024.82996,1018.65997,0.64,0.79,83.39,152,0,0
1847,2024/2/11 5:45,2024/2/11,5,45,50,0,0,0,0,1.2,1.9,50.96,93.05,1024.82996,1018.81,0.68,0.75,81.23,151,0,0
1848,2024/2/11 6:00,2024/2/11,6,0,50,0,0,0,0,1.14,2.18,50.96,92.16,1024.95996,1018.97998,0.73,0.72,65.69,151,0,0
1849,2024/2/11 6:15,2024/2/11,6,15,50,0,0,0,0,1.09,2.51,34.14,91.14,1025.04004,1019.15997,0.78,0.69,136.41,150,0,0
1850,2024/2/11 6:30,2024/2/11,6,30,50,0,0,0,0,1.01,2.87,40.96,90.02,1025.19995,1019.35999,0.83,0.66,80.8,149,0,0
1851,2024/2/11 6:45,2024/2/11,6,45,50,0,0,0.3,0.006,0.88,3.26,34.14,88.82,1025.23999,1019.54999,0.88,0.64,23.09,149,22.61,0
1852,2024/2/11 7:00,2024/2/11,7,0,50,0.5023,0.010046,0.6,0.012,0.75,3.67,44.14,87.58,1025.48999,1019.71997,0.93,0.62,88.35,148,26.25,1.07
1853,2024/2/11 7:15,2024/2/11,7,15,50,1.8989,0.037978,1.51,0.0302,0.72,4.09,34.14,86.31,1025.56995,1019.88,0.96,0.61,23.31,146,42.91,13.01
1854,2024/2/11 7:30,2024/2/11,7,30,50,4.44979,0.0889958,3.02,0.0604,0.9,4.52,34.14,85.04,1025.77002,1020.02002,0.98,0.6,113.98,145,75.65,39.93
1855,2024/2/11 7:45,2024/2/11,7,45,50,7.35881,0.1471762,4.52,0.0904,1.31,4.95,61.44,83.8,1025.77002,1020.10999,0.99,0.59,97.2,143,120.78,77.66
1856,2024/2/11 8:00,2024/2/11,8,0,50,10.4431,0.208862,6.55,0.131,2.08,5.45,51.44,82.46,1026.16003,1020.19,0.98,0.59,56.58,139,174.58,123.17
1857,2024/2/11 8:15,2024/2/11,8,15,50,14.1809,0.283618,9.12,0.1823999999999999,3.13,6.1,81.44,80.89,1026.15002,1020.26001,0.97,0.6,266.98001,134,233.35001,173.92
1858,2024/2/11 8:30,2024/2/11,8,30,50,17.5899,0.351798,12.09,0.2418,4.62,6.85,51.44,79.15,1026.33997,1020.33002,0.94,0.6,43.74,125,293.39002,224.49
1859,2024/2/11 8:45,2024/2/11,8,45,50,20.9729,0.419458,15.37,0.3074,6.35,7.68,40.96,77.27,1026.57996,1020.40997,0.91,0.61,235.06,114,350.95001,277.92999
1860,2024/2/11 9:00,2024/2/11,9,0,50,24.2873,0.4857459999999999,18.780001,0.37560002,7.9,8.56,40.96,75.29,1026.76001,1020.46997,0.88,0.62,166.81,100,402.35998,333.10001
1861,2024/2/11 9:15,2024/2/11,9,15,50,27.2999,0.545998,21.969999,0.43939998,8.97,9.47,47.79,73.26,1026.67004,1020.53003,0.84,0.64,189.39999,84,443.89002,387.95999
1862,2024/2/11 9:30,2024/2/11,9,30,50,29.6001,0.592002,24.93,0.4986,10.29,10.37,51.195,71.21,1026.81006,1020.59003,0.8,0.65,214.01,69,473.89002,439.75
1863,2024/2/11 9:45,2024/2/11,9,45,50,23.2508,0.465016,27.450001,0.54900002,11.98,11.23,37.78,69.18,1027,1020.64001,0.76,0.66,224.89,57,502.20999,487.92999
1864,2024/2/11 10:00,2024/2/11,10,0,50,32.4536,0.649072,29.6,0.5920000000000001,13.31,12.03,34.13,67.22,1026.89001,1020.66998,0.73,0.68,34.66,49,530.45001,535.35999
1865,2024/2/11 10:15,2024/2/11,10,15,50,21.0363,0.420726,31.4,0.628,14.34,12.74,34.13,65.38,1026.94995,1020.70001,0.71,0.69,110.71,42,558.29999,583.01001
1866,2024/2/11 10:30,2024/2/11,10,30,50,12.1319,0.242638,32.98,0.6596,15.72,13.33,34.12,63.67,1026.91003,1020.71997,0.69,0.71,200.39999,38,585.40997,617.58002
1867,2024/2/11 10:45,2024/2/11,10,45,50,5.68505,0.113701,34.450001,0.68900002,16.25,13.76,50.95,62.16,1026.77002,1020.72998,0.68,0.73,41.63,35,611.47998,654.07001
1868,2024/2/11 11:00,2024/2/11,11,0,50,15.8827,0.317654,35.639999,0.7127999800000001,17.34,14.11,40.95,60.71,1026.58997,1020.67999,0.69,0.75,48.17,33,636.16998,688.97998
1869,2024/2/11 11:15,2024/2/11,11,15,50,5.78411,0.1156822,36.509998,0.7301999600000001,18.14,14.46,47.77,59.19,1026.76001,1020.53998,0.7,0.79,57.98,31,659.17999,715.23999
1870,2024/2/11 11:30,2024/2/11,11,30,50,5.81008,0.1162016,37.049999,0.74099998,18.83,14.79,37.77,57.65,1026.32996,1020.34003,0.71,0.83,269.87,29,680.15997,737.5
1871,2024/2/11 11:45,2024/2/11,11,45,50,0,0,37.450001,0.74900002,19.08,15.11,54.12,56.1,1026.26001,1020.07001,0.73,0.87,61.52,27,698.78998,754.96997
1872,2024/2/11 12:00,2024/2/11,12,0,50,0,0,37.900002,0.75800004,19.53,15.4,47.77,54.6,1025.73999,1019.77002,0.76,0.92,30.78,26,714.76001,766.47998
1873,2024/2/11 12:15,2024/2/11,12,15,50,0,0,38.169998,0.76339996,19.16,15.68,34.12,53.17,1025.63,1019.45001,0.78,0.98,65.54,24,727.75,780.01001
1874,2024/2/11 12:30,2024/2/11,12,30,50,0,0,38.189999,0.76379998,19.59,15.92,44.12,51.87,1025.06995,1019.10999,0.81,1.03,141.53999,23,737.42999,783.46997
1875,2024/2/11 12:45,2024/2/11,12,45,50,0,0,37.810001,0.75620002,19.88,16.13,40.95,50.72,1024.82996,1018.78003,0.84,1.07,76.92,23,743.46002,776.04999
1876,2024/2/11 13:00,2024/2/11,13,0,50,0,0,37.5,0.75,20.67,16.3,40.95,49.76,1024.46997,1018.47998,0.87,1.12,288.07999,22,745.56,781.32001
1877,2024/2/11 13:15,2024/2/11,13,15,50,0,0,37.16,0.7432,20.79,16.42,34.12,49.02,1024.33997,1018.21997,0.9,1.15,3.03,22,738.34998,777.98999
1878,2024/2/11 13:30,2024/2/11,13,30,50,0,0,36.950001,0.73900002,20.56,16.5,37.77,48.56,1023.96002,1018.01001,0.92,1.17,138.78999,21,718.37,774.83002
1879,2024/2/11 13:45,2024/2/11,13,45,50,0,0,36.41,0.7282,21.3,16.53,44.36,48.39,1023.81,1017.87,0.94,1.18,337.07001,21,688.09998,756.25
1880,2024/2/11 14:00,2024/2/11,14,0,50,0,0,35.830002,0.71660004,22.07,16.52,64.6,48.58,1023.40997,1017.77002,0.95,1.19,322.07999,22,650,729.63
1881,2024/2/11 14:15,2024/2/11,14,15,50,0,0,35.150002,0.70300004,22.09,16.47,54.6,49.09,1023.32001,1017.67999,0.97,1.19,296.67001,22,606.54999,702.75
1882,2024/2/11 14:30,2024/2/11,14,30,50,0,0,34.310001,0.68620002,22.4,16.39,41.42,49.88,1023.15002,1017.59003,0.98,1.19,323.01001,22,560.21002,660.95001
1883,2024/2/11 14:45,2024/2/11,14,45,50,0,0,33.07,0.6614,22.72,16.29,61.42,50.9,1023.07001,1017.5,0.99,1.19,284.84,23,513.47998,627.03003
1884,2024/2/11 15:00,2024/2/11,15,0,50,0,0,31.049999,0.62099998,23.11,16.17,51.42,52.1,1022.83002,1017.41998,1.01,1.19,19.39,23,468.79001,586.78003
1885,2024/2/11 15:15,2024/2/11,15,15,50,0,0,28.690001,0.57380002,23.54,16.02,41.42,53.44,1022.89001,1017.34998,1.02,1.19,308.28,24,428.64999,548.17999
1886,2024/2/11 15:30,2024/2/11,15,30,50,0,0,25.879999,0.5175999800000001,23.52,15.86,54.59,54.86,1022.84998,1017.28998,1.03,1.19,309.25,24,388.06,497.62
1887,2024/2/11 15:45,2024/2/11,15,45,50,0.05756,0.0011512,23.049999,0.46099998,23.78,15.67,40.95,56.31,1022.78998,1017.23999,1.04,1.2,354.72,25,341.81,449.69
1888,2024/2/11 16:00,2024/2/11,16,0,50,2.13608,0.0427216,19.700001,0.39400002,23.9,15.48,37.77,57.74,1022.60999,1017.19,1.06,1.2,317.67999,26,292.01999,397.56
1889,2024/2/11 16:15,2024/2/11,16,15,50,8.20339,0.1640678,16.120001,0.3224000199999999,23.67,15.27,40.95,59.1,1022.81,1017.15997,1.07,1.2,292.22,26,240.77,343.47
1890,2024/2/11 16:30,2024/2/11,16,30,50,12.1947,0.2438939999999999,12.23,0.2446,23.21,15.05,50.95,60.35,1022.57001,1017.14001,1.09,1.2,292.98999,27,190.14,288
1891,2024/2/11 16:45,2024/2/11,16,45,50,10.2705,0.20541,8.81,0.1762,23.06,14.82,40.95,61.43,1022.83002,1017.13,1.11,1.21,300.32001,28,142.25,233.73
1892,2024/2/11 17:00,2024/2/11,17,0,50,6.97959,0.1395918,4.41,0.0882,22.53,14.51,50.95,62.39,1022.60999,1017.14001,1.15,1.22,271.48999,31,99.19,180.91
1893,2024/2/11 17:15,2024/2/11,17,15,50,2.62773,0.0525546,1.76,0.0352,21.99,14.07,47.77,63.32,1022.65002,1017.17999,1.2,1.27,272.09,36,63.07,130.3
1894,2024/2/11 17:30,2024/2/11,17,30,50,0.93074,0.0186148,0.88,0.0176,21.51,13.52,47.77,64.22,1022.29999,1017.23999,1.27,1.33,283.01001,47,35.96,78.55
1895,2024/2/11 17:45,2024/2/11,17,45,50,0,0,0,0,20.54,12.89,34.12,65.1,1022.42999,1017.31,1.35,1.41,288.14002,65,0,31.96
1896,2024/2/11 18:00,2024/2/11,18,0,50,0,0,0,0,19.07,12.19,34.12,65.96,1022.58002,1017.40002,1.44,1.51,265.26999,88,0,0
1897,2024/2/11 18:15,2024/2/11,18,15,50,0,0,0,0,17.18,11.46,47.77,66.82,1022.73999,1017.48999,1.52,1.6,270.85998,110,0,0
1898,2024/2/11 18:30,2024/2/11,18,30,50,0,0,0,0,15.73,10.71,40.95,67.68,1022.67999,1017.59003,1.61,1.7,237.28999,125,0,0
1899,2024/2/11 18:45,2024/2/11,18,45,50,0,0,0,0,14.42,9.98,54.12,68.54,1022.73999,1017.69,1.69,1.79,300.31,135,0,0
1900,2024/2/11 19:00,2024/2/11,19,0,50,0,0,0,0,13.23,9.28,64.12,69.41,1023,1017.78003,1.76,1.87,179.39999,140,0,0
1901,2024/2/11 19:15,2024/2/11,19,15,50,0,0,0,0,12.09,8.65,68.25,70.3,1022.92999,1017.87,1.81,1.93,144.36999,144,0,0
1902,2024/2/11 19:30,2024/2/11,19,30,50,0,0,0,0,11.32,8.1,40.95,71.21,1023.28003,1017.94,1.85,1.97,176.11,146,0,0
1903,2024/2/11 19:45,2024/2/11,19,45,50,0,0,0,0,10.63,7.66,54.61,72.16,1023.21002,1017.98999,1.86,1.99,159.39999,147,0,0
1904,2024/2/11 20:00,2024/2/11,20,0,50,0,0,0,0,9.97,7.28,50.96,73.21,1023.34003,1018.03003,1.86,1.98,252.3,147,0,0
1905,2024/2/11 20:15,2024/2/11,20,15,50,0,0,0,0,9.19,6.91,80.96,74.42,1023.34003,1018.08002,1.84,1.97,266.70999,147,0,0
1906,2024/2/11 20:30,2024/2/11,20,30,50,0,0,0,0,8.59,6.54,50.96,75.74,1023.42999,1018.12,1.81,1.94,269.22,147,0,0
1907,2024/2/11 20:45,2024/2/11,20,45,50,0,0,0,0,8.22,6.19,60.96,77.11,1023.71997,1018.16998,1.78,1.92,267.39999,147,0,0
1908,2024/2/11 21:00,2024/2/11,21,0,50,0,0,0,0,8.06,5.85,70.96,78.5,1023.67999,1018.21002,1.75,1.88,262.97,148,0,0
1909,2024/2/11 21:15,2024/2/11,21,15,50,0,0,0,0,7.66,5.54,68.26,79.85,1023.83002,1018.25,1.71,1.85,229.34,148,0,0
1910,2024/2/11 21:30,2024/2/11,21,30,50,0,0,0,0,7.48,5.25,40.95,81.13,1024.08997,1018.28003,1.68,1.81,243.58,149,0,0
1911,2024/2/11 21:45,2024/2/11,21,45,50,0,0,0,0,7.26,4.99,44.13,82.28,1023.87,1018.31,1.64,1.78,269.73999,149,0,0
1912,2024/2/11 22:00,2024/2/11,22,0,50,0,0,0,0,6.93,4.77,47.78,83.25,1023.96002,1018.34003,1.61,1.75,241.89999,149,0,0
1913,2024/2/11 22:15,2024/2/11,22,15,50,0,0,0,0,6.54,4.58,40.96,84.01,1024,1018.35999,1.59,1.73,227.58,149,0,0
1914,2024/2/11 22:30,2024/2/11,22,30,50,0,0,0,0,6.28,4.44,44.13,84.5,1023.88,1018.37,1.57,1.71,256.10001,149,0,0
1915,2024/2/11 22:45,2024/2/11,22,45,50,0,0,0,0,6.09,4.35,74.13,84.68,1023.79999,1018.37,1.56,1.71,271.47,149,0,0
1916,2024/2/11 23:00,2024/2/11,23,0,50,0,0,0,0,5.73,4.28,44.13,84.69,1023.71002,1018.35999,1.57,1.71,77.85,148,0,0
1917,2024/2/11 23:15,2024/2/11,23,15,50,0,0,0,0,5.37,4.23,40.96,84.7,1023.63,1018.32001,1.59,1.71,58.29,147,0,0
1918,2024/2/11 23:30,2024/2/11,23,30,50,0,0,0,0,4.97,4.18,34.14,84.71,1023.54999,1018.26001,1.62,1.72,68.01,145,0,0
1919,2024/2/11 23:45,2024/2/11,23,45,50,0,0,0,0,4.8,4.13,57.79,84.71,1023.59003,1018.17999,1.66,1.73,82.18,142,0,0
1920,2024/3/13 0:00,2024/3/13,0,0,50,0,0,0,0,13.00375,12.81,91.45875,70.17,1010.96715,1010.96997,5.24261,4.74,75.9,90,0,0
1921,2024/3/13 0:15,2024/3/13,0,15,50,0,0,0,0,14.45344,12.75,89.37969,68.37,1014.47178,1010.92999,5.16565,4.85,108.34,92,0,0
1922,2024/3/13 0:30,2024/3/13,0,30,50,0,0,0,0,14.95,12.69,87.6,66.56,1015.81,1010.90002,5.17,4.95,101.85,93,0,0
1923,2024/3/13 0:45,2024/3/13,0,45,50,0,0,0,0,15.04,12.63,86.23,64.86,1015.78998,1010.85999,5.22,5.04,105.45,95,0,0
1924,2024/3/13 1:00,2024/3/13,1,0,50,0,0,0,0,15.01,12.57,85.1,63.36,1015.90002,1010.82001,5.26,5.11,109.77,97,0,0
1925,2024/3/13 1:15,2024/3/13,1,15,50,0,0,0,0,14.94,12.5,83.3,62.16,1015.81,1010.78998,5.28,5.16,86.42,98,0,0
1926,2024/3/13 1:30,2024/3/13,1,30,50,0,0,0,0,14.77,12.43,82.11,61.37,1015.84998,1010.75,5.3,5.2,118.43,99,0,0
1927,2024/3/13 1:45,2024/3/13,1,45,50,0,0,0,0,14.64,12.34,79.72,61.08,1015.72998,1010.72998,5.31,5.21,105.6,100,0,0
1928,2024/3/13 2:00,2024/3/13,2,0,50,0,0,0,0,14.58,12.23,77.67,61.14,1015.69,1010.70001,5.3,5.21,108.56,100,0,0
1929,2024/3/13 2:15,2024/3/13,2,15,50,0,0,0,0,14.53,12.09,75.92,61.29,1015.69,1010.66998,5.29,5.2,105.06,101,0,0
1930,2024/3/13 2:30,2024/3/13,2,30,50,0,0,0,0,14.45,11.95,74.44,61.54,1015.82001,1010.64001,5.26,5.19,88.12,101,0,0
1931,2024/3/13 2:45,2024/3/13,2,45,50,0,0,0,0,14.27,11.79,72.82,61.86,1015.65002,1010.59998,5.23,5.18,91.99,102,0,0
1932,2024/3/13 3:00,2024/3/13,3,0,50,0,0,0,0,14.1,11.62,71.71,62.24,1015.53003,1010.57001,5.19,5.16,90.03,102,0,0
1933,2024/3/13 3:15,2024/3/13,3,15,50,0,0,0,0,14.08,11.45,71.26,62.67,1015.73999,1010.53998,5.15,5.14,117.87,102,0,0
1934,2024/3/13 3:30,2024/3/13,3,30,50,0,0,0,0,14.03,11.29,70.97,63.14,1015.53998,1010.51001,5.1,5.12,92.53,103,0,0
1935,2024/3/13 3:45,2024/3/13,3,45,50,0,0,0,0,13.92,11.13,70.94,63.63,1015.42999,1010.47998,5.05,5.1,134.11,103,0,0
1936,2024/3/13 4:00,2024/3/13,4,0,50,0,0,0,0,13.86,10.99,69.37,64.13,1015.59998,1010.46002,5,5.08,113.74,104,0,0
1937,2024/3/13 4:15,2024/3/13,4,15,50,0,0,0,0,13.69,10.87,68.21,64.63,1015.52002,1010.45001,4.95,5.05,109.83,104,0,0
1938,2024/3/13 4:30,2024/3/13,4,30,50,0,0,0,0,13.51,10.77,68.83,65.11,1015.34998,1010.42999,4.9,5.03,108.75,105,0,0
1939,2024/3/13 4:45,2024/3/13,4,45,50,0,0,0,0,13.29,10.71,69.1,65.56,1015.35999,1010.42999,4.85,5.01,114.16,105,0,0
1940,2024/3/13 5:00,2024/3/13,5,0,50,0,0,0,0,13.18,10.66,69.69,66.04,1015.78003,1010.45001,4.81,4.98,103.89,106,0,0
1941,2024/3/13 5:15,2024/3/13,5,15,50,0,0,0,0,13.08,10.61,69.03,66.62,1015.76001,1010.5,4.76,4.94,133,107,0,0
1942,2024/3/13 5:30,2024/3/13,5,30,50,0,0,0,0,12.96,10.57,68.79,67.25,1015.88,1010.57001,4.72,4.9,101.24,108,0,0
1943,2024/3/13 5:45,2024/3/13,5,45,50,0,0,0,0,12.83,10.52,69.1,67.93,1015.90002,1010.65997,4.67,4.86,117.49,109,0,0
1944,2024/3/13 6:00,2024/3/13,6,0,50,0,0,0,0,12.76,10.49,69.29,68.62,1015.92999,1010.77002,4.62,4.81,116.04,110,0,0
1945,2024/3/13 6:15,2024/3/13,6,15,50,0,0,0.11,0.0022,12.67,10.45,69.41,69.29,1015.82001,1010.89001,4.57,4.76,140.36999,111,0,0
1946,2024/3/13 6:30,2024/3/13,6,30,50,0,0,0.22,0.0044,12.56,10.42,68.51,69.93,1015.53003,1011.01001,4.51,4.71,91.35,113,0,0.26
1947,2024/3/13 6:45,2024/3/13,6,45,50,0.93218,0.0186436,0.55,0.011,12.51,10.4,69.52,70.52,1015.90002,1011.14001,4.46,4.65,141.08,114,15.35,2.12
1948,2024/3/13 7:00,2024/3/13,7,0,50,1.37906,0.0275812,1.11,0.0222,12.43,10.37,69.29,71.01,1016.23999,1011.25,4.4,4.6,121.88,115,25.54,14.91
1949,2024/3/13 7:15,2024/3/13,7,15,50,2.50082,0.0500164,1.71,0.0342,12.5,10.36,69.11,71.39,1016.08002,1011.35999,4.35,4.55,107.38,116,41.1,28.36
1950,2024/3/13 7:30,2024/3/13,7,30,50,3.86638,0.0773276,2.45,0.049,12.52,10.35,69.2,71.64,1016.03998,1011.44,4.29,4.5,118.05,116,63.22,34.77
1951,2024/3/13 7:45,2024/3/13,7,45,50,6.05489,0.1210978,3.22,0.0644,12.58,10.35,69.34,71.73,1016.34003,1011.51001,4.24,4.45,119.48,117,90.17,74.61
1952,2024/3/13 8:00,2024/3/13,8,0,50,7.3398,0.146796,4.08,0.0816,12.73,10.4,69.54,71.64,1016.53998,1011.57001,4.18,4.4,96.32,117,120.16,110.52
1953,2024/3/13 8:15,2024/3/13,8,15,50,7.6408,0.1528159999999999,5.09,0.1018,13,10.54,70.06,71.38,1016.45001,1011.62,4.12,4.36,112.02,116,151.45,142.13001
1954,2024/3/13 8:30,2024/3/13,8,30,50,6.49125,0.129825,6.34,0.1268,13.36,10.76,70.5,70.97,1016.72998,1011.66998,4.06,4.31,129.28999,116,182.28999,162.78999
1955,2024/3/13 8:45,2024/3/13,8,45,50,6.98454,0.1396908,7.54,0.1508,13.55,11.04,70.7,70.45,1016.83002,1011.72998,4,4.27,123.65,115,210.92,178.74
1956,2024/3/13 9:00,2024/3/13,9,0,50,9.47058,0.1894116,8.74,0.1748,13.66,11.38,70.04,69.84,1016.78003,1011.77002,3.94,4.22,96.67,114,235.60001,145.78999
1957,2024/3/13 9:15,2024/3/13,9,15,50,11.3578,0.227156,9.83,0.1966,13.63,11.75,69.27,69.17,1016.46997,1011.82001,3.87,4.17,92.11,113,254.55,154.86
1958,2024/3/13 9:30,2024/3/13,9,30,50,11.098,0.22196,11.1,0.222,13.75,12.14,68.82,68.46,1016.26001,1011.85999,3.81,4.13,110.2,111,267.09,214.88001
1959,2024/3/13 9:45,2024/3/13,9,45,50,11.7463,0.234926,12.39,0.2478,14.13,12.54,68.92,67.75,1016.79999,1011.90002,3.74,4.08,140.60001,110,278.39002,216.05
1960,2024/3/13 10:00,2024/3/13,10,0,50,13.5839,0.271678,13.64,0.2728,14.41,12.93,68.6,67.05,1016.96002,1011.92999,3.68,4.03,125.53,108,289.37,230.48
1961,2024/3/13 10:15,2024/3/13,10,15,50,13.2934,0.265868,14.85,0.297,14.61,13.3,68.6,66.4,1016.91998,1011.95001,3.61,3.98,123.08,107,299.94,259.67001
1962,2024/3/13 10:30,2024/3/13,10,30,50,14.8672,0.297344,15.91,0.3182,14.94,13.64,68.52,65.83,1016.98999,1011.96002,3.54,3.93,100.68,105,310,285.53
1963,2024/3/13 10:45,2024/3/13,10,45,50,12.9026,0.258052,17,0.34,15.3,13.93,67.62,65.35,1016.94,1011.96997,3.47,3.88,77.11,104,319.51001,289.76001
1964,2024/3/13 11:00,2024/3/13,11,0,50,18.1908,0.363816,17.860001,0.35720002,15.77,14.21,67.89,64.92,1016.96997,1011.91998,3.4,3.82,80.65,102,328.35998,298.89002
1965,2024/3/13 11:15,2024/3/13,11,15,50,22.1035,0.44207,18.68,0.3736,16.03,14.5,67.52,64.46,1016.77002,1011.78998,3.33,3.76,109.33,100,336.47,258.78
1966,2024/3/13 11:30,2024/3/13,11,30,50,20.3318,0.406636,19.27,0.3853999999999999,16.5,14.81,67.19,63.99,1016.63,1011.59003,3.25,3.7,108.58,98,343.76001,391.39002
1967,2024/3/13 11:45,2024/3/13,11,45,50,21.1017,0.422034,19.790001,0.39580002,17.04,15.12,65.3,63.53,1016.45001,1011.33002,3.18,3.64,62.13,96,350.14999,474.82999
1968,2024/3/13 12:00,2024/3/13,12,0,50,27.6788,0.553576,20.049999,0.40099998,17.41,15.43,64.06,63.08,1016.39001,1011.03998,3.1,3.58,78.4,93,355.57001,371.04999
1969,2024/3/13 12:15,2024/3/13,12,15,50,24.4828,0.489656,20.09,0.4018,17.8,15.72,61.94,62.65,1015.96997,1010.72998,3.02,3.52,72.05,90,359.92001,462.75
1970,2024/3/13 12:30,2024/3/13,12,30,50,21.7486,0.4349719999999999,19.75,0.395,18.56,15.99,60.97,62.25,1015.88,1010.41998,2.95,3.45,71.48,88,363.13,532.77002
1971,2024/3/13 12:45,2024/3/13,12,45,50,20.8018,0.416036,18.92,0.3784,19.07,16.24,59.4,61.9,1015.66998,1010.12,2.87,3.38,67.41,85,365.12,489.91
1972,2024/3/13 13:00,2024/3/13,13,0,50,20.4657,0.4093139999999999,17.629999,0.35259998,19.59,16.44,59.65,61.61,1015.31,1009.84998,2.79,3.31,91.13,83,365.79999,408.89999
1973,2024/3/13 13:15,2024/3/13,13,15,50,17.3517,0.347034,16.139999,0.32279998,19.68,16.59,57.99,61.39,1014.96997,1009.63,2.71,3.24,65.55,81,361.01001,418.60001
1974,2024/3/13 13:30,2024/3/13,13,30,50,17.9257,0.358514,14.86,0.2971999999999999,20.03,16.69,58.19,61.25,1014.71002,1009.46997,2.63,3.16,97.67,80,347.85998,449.26001
1975,2024/3/13 13:45,2024/3/13,13,45,50,15.4019,0.308038,13.78,0.2756,20.43,16.73,59.62,61.2,1014.65997,1009.38,2.56,3.07,105.5,79,328.17999,392.81
1976,2024/3/13 14:00,2024/3/13,14,0,50,13.8639,0.2772779999999999,12.64,0.2528,20.9,16.72,61.11,61.33,1014.65002,1009.34998,2.48,2.97,82.98,79,303.76999,401.66
1977,2024/3/13 14:15,2024/3/13,14,15,50,17.9169,0.358338,11.27,0.2254,21,16.7,59.63,61.68,1014.44,1009.31,2.39,2.85,120.52,79,276.48001,278.45999
1978,2024/3/13 14:30,2024/3/13,14,30,50,12.9005,0.2580099999999999,9.72,0.1944,20.91,16.67,60.1,62.21,1014.04999,1009.28003,2.29,2.7,120.39,79,248.11,320.70001
1979,2024/3/13 14:45,2024/3/13,14,45,50,11.3576,0.227152,8.46,0.1692,21.33,16.64,60.25,62.9,1013.71002,1009.25,2.19,2.54,109.54,79,220.49,311.37
1980,2024/3/13 15:00,2024/3/13,15,0,50,10.9155,0.21831,7.56,0.1512,21.25,16.59,58.92,63.69,1013.66998,1009.21997,2.09,2.38,81.22,80,195.45,237.08
1981,2024/3/13 15:15,2024/3/13,15,15,50,12.2297,0.2445939999999999,6.91,0.1382,20.82,16.53,58.73,64.57,1012.97998,1009.20001,2,2.22,39.16,81,174.8,247.69
1982,2024/3/13 15:30,2024/3/13,15,30,50,10.732,0.21464,6.31,0.1261999999999999,20.71,16.47,59.27,65.47,1012.87,1009.17999,1.91,2.06,150.59,82,156.25,225.78
1983,2024/3/13 15:45,2024/3/13,15,45,50,11.7701,0.235402,5.59,0.1118,21.05,16.4,60.2,66.38,1013.14001,1009.15997,1.83,1.92,162.61999,84,136.63001,257.5
1984,2024/3/13 16:00,2024/3/13,16,0,50,8.86066,0.1772132,4.92,0.0984,21.16,16.33,60.02,67.25,1013.27002,1009.15002,1.76,1.8,135.64,86,116.53,200.51
1985,2024/3/13 16:15,2024/3/13,16,15,50,7.08545,0.141709,4.17,0.0834,21.44,16.25,60.46,68.05,1013.01001,1009.14001,1.71,1.71,70.02,88,96.5,213.5
1986,2024/3/13 16:30,2024/3/13,16,30,50,4.32508,0.0865016,3.42,0.0684,21.58,16.17,58.02,68.73,1013.06,1009.13,1.68,1.65,50.13,90,77.13,152.99
1987,2024/3/13 16:45,2024/3/13,16,45,50,4.06848,0.0813696,2.67,0.0533999999999999,21.77,16.08,63.03,69.27,1013.01001,1009.13,1.66,1.62,205.86,92,58.96,156.98
1988,2024/3/13 17:00,2024/3/13,17,0,50,2.63084,0.0526168,2,0.04,21.65,15.98,62.35,69.69,1012.97998,1009.15002,1.69,1.65,52.96,94,42.58,93.54
1989,2024/3/13 17:15,2024/3/13,17,15,50,3.11266,0.0622532,1,0.02,21.09,15.84,61,70.07,1012.85999,1009.19,1.76,1.72,28.83,96,28.55,72.8
1990,2024/3/13 17:30,2024/3/13,17,30,50,1.80704,0.0361408,0.4,0.008,20.97,15.66,65.81,70.41,1012.97998,1009.27002,1.87,1.83,57.54,98,17.43,61.11
1991,2024/3/13 17:45,2024/3/13,17,45,50,0.7086,0.014172,0.2,0.004,20.73,15.47,68.21,70.73,1013.12,1009.35999,2.01,1.96,110.37,100,0,78.44
1992,2024/3/13 18:00,2024/3/13,18,0,50,0,0,0,0,20.62,15.25,69.7,71.03,1012.98999,1009.46997,2.17,2.12,256.42001,101,0,33.72
1993,2024/3/13 18:15,2024/3/13,18,15,50,0,0,0,0,19.82,15.03,71.35,71.32,1013.34003,1009.59003,2.34,2.28,245.41,102,0,16.31
1994,2024/3/13 18:30,2024/3/13,18,30,50,0,0,0,0,19.19,14.8,72.82,71.61,1013.45001,1009.71002,2.51,2.44,236.81,103,0,0
1995,2024/3/13 18:45,2024/3/13,18,45,50,0,0,0,0,18.62,14.57,73.81,71.9,1013.76001,1009.82001,2.66,2.6,239.71001,104,0,0
1996,2024/3/13 19:00,2024/3/13,19,0,50,0,0,0,0,18.22,14.36,75.03,72.2,1013.72998,1009.92999,2.8,2.73,254.61999,104,0,0
1997,2024/3/13 19:15,2024/3/13,19,15,50,0,0,0,0,17.91,14.17,76.15,72.52,1014.12,1010.02002,2.91,2.84,252.61999,104,0,0
1998,2024/3/13 19:30,2024/3/13,19,30,50,0,0,0,0,17.64,14,76.87,72.88,1014.15997,1010.09003,2.99,2.91,314.81,105,0,0
1999,2024/3/13 19:45,2024/3/13,19,45,50,0,0,0,0,17.39,13.86,77.79,73.27,1014.21997,1010.13,3.01,2.94,91.54,105,0,0
2000,2024/3/13 20:00,2024/3/13,20,0,50,0,0,0,0,17.01,13.74,78.64,73.7,1014.58002,1010.15997,3,2.93,148.07001,105,0,0
2001,2024/3/13 20:15,2024/3/13,20,15,50,0,0,0,0,16.86,13.64,79.16,74.17,1014.73999,1010.17999,2.97,2.91,204.08,105,0,0
2002,2024/3/13 20:30,2024/3/13,20,30,50,0,0,0,0,16.68,13.54,79.54,74.66,1014.81,1010.21002,2.92,2.89,255.91,104,0,0
2003,2024/3/13 20:45,2024/3/13,20,45,50,0,0,0,0,16.31,13.45,80.11,75.19,1014.95001,1010.22998,2.87,2.85,284.44,104,0,0
2004,2024/3/13 21:00,2024/3/13,21,0,50,0,0,0,0,16.07,13.37,80.66,75.74,1015.07001,1010.25,2.8,2.81,179.19,104,0,0
2005,2024/3/13 21:15,2024/3/13,21,15,50,0,0,0,0,15.82,13.29,81.15,76.3,1015.04999,1010.27002,2.73,2.77,236.51,104,0,0
2006,2024/3/13 21:30,2024/3/13,21,30,50,0,0,0,0,15.72,13.21,81.56,76.87,1015.5,1010.28003,2.66,2.73,234.99,104,0,0
2007,2024/3/13 21:45,2024/3/13,21,45,50,0,0,0,0,15.69,13.13,81.8,77.44,1015.31,1010.29999,2.59,2.69,235.75,104,0,0
2008,2024/3/13 22:00,2024/3/13,22,0,50,0,0,0,0,15.55,13.05,82.17,78.02,1015.39001,1010.31,2.53,2.65,149.64999,104,0,0
2009,2024/3/13 22:15,2024/3/13,22,15,50,0,0,0,0,15.34,12.97,82.5,78.59,1015.44,1010.32001,2.48,2.62,56.58,103,0,0
2010,2024/3/13 22:30,2024/3/13,22,30,50,0,0,0,0,15.09,12.89,82.89,79.14,1015.44,1010.32001,2.45,2.61,124.98,103,0,0
2011,2024/3/13 22:45,2024/3/13,22,45,50,0,0,0,0,14.93,12.8,83.39,79.69,1015.07001,1010.32001,2.44,2.6,45.64,103,0,0
2012,2024/3/13 23:00,2024/3/13,23,0,50,0,0,0,0,14.92,12.7,83.52,80.26,1014.82001,1010.31,2.45,2.6,282.22,104,0,0
2013,2024/3/13 23:15,2024/3/13,23,15,50,0,0,0,0,15.03,12.58,83.56,80.89,1014.75,1010.26001,2.46,2.61,138.48,104,0,0
2014,2024/3/13 23:30,2024/3/13,23,30,50,0,0,0,0,14.88,12.46,83.59,81.57,1014.66998,1010.17999,2.47,2.61,262.75,105,0,0
2015,2024/3/13 23:45,2024/3/13,23,45,50,0,0,0,0,14.6,12.33,83.99,82.28,1014.75,1010.08002,2.49,2.62,155.61999,106,0,0
2016,2024/3/16 0:00,2024/3/16,0,0,50,0,0,0,0,12.96994,15.04,100.71485,93.55,1014.2504,1008.07001,0.64619,2.39,118.43,119,0,0
2017,2024/3/16 0:15,2024/3/16,0,15,50,0,0,0,0,13.78999,15.02,92.69328,93.55,1013.76011,1008,0.74835,2.42,105.6425,119,0,0
2018,2024/3/16 0:30,2024/3/16,0,30,50,0,0,0,0,14.08,14.99,71.81032,93.55,1013.56,1007.91998,1.4,2.44,107.97,119,0,0
2019,2024/3/16 0:45,2024/3/16,0,45,50,0,0,0,0,14.05,14.97,95.53,93.56,1013.71997,1007.84003,1.9,2.47,96.98,119,0,0
2020,2024/3/16 1:00,2024/3/16,1,0,50,0,0,0,0,14.07,14.95,95.54,93.56,1013.77002,1007.75,1.9,2.49,125.27,119,0,0
2021,2024/3/16 1:15,2024/3/16,1,15,50,0,0,0,0,14.05,14.92,95.5,93.57,1013.71997,1007.66998,2,2.51,73.76,120,0,0
2022,2024/3/16 1:30,2024/3/16,1,30,50,0,0,0,0,14.08,14.89,95.54,93.58,1013.81,1007.59003,2.3,2.52,115.71,120,0,0
2023,2024/3/16 1:45,2024/3/16,1,45,50,0,0,0,0,14.07,14.86,95.54,93.59,1013.77002,1007.51001,3.1,2.52,124.77,120,0,0
2024,2024/3/16 2:00,2024/3/16,2,0,50,0,0,0,0,14.08,14.82,95.59,93.64,1013.52002,1007.44,1.9,2.52,132.60001,120,0,0
2025,2024/3/16 2:15,2024/3/16,2,15,50,0,0,0,0,14.09,14.76,95.57,93.75,1013.35999,1007.34003,1.7,2.52,128.8,120,0,0
2026,2024/3/16 2:30,2024/3/16,2,30,50,0,0,0,0,14.09,14.69,95.58,93.92,1013.19,1007.23999,1.8,2.52,124.83,121,0,0
2027,2024/3/16 2:45,2024/3/16,2,45,50,0,0,0,0,14.11,14.61,95.62,94.11,1013.28003,1007.13,1.3,2.52,139.08,121,0,0
2028,2024/3/16 3:00,2024/3/16,3,0,50,0,0,0,0,14.11,14.52,95.57,94.34,1013.40002,1007.02002,1.4,2.52,116.55,121,0,0
2029,2024/3/16 3:15,2024/3/16,3,15,50,0,0,0,0,14.1,14.44,95.62,94.57,1013.10999,1006.91998,1.6,2.52,128.34,122,0,0
2030,2024/3/16 3:30,2024/3/16,3,30,50,0,0,0,0,14,14.35,95.45,94.81,1012.90997,1006.81,2.2,2.52,120.38,122,0,0
2031,2024/3/16 3:45,2024/3/16,3,45,50,0,0,0,0,13.87,14.28,95.46,95.03,1012.73999,1006.71997,2.7,2.52,121.69,122,0,0
2032,2024/3/16 4:00,2024/3/16,4,0,50,0,0,0,0,13.79,14.21,95.69,95.22,1012.41998,1006.64001,1.5,2.51,114.28,122,0,0
2033,2024/3/16 4:15,2024/3/16,4,15,50,0,0,0,0,13.75,14.16,95.87,95.37,1012.33002,1006.58002,2.1,2.51,100.7,123,0,0
2034,2024/3/16 4:30,2024/3/16,4,30,50,0,0,0,0,13.75,14.12,96.01,95.47,1012.38,1006.53998,2.5,2.51,90.16,123,0,0
2035,2024/3/16 4:45,2024/3/16,4,45,50,0,0,0,0,13.76,14.11,96.09,95.51,1012.53998,1006.53003,1.1,2.51,134.91,123,0,0
2036,2024/3/16 5:00,2024/3/16,5,0,50,0,0,0,0,13.78,14.11,96.25,95.51,1012.41998,1006.54999,0,2.51,115.57,123,0,0
2037,2024/3/16 5:15,2024/3/16,5,15,50,0,0,0,0,13.74,14.12,96.25,95.5,1012.53998,1006.62,0.6,2.5,112.98,123,0,0
2038,2024/3/16 5:30,2024/3/16,5,30,50,0,0,0,0,13.69,14.13,96.25,95.5,1012.46002,1006.72998,1.6,2.49,114.75,122,0,0
2039,2024/3/16 5:45,2024/3/16,5,45,50,0,0,0,0,13.67,14.15,96.32,95.49,1012.65997,1006.87,1,2.48,135.11,122,0,0
2040,2024/3/16 6:00,2024/3/16,6,0,50,0,0,0,0,13.68,14.17,96.43,95.47,1012.95001,1007.02002,2.3,2.46,132.63001,121,0,0
2041,2024/3/16 6:15,2024/3/16,6,15,50,0,0,0.07,0.0014,13.69,14.19,96.43,95.46,1013,1007.19,0.6,2.45,145.99,121,0,0
2042,2024/3/16 6:30,2024/3/16,6,30,50,0,0,0.14,0.0028,13.65,14.22,96.47,95.44,1013.15002,1007.37,1.7,2.43,112.26,120,0,0.27
2043,2024/3/16 6:45,2024/3/16,6,45,50,0,0,0.36,0.0072,13.63,14.25,96.57,95.42,1012.98999,1007.53998,2.1,2.42,126.29,120,0,0.36
2044,2024/3/16 7:00,2024/3/16,7,0,50,0.39208,0.0078415999999999,0.71,0.0141999999999999,13.61,14.28,96.71,95.39,1013.08002,1007.71002,1.2,2.4,114.47,119,0,3.22
2045,2024/3/16 7:15,2024/3/16,7,15,50,0.59157,0.0118314,1,0.02,13.63,14.32,96.82,95.36,1013.23999,1007.85999,1.8,2.38,126.18,118,13.75,18.67
2046,2024/3/16 7:30,2024/3/16,7,30,50,1.42917,0.0285834,1.3,0.026,13.73,14.36,96.93,95.33,1013.33002,1007.97998,1.7,2.37,92.16,117,21.28,14.82
2047,2024/3/16 7:45,2024/3/16,7,45,50,1.1092,0.022184,1.49,0.0298,13.8,14.4,96.97,95.3,1013.45001,1008.07001,0.8,2.35,120.78,117,30.72,20.75
2048,2024/3/16 8:00,2024/3/16,8,0,50,1.70564,0.0341128,1.64,0.0327999999999999,13.91,14.46,97.02,95.22,1013.79999,1008.15002,2.3,2.33,92.35,116,41.57,35.75
2049,2024/3/16 8:15,2024/3/16,8,15,50,1.6188,0.032376,1.84,0.0368,14,14.55,97,95.07,1013.91998,1008.21997,0.9,2.32,120,116,53.4,28.66
2050,2024/3/16 8:30,2024/3/16,8,30,50,2.58213,0.0516426,2.22,0.0444,13.99,14.66,96.92,94.85,1014.16998,1008.28998,1.7,2.3,99.53,115,65.75,34.8
2051,2024/3/16 8:45,2024/3/16,8,45,50,3.18216,0.0636432,2.68,0.0536,14,14.8,96.92,94.56,1014.21997,1008.35999,2.5,2.28,106.05,115,78.15,38.89
2052,2024/3/16 9:00,2024/3/16,9,0,50,2.94147,0.0588294,3.09,0.0617999999999999,14.03,14.96,96.98,94.22,1014.04999,1008.41998,0.6,2.26,113.12,114,90.16,62.26
2053,2024/3/16 9:15,2024/3/16,9,15,50,2.58854,0.0517708,3.43,0.0686,14.01,15.14,97.02,93.85,1014.16998,1008.47998,0.5,2.24,113.99,113,101.31,77.32
2054,2024/3/16 9:30,2024/3/16,9,30,50,2.1866,0.043732,3.69,0.0738,14.11,15.32,97.14,93.43,1014.34003,1008.53998,0.9,2.22,126.67,113,111.49,67.33
2055,2024/3/16 9:45,2024/3/16,9,45,50,2.44609,0.0489217999999999,3.93,0.0786,14.16,15.52,97.16,93,1014.5,1008.59003,1,2.2,78.05,112,122.44,59.13
2056,2024/3/16 10:00,2024/3/16,10,0,50,3.1905,0.06381,4.23,0.0846,14.1,15.71,97.21,92.54,1014.38,1008.62,1.5,2.18,120.7,111,134.21001,45.36
2057,2024/3/16 10:15,2024/3/16,10,15,50,3.12425,0.062485,4.58,0.0916,14.12,15.91,97.26,92.08,1014.46002,1008.65002,0.1,2.15,108.19,111,146.55,63.61
2058,2024/3/16 10:30,2024/3/16,10,30,50,2.74175,0.054835,4.97,0.0993999999999999,14.19,16.1,97.36,91.62,1014.26001,1008.66998,1.8,2.13,116.96,110,159.21001,63.34
2059,2024/3/16 10:45,2024/3/16,10,45,50,3.71058,0.0742116,5.35,0.107,14.2,16.28,97.39,91.18,1014.21997,1008.67999,2.1,2.1,122.39,109,171.89999,69.96
2060,2024/3/16 11:00,2024/3/16,11,0,50,4.74579,0.0949158,5.75,0.115,14.29,16.47,97.45,90.67,1014.09003,1008.64001,0.6,2.07,132.03,108,184.36999,56.57
2061,2024/3/16 11:15,2024/3/16,11,15,50,3.21275,0.064255,6.19,0.1238,14.34,16.69,97.46,90.03,1013.84998,1008.53998,1,2.03,129.41,106,196.35001,72.11
2062,2024/3/16 11:30,2024/3/16,11,30,50,4.29646,0.0859292,6.74,0.1348,14.49,16.92,97.64,89.31,1013.92999,1008.38,0.7,1.99,147.78999,104,207.60001,88.45
2063,2024/3/16 11:45,2024/3/16,11,45,50,6.6606,0.133212,7.42,0.1484,14.66,17.17,97.7,88.52,1013.96997,1008.17999,0.2,1.94,138.76,102,217.84,68.68
2064,2024/3/16 12:00,2024/3/16,12,0,50,8.19472,0.1638944,8.13,0.1626,14.68,17.42,97.64,87.71,1013.84998,1007.95001,1,1.89,140.52,100,226.8,100.11
2065,2024/3/16 12:15,2024/3/16,12,15,50,10.8708,0.2174159999999999,8.66,0.1732,14.9,17.67,97.78,86.9,1013.66998,1007.69,1.5,1.84,118.01,98,234.23,136.73
2066,2024/3/16 12:30,2024/3/16,12,30,50,12.5577,0.251154,8.94,0.1788,15.13,17.9,97.69,86.13,1013.42999,1007.42999,1.1,1.79,109.38,96,239.86,194.99
2067,2024/3/16 12:45,2024/3/16,12,45,50,10.4194,0.208388,9.02,0.1804,15.5,18.12,97.78,85.43,1013.42999,1007.15997,0.8,1.74,127.5,94,243.42999,188.11
2068,2024/3/16 13:00,2024/3/16,13,0,50,4.60727,0.0921453999999999,9.05,0.181,15.73,18.31,97.44,84.83,1013.21002,1006.90002,1.5,1.69,99.93,92,244.67,265.34
2069,2024/3/16 13:15,2024/3/16,13,15,50,6.18943,0.1237886,8.99,0.1798,15.91,18.48,97.18,84.36,1013.10999,1006.65997,0.8,1.64,53.13,90,242.81,199.53
2070,2024/3/16 13:30,2024/3/16,13,30,50,10.2758,0.205516,8.8,0.176,16.02,18.6,97.11,84.05,1012.88,1006.45001,1.6,1.6,125.52,89,237.59,90.86
2071,2024/3/16 13:45,2024/3/16,13,45,50,8.62632,0.1725264,8.35,0.1669999999999999,15.94,18.68,97.06,83.94,1012.70001,1006.28998,1.4,1.56,110.25,88,229.63001,144.21001
2072,2024/3/16 14:00,2024/3/16,14,0,50,7.80691,0.1561382,7.72,0.1543999999999999,16.18,18.73,97.18,83.95,1012.48999,1006.15002,1.6,1.52,92.44,88,219.55,216.55
2073,2024/3/16 14:15,2024/3/16,14,15,50,5.18646,0.1037292,6.95,0.139,16.33,18.77,96.96,83.96,1012.44,1006,0.2,1.48,80.76,89,207.95,147.52
2074,2024/3/16 14:30,2024/3/16,14,30,50,3.79542,0.0759084,6.31,0.1261999999999999,16.6,18.82,97.01,83.99,1012.03003,1005.84998,1,1.44,128.78,89,195.44,141.74
2075,2024/3/16 14:45,2024/3/16,14,45,50,5.60073,0.1120146,5.77,0.1153999999999999,16.6,18.86,96.91,84.02,1011.96002,1005.71002,0.7,1.4,103.35,90,182.61,106.4
2076,2024/3/16 15:00,2024/3/16,15,0,50,5.84013,0.1168026,5.43,0.1085999999999999,16.51,18.9,96.87,84.06,1011.77002,1005.57001,0.6,1.35,129.75,90,170.09,63.43
2077,2024/3/16 15:15,2024/3/16,15,15,50,6.31879,0.1263758,5.05,0.1009999999999999,16.44,18.93,96.98,84.11,1011.81,1005.44,1,1.32,75.45,91,158.47,142.51
2078,2024/3/16 15:30,2024/3/16,15,30,50,6.71235,0.134247,4.72,0.0944,16.54,18.96,97.1,84.16,1011.65002,1005.32001,0.7,1.28,126.83,92,146.28,96.2
2079,2024/3/16 15:45,2024/3/16,15,45,50,6.27506,0.1255012,4.34,0.0868,16.52,18.98,96.98,84.23,1011.58002,1005.21002,1.5,1.25,121.05,93,132.06,142.72
2080,2024/3/16 16:00,2024/3/16,16,0,50,2.62508,0.0525016,3.97,0.0794,16.59,19,97.08,84.3,1011.45001,1005.13,1.7,1.22,118.74,94,116.42,152.11
2081,2024/3/16 16:15,2024/3/16,16,15,50,2.52388,0.0504776,3.53,0.0706,16.85,19.02,97.17,84.37,1011.42999,1005.06,1.1,1.2,112.79,95,99.96,124.41
2082,2024/3/16 16:30,2024/3/16,16,30,50,1.45716,0.0291432,3.03,0.0605999999999999,16.9,19.03,96.97,84.46,1011.22998,1005.02002,0.3,1.19,130.45,96,83.32,67.57
2083,2024/3/16 16:45,2024/3/16,16,45,50,1.56874,0.0313748,2.51,0.0501999999999999,16.82,19.03,97.16,84.55,1011.08002,1005,0.5,1.18,125.5,97,67.08,64.02
2084,2024/3/16 17:00,2024/3/16,17,0,50,1.95164,0.0390328,1.98,0.0395999999999999,16.72,19.01,97.14,84.71,1011.06,1005.02002,0,1.2,160.22,97,51.88,38.65
2085,2024/3/16 17:15,2024/3/16,17,15,50,1.52069,0.0304138,1.48,0.0296,16.61,18.97,97.16,85.02,1011.02002,1005.04999,0.4,1.23,225.53,98,38.31,44.61
2086,2024/3/16 17:30,2024/3/16,17,30,50,0.69376,0.0138752,0.74,0.0148,16.57,18.9,97.18,85.43,1011.07001,1005.09998,0.2,1.29,128.67999,98,27.01,49.47
2087,2024/3/16 17:45,2024/3/16,17,45,50,0.01183,0.0002366,0.3,0.006,16.44,18.81,97.15,85.95,1011.10999,1005.15997,0.6,1.36,119.38,98,18.55,36.56
2088,2024/3/16 18:00,2024/3/16,18,0,50,0,0,0.15,0.003,16.3,18.71,97.18,86.53,1011.15002,1005.22998,0.3,1.44,105.8,99,13.58,19.5
2089,2024/3/16 18:15,2024/3/16,18,15,50,0,0,0,0,16.28,18.59,97.23,87.17,1011.47998,1005.32001,0,1.52,150.66,99,0,12.52
2090,2024/3/16 18:30,2024/3/16,18,30,50,0,0,0,0,16.21,18.45,97.27,87.84,1011.71997,1005.40997,0,1.6,190.36,99,0,0
2091,2024/3/16 18:45,2024/3/16,18,45,50,0,0,0,0,16.06,18.32,97.23,88.51,1011.79999,1005.5,0.1,1.68,146.75,99,0,0
2092,2024/3/16 19:00,2024/3/16,19,0,50,0,0,0,0,15.93,18.17,97.36,89.18,1011.88,1005.59003,0.5,1.75,63.98,100,0,0
2093,2024/3/16 19:15,2024/3/16,19,15,50,0,0,0,0,15.9,18.03,97.38,89.81,1011.88,1005.67999,0.5,1.81,106.11,100,0,0
2094,2024/3/16 19:30,2024/3/16,19,30,50,0,0,0,0,15.84,17.9,97.38,90.39,1011.79999,1005.77002,0,1.84,130.47,101,0,0
2095,2024/3/16 19:45,2024/3/16,19,45,50,0,0,0,0,15.82,17.77,97.41,90.89,1012.08002,1005.84003,0,1.86,161.35001,101,0,0
2096,2024/3/16 20:00,2024/3/16,20,0,50,0,0,0,0,15.81,17.63,97.47,91.36,1011.96002,1005.91998,0.7,1.85,134.42,103,0,0
2097,2024/3/16 20:15,2024/3/16,20,15,50,0,0,0,0,15.72,17.46,97.49,91.85,1012.15997,1006,0.8,1.85,115.19,105,0,0
2098,2024/3/16 20:30,2024/3/16,20,30,50,0,0,0,0,15.65,17.28,97.52,92.36,1012.07001,1006.09998,0,1.85,61.85,108,0,0
2099,2024/3/16 20:45,2024/3/16,20,45,50,0,0,0,0,15.59,17.08,97.62,92.87,1012.19,1006.19,0,1.85,60.66,111,0,0
2100,2024/3/16 21:00,2024/3/16,21,0,50,0,0,0,0,15.57,16.88,97.74,93.37,1012.20001,1006.28998,0,1.84,64.12,115,0,0
2101,2024/3/16 21:15,2024/3/16,21,15,50,0,0,0,0,15.58,16.68,97.97,93.85,1012.28003,1006.38,0.3,1.84,120.46,119,0,0
2102,2024/3/16 21:30,2024/3/16,21,30,50,0,0,0,0,15.57,16.49,98.01,94.29,1012.5,1006.46997,0,1.84,64.44,123,0,0
2103,2024/3/16 21:45,2024/3/16,21,45,50,0,0,0,0,15.56,16.32,98.14,94.7,1012.58002,1006.54999,0.6,1.83,65.68,127,0,0
2104,2024/3/16 22:00,2024/3/16,22,0,50,0,0,0,0,15.55,16.17,98.21,95.06,1012.48999,1006.62,0,1.83,83.56,130,0,0
2105,2024/3/16 22:15,2024/3/16,22,15,50,0,0,0,0,15.55,16.06,98.27,95.35,1012.57001,1006.66998,0,1.82,74.84,133,0,0
2106,2024/3/16 22:30,2024/3/16,22,30,50,0,0,0,0,15.5,15.98,98.26,95.57,1012.37,1006.70001,0.7,1.82,85.54,134,0,0
2107,2024/3/16 22:45,2024/3/16,22,45,50,0,0,0,0,15.48,15.96,98.34,95.7,1012.40002,1006.71002,0,1.81,266.35998,135,0,0
2108,2024/3/16 23:00,2024/3/16,23,0,50,0,0,0,0,15.5,15.97,98.39,95.78,1012.69,1006.69,0.3,1.81,50.09,135,0,0
2109,2024/3/16 23:15,2024/3/16,23,15,50,0,0,0,0,15.54,15.99,98.41,95.85,1012.45001,1006.64001,0.4,1.8,99.39,134,0,0
2110,2024/3/16 23:30,2024/3/16,23,30,50,0,0,0,0,15.57,16.02,98.47,95.91,1012.53003,1006.57001,0.4,1.8,140.89999,133,0,0
2111,2024/3/16 23:45,2024/3/16,23,45,50,0,0,0,0,15.64,16.05,98.49,95.96,1012.47998,1006.46997,0.4,1.79,75.44,131,0,0
2112,2024/4/14 0:00,2024/4/14,0,0,50,0,0,0,0,21.41,20.7,102.71631,94.82,1001.21095,998.5,1.40451,1,104.3758,269,0,0
2113,2024/4/14 0:15,2024/4/14,0,15,50,0,0,0,0,21.4775,20.66,72.71631,94.95,1001.94272,998.47998,1.15113,1.05,135.23396,213,0,0
2114,2024/4/14 0:30,2024/4/14,0,30,50,0,0,0,0,21.47,20.62,67.54015,95.08,1001.83002,998.46002,1.11,1.11,124.27,186,0,0
2115,2024/4/14 0:45,2024/4/14,0,45,50,0,0,0,0,21.41,20.59,93.88,95.2,1001.62,998.44,1.17,1.17,125.45,176,0,0
2116,2024/4/14 1:00,2024/4/14,1,0,50,0,0,0,0,21.33,20.55,93.87,95.32,1001.46002,998.41998,1.23,1.23,127.62,170,0,0
2117,2024/4/14 1:15,2024/4/14,1,15,50,0,0,0,0,21.18,20.51,93.96,95.44,1001.46002,998.40002,1.29,1.29,149.46001,166,0,0
2118,2024/4/14 1:30,2024/4/14,1,30,50,0,0,0,0,21.18,20.48,94,95.55,1001.38,998.38,1.36,1.36,138.57001,163,0,0
2119,2024/4/14 1:45,2024/4/14,1,45,50,0,0,0,0,21.19,20.44,94,95.67,1001.38,998.34998,1.42,1.42,118.51,160,0,0
2120,2024/4/14 2:00,2024/4/14,2,0,50,0,0,0,0,21.13,20.4,93.84,95.79,1001.01001,998.31,1.5,1.5,112.93,157,0,0
2121,2024/4/14 2:15,2024/4/14,2,15,50,0,0,0,0,21.21,20.36,93.81,95.92,1000.84998,998.23999,1.6,1.6,78.93,153,0,0
2122,2024/4/14 2:30,2024/4/14,2,30,50,0,0,0,0,21.24,20.32,93.97,96.06,1000.96997,998.15997,1.71,1.71,116.77,149,0,0
2123,2024/4/14 2:45,2024/4/14,2,45,50,0,0,0,0,21.21,20.27,93.85,96.19,1000.64001,998.06,1.84,1.84,125,145,0,0
2124,2024/4/14 3:00,2024/4/14,3,0,50,0,0,0,0,21.14,20.23,93.99,96.32,1000.56,997.95001,1.97,1.97,111.81,142,0,0
2125,2024/4/14 3:15,2024/4/14,3,15,50,0,0,0,0,21.23,20.19,94.1,96.44,1000.52002,997.83002,2.1,2.1,119.81,139,0,0
2126,2024/4/14 3:30,2024/4/14,3,30,50,0,0,0,0,21.26,20.15,94.07,96.56,1000.59998,997.71997,2.23,2.23,139.14,136,0,0
2127,2024/4/14 3:45,2024/4/14,3,45,50,0,0,0,0,21.17,20.11,94.01,96.66,1000.92999,997.62,2.35,2.35,82.41,134,0,0
2128,2024/4/14 4:00,2024/4/14,4,0,50,0,0,0,0,21.05,20.09,93.79,96.75,1000.44,997.53003,2.45,2.45,114.69,133,0,0
2129,2024/4/14 4:15,2024/4/14,4,15,50,0,0,0,0,20.99,20.06,93.84,96.82,1000.22998,997.46002,2.52,2.52,123.49,131,0,0
2130,2024/4/14 4:30,2024/4/14,4,30,50,0,0,0,0,20.92,20.05,94.2,96.86,1000.92999,997.40997,2.58,2.58,94.54,131,0,0
2131,2024/4/14 4:45,2024/4/14,4,45,50,0,0,0,0,20.94,20.04,94.31,96.88,1001.13,997.40002,2.59,2.59,55.4,130,0,0
2132,2024/4/14 5:00,2024/4/14,5,0,50,0,0,0,0,20.96,20.06,94.42,96.89,1001.34003,997.42999,2.58,2.58,348.66,130,0,0
2133,2024/4/14 5:15,2024/4/14,5,15,50,0,0,0,0,20.92,20.09,94.2,96.9,1001.5,997.53003,2.52,2.52,82.59,130,0,0
2134,2024/4/14 5:30,2024/4/14,5,30,50,0,0,0,0,20.87,20.15,93.91,96.9,1001.83002,997.67999,2.44,2.44,180.98,130,0,0
2135,2024/4/14 5:45,2024/4/14,5,45,50,0,0,0.05,0.001,20.68,20.23,93.68,96.91,1001.96002,997.85999,2.34,2.34,265.63,129,0,0
2136,2024/4/14 6:00,2024/4/14,6,0,50,0.78533,0.0157066,0.1,0.002,20.66,20.33,93.8,96.91,1002.52002,998.07001,2.23,2.23,279.17999,129,11.94,22.55
2137,2024/4/14 6:15,2024/4/14,6,15,50,0,0,0.25,0.005,20.94,20.44,93.81,96.91,1002.78003,998.28998,2.1,2.1,340.59,129,25.31,1.34
2138,2024/4/14 6:30,2024/4/14,6,30,50,0,0,0.5,0.01,21.01,20.57,93.47,96.92,1003.90997,998.51001,1.98,1.98,305.16,128,41.59,1.67
2139,2024/4/14 6:45,2024/4/14,6,45,50,0,0,0.73,0.0146,21.05,20.71,93.22,96.92,1004.15997,998.71997,1.86,1.86,273.32999,128,59.26,5.37
2140,2024/4/14 7:00,2024/4/14,7,0,50,0,0,1.18,0.0236,20.94,20.86,93.23,96.92,1004.20001,998.90997,1.75,1.75,256.17999,128,76.95,10.83
2141,2024/4/14 7:15,2024/4/14,7,15,50,0.48967,0.0097934,1.86,0.0372,20.95,21.01,93.24,96.92,1004.47998,999.04999,1.66,1.66,343.45999,129,98.15,13.13
2142,2024/4/14 7:30,2024/4/14,7,30,50,0.30765,0.006153,2.81,0.0562,20.97,21.17,93.37,96.93,1004.90002,999.15002,1.59,1.59,315.81,130,124.09,12.38
2143,2024/4/14 7:45,2024/4/14,7,45,50,1.68027,0.0336054,3.8,0.076,21,21.33,93.38,96.93,1004.89001,999.17999,1.55,1.55,54.18,131,153.7,41.47
2144,2024/4/14 8:00,2024/4/14,8,0,50,1.83786,0.0367572,4.81,0.0962,21.1,21.53,93.78,96.76,1005.01001,999.17999,1.53,1.53,173.72,133,185.86999,46.36
2145,2024/4/14 8:15,2024/4/14,8,15,50,1.57692,0.0315384,5.72,0.1144,21.3,21.78,93.85,96.3,1005.17999,999.17999,1.51,1.51,132.08,135,219.5,31.09
2146,2024/4/14 8:30,2024/4/14,8,30,50,2.53955,0.050791,6.65,0.133,21.46,22.08,94.08,95.57,1005.09998,999.16998,1.49,1.49,131.01,138,253.52,57.04
2147,2024/4/14 8:45,2024/4/14,8,45,50,5.28612,0.1057224,7.5,0.15,21.72,22.42,94.2,94.63,1005.29999,999.15997,1.48,1.48,119.27,141,286.82001,93.32
2148,2024/4/14 9:00,2024/4/14,9,0,50,1.77981,0.0355961999999999,8.22,0.1644,21.99,22.79,94.15,93.5,1005.63,999.15002,1.46,1.46,132.05,144,318.32001,34.49
2149,2024/4/14 9:15,2024/4/14,9,15,50,3.76631,0.0753262,8.88,0.1776,22.04,23.17,94.04,92.23,1005.34003,999.14001,1.45,1.45,87.23,148,346.91,86.99
2150,2024/4/14 9:30,2024/4/14,9,30,50,3.31188,0.0662376,9.52,0.1903999999999999,22.04,23.57,94.23,90.86,1005.53998,999.12,1.44,1.44,108.47,151,372.32001,109.87
2151,2024/4/14 9:45,2024/4/14,9,45,50,18.0817,0.361634,10.44,0.2087999999999999,22.18,23.97,94.31,89.42,1006.15002,999.09998,1.43,1.43,130.74,155,398.48999,216.60001
2152,2024/4/14 10:00,2024/4/14,10,0,50,7.62847,0.1525694,11.61,0.2322,22.88,24.37,94.26,87.96,1005.47998,999.08002,1.42,1.42,110.53,159,425.72,158.42
2153,2024/4/14 10:15,2024/4/14,10,15,50,5.84331,0.1168661999999999,12.99,0.2598,23.17,24.75,93.42,86.52,1005.46997,999.06,1.42,1.42,121.21,164,453.53,138.78999
2154,2024/4/14 10:30,2024/4/14,10,30,50,5.76419,0.1152838,14.34,0.2868,23.28,25.1,92.21,85.13,1005.58002,999.03003,1.41,1.41,103.25,168,481.45001,129.21001
2155,2024/4/14 10:45,2024/4/14,10,45,50,1.43615,0.028723,15.45,0.309,23.15,25.41,91.29,83.83,1005.53003,999,1.41,1.41,77.77,174,508.98001,40.53
2156,2024/4/14 11:00,2024/4/14,11,0,50,0,0,16.59,0.3318,22.85,25.72,91.26,82.46,1005.44,998.92999,1.48,1.48,72.62,183,535.65997,15.33
2157,2024/4/14 11:15,2024/4/14,11,15,50,0,0,17.690001,0.35380002,22.33,26.06,91.46,80.85,1005.15002,998.78003,1.68,1.68,86.72,198,560.98999,9.96
2158,2024/4/14 11:30,2024/4/14,11,30,50,0,0,18.82,0.3764,21.87,26.4,92.07,79.08,1004.67999,998.58002,1.97,1.97,14.25,219,584.51001,6.77
2159,2024/4/14 11:45,2024/4/14,11,45,50,0,0,19.879999,0.39759998,21.56,26.75,93,77.21,1004.67999,998.32001,2.34,2.34,11.78,238,605.71997,5.01
2160,2024/4/14 12:00,2024/4/14,12,0,50,0,0,20.879999,0.41759998,21.44,27.1,93.26,75.3,1005.29999,998.03998,2.76,2.76,321.5,252,624.15997,0.72
2161,2024/4/14 12:15,2024/4/14,12,15,50,0,0,21.84,0.4368,21.21,27.43,93.74,73.44,1004.77002,997.73999,3.21,3.21,72.77,261,639.33002,5.01
2162,2024/4/14 12:30,2024/4/14,12,30,50,0,0,22.379999,0.44759998,20.98,27.73,94.36,71.67,1005.95001,997.45001,3.65,3.65,181.31,267,650.76001,3.1
2163,2024/4/14 12:45,2024/4/14,12,45,50,0,0,22.309999,0.44619998,20.79,28,95.05,70.08,1005.38,997.16998,4.07,4.07,113.7,271,657.96997,6.15
2164,2024/4/14 13:00,2024/4/14,13,0,50,0,0,21.58,0.4316,20.71,28.23,95.82,68.72,1003.38,996.92999,4.44,4.44,161.56,273,660.47998,14.02
2165,2024/4/14 13:15,2024/4/14,13,15,50,0.26305,0.005261,20.52,0.4104,20.68,28.4,96.26,67.67,1003.98999,996.73999,4.73,4.73,129.89999,275,648.02002,16.83
2166,2024/4/14 13:30,2024/4/14,13,30,50,0.92068,0.0184136,19.450001,0.38900002,20.61,28.52,96.75,66.99,1004.41998,996.60999,4.93,4.93,91.23,276,614.20001,28.07
2167,2024/4/14 13:45,2024/4/14,13,45,50,4.42796,0.0885591999999999,18.34,0.3668,20.66,28.55,96.92,66.75,1003.75,996.57001,5,5,109.34,276,564.35999,98.57
2168,2024/4/14 14:00,2024/4/14,14,0,50,12.5636,0.251272,17.07,0.3414,21.2,28.49,97.07,67.04,1004.15997,996.59003,4.97,4.97,156.39,276,503.85001,282.10001
2169,2024/4/14 14:15,2024/4/14,14,15,50,19.9536,0.399072,15.75,0.315,22.2,28.31,97,67.87,1004.03998,996.64001,4.91,4.91,161.92999,274,437.98999,401.88
2170,2024/4/14 14:30,2024/4/14,14,30,50,20.769,0.4153799999999999,14.63,0.2926,23.5,28.03,96.14,69.15,1004.34998,996.71997,4.8,4.8,184.11999,272,372.14999,426.07001
2171,2024/4/14 14:45,2024/4/14,14,45,50,30.6947,0.613894,13.87,0.2774,25.66,27.68,93.89,70.78,1004.22998,996.83002,4.66,4.66,338.07999,269,311.66,581.83002
2172,2024/4/14 15:00,2024/4/14,15,0,50,29.869,0.59738,13.08,0.2616,27.4,27.26,90.92,72.68,1003.94,996.96002,4.49,4.49,56.96,265,261.85998,709.70001
2173,2024/4/14 15:15,2024/4/14,15,15,50,11.8335,0.23667,12.09,0.2418,27.31,26.81,87.21,74.76,1003.65997,997.10999,4.31,4.31,63.2,260,228.09,291.66
2174,2024/4/14 15:30,2024/4/14,15,30,50,21.684,0.43368,10.79,0.2158,27.13,26.33,88.03,76.93,1003.58002,997.26001,4.11,4.11,352.03,255,204.78,470.79001
2175,2024/4/14 15:45,2024/4/14,15,45,50,15.3022,0.306044,9.54,0.1907999999999999,27.4,25.84,83.3,79.11,1003.13,997.41998,3.9,3.9,47.66,249,182.77,390.09
2176,2024/4/14 16:00,2024/4/14,16,0,50,14.6175,0.29235,8.32,0.1664,27.73,25.38,85.39,81.19,1003.21002,997.58002,3.7,3.7,7.65,243,162.13001,393.78
2177,2024/4/14 16:15,2024/4/14,16,15,50,3.97014,0.0794028,7.24,0.1448,27.88,24.94,85.17,83.1,1003.62,997.73999,3.5,3.5,113.68,238,142.83,100.73
2178,2024/4/14 16:30,2024/4/14,16,30,50,6.59108,0.1318215999999999,6.15,0.123,26.87,24.56,87.84,84.75,1003.48999,997.88,3.31,3.31,140.09,234,124.94,135.33
2179,2024/4/14 16:45,2024/4/14,16,45,50,9.05645,0.1811289999999999,5.13,0.1026,26.38,24.25,86.48,86.04,1003.48999,998.02002,3.13,3.13,30.65,230,108.46,185.11
2180,2024/4/14 17:00,2024/4/14,17,0,50,5.76211,0.1152422,4.07,0.0814,25.96,23.98,85.52,87.11,1003.56,998.14001,2.96,2.96,17.39,227,93.43,131.07001
2181,2024/4/14 17:15,2024/4/14,17,15,50,2.98016,0.0596032,3.07,0.0613999999999999,25.62,23.71,86.31,88.16,1003.54999,998.26001,2.76,2.76,58.98,224,79.86,83.18
2182,2024/4/14 17:30,2024/4/14,17,30,50,3.18752,0.0637504,2.13,0.0426,25.25,23.45,87.4,89.17,1003.41998,998.38,2.55,2.55,283.62,220,67.79,81
2183,2024/4/14 17:45,2024/4/14,17,45,50,2.7033,0.054066,1.07,0.0214,25.17,23.19,87.23,90.14,1003.71002,998.5,2.32,2.32,61.88,214,57.23,77.54
2184,2024/4/14 18:00,2024/4/14,18,0,50,1.80598,0.0361196,0.43,0.0086,25.06,22.95,87.1,91.07,1003.58002,998.62,2.1,2.1,68.28,206,48.22,54.46
2185,2024/4/14 18:15,2024/4/14,18,15,50,0.16696,0.0033392,0.21,0.0042,24.44,22.71,87.84,91.95,1003.60999,998.73999,1.88,1.88,76.81,194,40.76,17.03
2186,2024/4/14 18:30,2024/4/14,18,30,50,0,0,0,0,23.78,22.49,88.65,92.77,1003.78003,998.87,1.68,1.68,116.17,175,0,2.3
2187,2024/4/14 18:45,2024/4/14,18,45,50,0,0,0,0,23.31,22.29,89.26,93.54,1004.26001,998.98999,1.5,1.5,115.13,149,0,0
2188,2024/4/14 19:00,2024/4/14,19,0,50,0,0,0,0,22.85,22.1,89.77,94.23,1004.06,999.12,1.34,1.34,118.13,126,0,0
2189,2024/4/14 19:15,2024/4/14,19,15,50,0,0,0,0,22.56,21.93,90.04,94.86,1004.35999,999.25,1.22,1.22,76.86,112,0,0
2190,2024/4/14 19:30,2024/4/14,19,30,50,0,0,0,0,22.3,21.78,90.9,95.41,1004.35999,999.39001,1.15,1.15,104.59,104,0,0
2191,2024/4/14 19:45,2024/4/14,19,45,50,0,0,0,0,22.11,21.65,90.9,95.88,1004.56,999.53003,1.12,1.12,104.41,102,0,0
2192,2024/4/14 20:00,2024/4/14,20,0,50,0,0,0,0,21.94,21.54,91.14,96.31,1004.89001,999.69,1.13,1.13,85.62,103,0,0
2193,2024/4/14 20:15,2024/4/14,20,15,50,0,0,0,0,21.78,21.45,91.25,96.73,1005.21997,999.87,1.16,1.16,96.95,106,0,0
2194,2024/4/14 20:30,2024/4/14,20,30,50,0,0,0,0,21.62,21.36,91.92,97.14,1005.41998,1000.07001,1.2,1.2,10.23,110,0,0
2195,2024/4/14 20:45,2024/4/14,20,45,50,0,0,0,0,21.52,21.28,92.1,97.53,1005.71002,1000.28998,1.25,1.25,68.41,116,0,0
2196,2024/4/14 21:00,2024/4/14,21,0,50,0,0,0,0,21.38,21.21,92.02,97.9,1005.54999,1000.5,1.31,1.31,138.83,121,0,0
2197,2024/4/14 21:15,2024/4/14,21,15,50,0,0,0,0,21.35,21.14,92.02,98.24,1005.54999,1000.71002,1.37,1.37,172.98,127,0,0
2198,2024/4/14 21:30,2024/4/14,21,30,50,0,0,0,0,21.23,21.07,92.19,98.55,1005.66998,1000.91998,1.44,1.44,135.53,132,0,0
2199,2024/4/14 21:45,2024/4/14,21,45,50,0,0,0,0,20.99,21,92.36,98.81,1005.63,1001.09998,1.5,1.5,141.60001,136,0,0
2200,2024/4/14 22:00,2024/4/14,22,0,50,0,0,0,0,20.85,20.94,92.49,99.03,1005.71002,1001.25,1.55,1.55,12.93,140,0,0
2201,2024/4/14 22:15,2024/4/14,22,15,50,0,0,0,0,20.78,20.87,92.61,99.19,1005.76001,1001.37,1.59,1.59,55.29,142,0,0
2202,2024/4/14 22:30,2024/4/14,22,30,50,0,0,0,0,20.67,20.8,92.76,99.29,1005.72998,1001.45001,1.62,1.62,85.42,144,0,0
2203,2024/4/14 22:45,2024/4/14,22,45,50,0,0,0,0,20.59,20.72,93.26,99.33,1006.03003,1001.47998,1.63,1.63,33.79,144,0,0
2204,2024/4/14 23:00,2024/4/14,23,0,50,0,0,0,0,20.56,20.63,93.61,99.31,1006.03998,1001.46997,1.61,1.61,55.87,144,0,0
2205,2024/4/14 23:15,2024/4/14,23,15,50,0,0,0,0,20.5,20.54,93.66,99.26,1005.98999,1001.44,1.58,1.58,3.98,143,0,0
2206,2024/4/14 23:30,2024/4/14,23,30,50,0,0,0,0,20.53,20.43,93.71,99.18,1006.01001,1001.40002,1.52,1.52,169.51,141,0,0
2207,2024/4/14 23:45,2024/4/14,23,45,50,0,0,0,0,20.52,20.32,93.42,99.07,1005.95001,1001.34998,1.45,1.45,66.03,138,0,0
2208,2024/4/16 0:00,2024/4/16,0,0,50,0,0,0,0,23.86277,22.71,100.42542,93.46,1003.54331,999.22998,1.55671,1.75,54.97,119,0,0
2209,2024/4/16 0:15,2024/4/16,0,15,50,0,0,0,0,24.26069,22.75,85.42755,92.79,1005.06582,999.21002,1.96418,1.84,151.5825,123,0,0
2210,2024/4/16 0:30,2024/4/16,0,30,50,0,0,0,0,24.4,22.8,76.85895,92.13,1005.09003,999.17999,2.04,1.93,243.28,128,0,0
2211,2024/4/16 0:45,2024/4/16,0,45,50,0,0,0,0,24.18,22.85,87.39,91.5,1005.08002,999.15997,1.96,2.02,222.7,131,0,0
2212,2024/4/16 1:00,2024/4/16,1,0,50,0,0,0,0,24.3,22.88,87.23,90.94,1005.21002,999.14001,1.89,2.1,230.69,134,0,0
2213,2024/4/16 1:15,2024/4/16,1,15,50,0,0,0,0,24.39,22.92,86.8,90.5,1004.92999,999.12,1.83,2.18,141.77,136,0,0
2214,2024/4/16 1:30,2024/4/16,1,30,50,0,0,0,0,24.29,22.94,86.79,90.2,1004.63,999.10999,1.79,2.25,94.62,137,0,0
2215,2024/4/16 1:45,2024/4/16,1,45,50,0,0,0,0,24.04,22.94,86.74,90.1,1004.29999,999.10999,1.77,2.3,146.51,138,0,0
2216,2024/4/16 2:00,2024/4/16,2,0,50,0,0,0,0,23.86,22.9,87.16,90.23,1004.19,999.13,1.78,2.35,254.11,138,0,0
2217,2024/4/16 2:15,2024/4/16,2,15,50,0,0,0,0,23.72,22.76,87.58,90.61,1004.03998,999.20001,1.78,2.38,8.54,140,0,0
2218,2024/4/16 2:30,2024/4/16,2,30,50,0,0,0,0,23.67,22.56,87.31,91.18,1004.08002,999.31,1.79,2.42,272.45001,144,0,0
2219,2024/4/16 2:45,2024/4/16,2,45,50,0,0,0,0,23.63,22.31,87.17,91.9,1004.29999,999.44,1.8,2.45,6.69,153,0,0
2220,2024/4/16 3:00,2024/4/16,3,0,50,0,0,0,0,23.56,22.02,87.19,92.71,1004.46002,999.59003,1.81,2.48,65.23,178,0,0
2221,2024/4/16 3:15,2024/4/16,3,15,50,0,0,0,0,23.49,21.71,86.89,93.57,1004.21997,999.76001,1.83,2.51,126.1,236,0,0
2222,2024/4/16 3:30,2024/4/16,3,30,50,0,0,0,0,23.36,21.41,87.04,94.43,1004.22998,999.91998,1.85,2.53,55.99,271,0,0
2223,2024/4/16 3:45,2024/4/16,3,45,50,0,0,0,0,23.14,21.12,87.52,95.24,1004.14001,1000.09003,1.87,2.56,232.17999,283,0,0
2224,2024/4/16 4:00,2024/4/16,4,0,50,0,0,0,0,22.91,20.87,87.37,95.96,1004.42999,1000.23999,1.89,2.6,239.73,289,0,0
2225,2024/4/16 4:15,2024/4/16,4,15,50,0,0,0,0,22.91,20.66,87.92,96.53,1004.10999,1000.37,1.91,2.63,70.68,291,0,0
2226,2024/4/16 4:30,2024/4/16,4,30,50,0,0,0,0,22.83,20.53,89.51,96.9,1004.31,1000.46002,1.94,2.67,6.54,293,0,0
2227,2024/4/16 4:45,2024/4/16,4,45,50,0,0,0,0,22.86,20.48,88.88,97.04,1004.34998,1000.53003,1.96,2.72,10.48,293,0,0
2228,2024/4/16 5:00,2024/4/16,5,0,50,0,0,0,0,22.81,20.49,88.49,96.95,1004.44,1000.56,2,2.78,232.26,292,0,0
2229,2024/4/16 5:15,2024/4/16,5,15,50,0,0,0,0,22.79,20.51,88.06,96.71,1004.14001,1000.59003,2.05,2.86,156.95,291,0,0
2230,2024/4/16 5:30,2024/4/16,5,30,50,0,0,0,0,22.6,20.55,89.83,96.33,1004.15997,1000.62,2.11,2.95,63.79,287,0,0
2231,2024/4/16 5:45,2024/4/16,5,45,50,0,0,0.04,0.0008,22.78,20.59,90.25,95.87,1004.15997,1000.64001,2.19,3.05,167.23,277,0,4.18
2232,2024/4/16 6:00,2024/4/16,6,0,50,0.6571,0.013142,0.08,0.0016,23.12,20.64,90.02,95.34,1004.39001,1000.65997,2.27,3.16,82.26,243,0,14.62
2233,2024/4/16 6:15,2024/4/16,6,15,50,1.18971,0.0237942,0.21,0.0042,23.41,20.7,90.16,94.78,1004.65002,1000.66998,2.36,3.27,71.32,172,0,13.2
2234,2024/4/16 6:30,2024/4/16,6,30,50,1.71271,0.0342542,0.41,0.0081999999999999,23.51,20.76,90.76,94.22,1004.91998,1000.69,2.44,3.38,76.42,147,0,27.87
2235,2024/4/16 6:45,2024/4/16,6,45,50,2.006,0.0401199999999999,0.54,0.0108,23.56,20.83,91.16,93.69,1004.77002,1000.71002,2.52,3.48,61.11,139,13.01,58.22
2236,2024/4/16 7:00,2024/4/16,7,0,50,2.56006,0.0512012,0.8,0.016,23.72,20.89,91.19,93.22,1004.83002,1000.72998,2.58,3.56,163.92999,136,16.68,55.24
2237,2024/4/16 7:15,2024/4/16,7,15,50,3.14023,0.0628046,1.22,0.0243999999999999,24.01,20.94,90.94,92.85,1004.75,1000.75,2.63,3.62,100.32,134,20.65,61.51
2238,2024/4/16 7:30,2024/4/16,7,30,50,4.19611,0.0839222,1.74,0.0348,24.28,20.99,90.5,92.61,1004.78003,1000.78003,2.67,3.67,121.84,133,25.14,69.05
2239,2024/4/16 7:45,2024/4/16,7,45,50,4.98624,0.0997247999999999,2.34,0.0467999999999999,24.58,21.04,90.02,92.52,1004.77002,1000.81,2.68,3.68,118.33,133,30.13,61.5
2240,2024/4/16 8:00,2024/4/16,8,0,50,5.81259,0.1162518,2.94,0.0588,24.97,21.07,89.7,92.55,1004.65002,1000.85999,2.68,3.66,100.13,133,35.55,81.23
2241,2024/4/16 8:15,2024/4/16,8,15,50,5.7346,0.114692,3.49,0.0698,25.15,21.1,89.15,92.64,1004.59998,1000.92999,2.67,3.59,126.09,132,41.37,67.18
2242,2024/4/16 8:30,2024/4/16,8,30,50,3.66174,0.0732348,3.97,0.0794,25.27,21.13,88.78,92.76,1005.21997,1001.02002,2.66,3.48,138.32001,132,47.53,32.04
2243,2024/4/16 8:45,2024/4/16,8,45,50,2.19564,0.0439128,4.34,0.0868,25.29,21.16,88.26,92.93,1005.29999,1001.10999,2.65,3.34,116.24,131,53.99,18.61
2244,2024/4/16 9:00,2024/4/16,9,0,50,0.91609,0.0183218,4.64,0.0928,25.18,21.18,88.08,93.11,1005.29999,1001.21997,2.63,3.19,116.82,130,60.71,10.59
2245,2024/4/16 9:15,2024/4/16,9,15,50,0,0,4.89,0.0978,24.87,21.21,87.98,93.31,1004.92999,1001.32001,2.61,3.03,97.87,128,67.64,15.83
2246,2024/4/16 9:30,2024/4/16,9,30,50,0,0,5.26,0.1052,24.47,21.23,88.45,93.51,1004.40002,1001.42999,2.6,2.87,103.08,127,74.84,7.9
2247,2024/4/16 9:45,2024/4/16,9,45,50,0,0,5.8,0.1159999999999999,24.24,21.26,88.9,93.69,1004.69,1001.52002,2.58,2.71,76.72,125,82.8,2.19333
2248,2024/4/16 10:00,2024/4/16,10,0,50,0,0,6.47,0.1294,24.08,21.3,89.73,93.85,1004.23999,1001.59998,2.57,2.58,83.17,122,91.51,3.94
2249,2024/4/16 10:15,2024/4/16,10,15,50,0,0,7.2,0.144,23.94,21.33,89.75,93.98,1004.65002,1001.66998,2.56,2.47,229.28999,119,100.88,3.94
2250,2024/4/16 10:30,2024/4/16,10,30,50,0,0,7.8,0.156,23.5,21.38,90.18,94.07,1006.13,1001.71002,2.55,2.4,207.67999,116,110.79,6.58
2251,2024/4/16 10:45,2024/4/16,10,45,50,0,0,8.38,0.1676,23.43,21.43,90.7,94.1,1006.59003,1001.72998,2.55,2.37,53.58,113,121.11,4.61
2252,2024/4/16 11:00,2024/4/16,11,0,50,0,0,8.86,0.1772,23.05,21.5,91.65,94.04,1008.35999,1001.67999,2.56,2.38,237.36,110,131.74,2.64
2253,2024/4/16 11:15,2024/4/16,11,15,50,0,0,9.35,0.187,21.67,21.62,93.12,93.88,1007.96002,1001.54999,2.58,2.39,244.88001,105,142.57001,2.64333
2254,2024/4/16 11:30,2024/4/16,11,30,50,0,0,9.65,0.193,21.12,21.78,94.24,93.62,1008.64001,1001.35999,2.61,2.41,257.63,101,153.47,1.32
2255,2024/4/16 11:45,2024/4/16,11,45,50,0,0,9.77,0.1954,20.93,21.96,94.33,93.28,1008.28003,1001.10999,2.66,2.43,270.38,95,164.35001,3.98
2256,2024/4/16 12:00,2024/4/16,12,0,50,0,0,9.72,0.1944,20.85,22.16,94.65,92.88,1007.08002,1000.82001,2.71,2.45,131.60001,90,175.08,6.63
2257,2024/4/16 12:15,2024/4/16,12,15,50,0.01666,0.0003332,9.66,0.1932,20.78,22.37,94.97,92.43,1006.78998,1000.5,2.76,2.48,139.38001,85,185.55,27.84
2258,2024/4/16 12:30,2024/4/16,12,30,50,1.43027,0.0286054,9.65,0.193,20.77,22.58,95.25,91.95,1006.5,1000.16998,2.81,2.5,72.32,81,195.66,84.79
2259,2024/4/16 12:45,2024/4/16,12,45,50,5.58333,0.1116666,9.69,0.1938,20.88,22.8,96.01,91.45,1006.09003,999.84003,2.86,2.53,95.54,77,205.27,156.13001
2260,2024/4/16 13:00,2024/4/16,13,0,50,4.75045,0.095009,9.72,0.1944,21.25,23.01,96.13,90.94,1005.27002,999.53003,2.9,2.55,81.59,74,214.28999,99.17
2261,2024/4/16 13:15,2024/4/16,13,15,50,0.776,0.01552,9.71,0.1942,21.55,23.2,95.93,90.45,1005.66998,999.25,2.93,2.57,124.39,71,223.58,64.72
2262,2024/4/16 13:30,2024/4/16,13,30,50,0.37187,0.0074373999999999,9.7,0.1939999999999999,21.6,23.37,95.65,89.97,1005.21997,999.01001,2.96,2.58,160.94,70,233.74,100.24
2263,2024/4/16 13:45,2024/4/16,13,45,50,4.76903,0.0953806,9.68,0.1936,21.52,23.5,95.64,89.54,1004.96997,998.82001,2.96,2.58,88.41,70,244.24,18.46
2264,2024/4/16 14:00,2024/4/16,14,0,50,1.38139,0.0276277999999999,9.6,0.192,21.46,23.63,96.02,89.1,1004.23999,998.66998,2.95,2.58,66.06,70,254.55,51.35
2265,2024/4/16 14:15,2024/4/16,14,15,50,2.69155,0.053831,9.42,0.1884,21.37,23.75,96.24,88.6,1004.15997,998.52002,2.89,2.58,36.38,71,264.17001,55.27
2266,2024/4/16 14:30,2024/4/16,14,30,50,1.92415,0.038483,9,0.18,21.33,23.88,96.36,88.04,1004.21002,998.37,2.82,2.57,61.76,73,272.56,18.44
2267,2024/4/16 14:45,2024/4/16,14,45,50,0.50763,0.0101526,8.44,0.1687999999999999,21.15,24,96.5,87.47,1004.53003,998.21997,2.72,2.56,93.14,76,279.20999,13.18
2268,2024/4/16 15:00,2024/4/16,15,0,50,0.45672,0.0091344,7.75,0.155,21.04,24.12,96.65,86.89,1004.27002,998.08002,2.61,2.55,114.44,79,283.57999,18.48
2269,2024/4/16 15:15,2024/4/16,15,15,50,0.45543,0.0091086,7.14,0.1427999999999999,21,24.23,96.6,86.32,1004.53003,997.95001,2.49,2.54,141.32001,82,285.16,5.29
2270,2024/4/16 15:30,2024/4/16,15,30,50,0,0,6.62,0.1324,20.96,24.33,96.33,85.79,1005.10999,997.83002,2.38,2.53,174.57001,85,280.78,3.99
2271,2024/4/16 15:45,2024/4/16,15,45,50,0,0,6.13,0.1226,20.91,24.42,96.37,85.32,1005.47998,997.72998,2.27,2.52,40.79,88,268.60001,1.33
2272,2024/4/16 16:00,2024/4/16,16,0,50,0,0,5.55,0.111,20.78,24.5,96.54,84.91,1005.22998,997.64001,2.17,2.5,87.6,91,250.06,6.7
2273,2024/4/16 16:15,2024/4/16,16,15,50,0,0,4.83,0.0966,20.68,24.55,96.82,84.6,1004.87,997.58002,2.09,2.49,167.32001,93,226.57001,2.7
2274,2024/4/16 16:30,2024/4/16,16,30,50,0,0,4.07,0.0814,20.68,24.59,96.78,84.39,1005.01001,997.53998,2.04,2.49,69.92,94,199.57001,2.72
2275,2024/4/16 16:45,2024/4/16,16,45,50,0,0,3.32,0.0664,20.68,24.6,96.78,84.32,1005.70001,997.52002,2.02,2.48,124.24,95,170.48,1.376
2276,2024/4/16 17:00,2024/4/16,17,0,50,0,0,2.61,0.0521999999999999,20.65,24.55,96.76,84.54,1006.34998,997.53998,2.06,2.47,147.44,94,140.73,1.394
2277,2024/4/16 17:15,2024/4/16,17,15,50,0,0,1.97,0.0394,20.57,24.4,96.66,85.16,1005.81,997.59003,2.15,2.47,137.59,91,111.74,1.412
2278,2024/4/16 17:30,2024/4/16,17,30,50,0,0,1.43,0.0286,20.53,24.18,96.99,86.1,1005.56,997.66998,2.28,2.46,57.45,85,84.96,1.43
2279,2024/4/16 17:45,2024/4/16,17,45,50,0,0,0.71,0.0141999999999999,20.48,23.9,97.23,87.27,1005.21002,997.77002,2.45,2.45,83.25,78,61.79,4.26
2280,2024/4/16 18:00,2024/4/16,18,0,50,0,0,0.29,0.0058,20.51,23.58,97.46,88.6,1005.17999,997.88,2.64,2.45,113.74,69,43.67,8.45
2281,2024/4/16 18:15,2024/4/16,18,15,50,0,0,0.14,0.0028,20.48,23.24,97.37,90.01,1004.59998,998.01001,2.84,2.44,99.39,58,32.03,1.47
2282,2024/4/16 18:30,2024/4/16,18,30,50,0,0,0,0,20.5,22.89,97.42,91.42,1004.34003,998.15002,3.04,2.44,70.67,47,0,0
2283,2024/4/16 18:45,2024/4/16,18,45,50,0,0,0,0,20.51,22.56,97.61,92.75,1004.07001,998.28998,3.23,2.43,100.38,38,0,0
2284,2024/4/16 19:00,2024/4/16,19,0,50,0,0,0,0,20.51,22.25,97.77,93.92,1003.58002,998.42999,3.4,2.43,75.26,30,0,0
2285,2024/4/16 19:15,2024/4/16,19,15,50,0,0,0,0,20.53,21.99,97.84,94.85,1003.65997,998.57001,3.53,2.43,72.62,24,0,0
2286,2024/4/16 19:30,2024/4/16,19,30,50,0,0,0,0,20.58,21.79,97.89,95.47,1004.23999,998.69,3.62,2.43,91.51,21,0,0
2287,2024/4/16 19:45,2024/4/16,19,45,50,0,0,0,0,20.57,21.68,97.96,95.7,1003.87,998.78998,3.65,2.42,75.59,20,0,0
2288,2024/4/16 20:00,2024/4/16,20,0,50,0,0,0,0,20.45,21.61,98.13,95.64,1004.09998,998.90002,3.65,2.45,82.31,22,0,0
2289,2024/4/16 20:15,2024/4/16,20,15,50,0,0,0,0,20.4,21.56,98.3,95.47,1004.15997,999,3.64,2.53,85.57,27,0,0
2290,2024/4/16 20:30,2024/4/16,20,30,50,0,0,0,0,20.41,21.51,98.49,95.22,1003.71997,999.12,3.63,2.64,52.56,37,0,0
2291,2024/4/16 20:45,2024/4/16,20,45,50,0,0,0,0,20.38,21.47,98.6,94.9,1003.75,999.23999,3.62,2.79,10.67,53,0,0
2292,2024/4/16 21:00,2024/4/16,21,0,50,0,0,0,0,20.37,21.44,98.69,94.54,1003.96002,999.34998,3.6,2.95,51.49,74,0,0
2293,2024/4/16 21:15,2024/4/16,21,15,50,0,0,0,0,20.35,21.4,98.68,94.16,1004.07001,999.46002,3.58,3.13,77.41,94,0,0
2294,2024/4/16 21:30,2024/4/16,21,30,50,0,0,0,0,20.37,21.37,98.74,93.78,1004.57001,999.57001,3.56,3.3,289.5,109,0,0
2295,2024/4/16 21:45,2024/4/16,21,45,50,0,0,0,0,20.37,21.34,98.69,93.42,1004.21997,999.65997,3.54,3.47,296.39002,119,0,0
2296,2024/4/16 22:00,2024/4/16,22,0,50,0,0,0,0,20.12,21.31,98.37,93.11,1006.71002,999.73999,3.52,3.61,293.41,125,0,0
2297,2024/4/16 22:15,2024/4/16,22,15,50,0,0,0,0,20.05,21.28,98.76,92.85,1006.79999,999.78998,3.49,3.73,8.17,128,0,0
2298,2024/4/16 22:30,2024/4/16,22,30,50,0,0,0,0,20.03,21.24,98.96,92.68,1005.96002,999.83002,3.47,3.8,169.55,130,0,0
2299,2024/4/16 22:45,2024/4/16,22,45,50,0,0,0,0,20.03,21.19,99.01,92.62,1006.37,999.84998,3.45,3.83,161.36999,131,0,0
2300,2024/4/16 23:00,2024/4/16,23,0,50,0,0,0,0,20.01,21.14,99.06,92.7,1006.67999,999.82001,3.42,3.82,158.36,131,0,0
2301,2024/4/16 23:15,2024/4/16,23,15,50,0,0,0,0,19.99,21.09,99.04,92.89,1006.42999,999.75,3.4,3.79,169.77,130,0,0
2302,2024/4/16 23:30,2024/4/16,23,30,50,0,0,0,0,19.96,21.02,98.99,93.18,1006.53003,999.65002,3.37,3.74,157.92,129,0,0
2303,2024/4/16 23:45,2024/4/16,23,45,50,0,0,0,0,19.89,20.96,98.98,93.56,1006.12,999.51001,3.34,3.68,135.73,127,0,0
2304,2024/4/27 0:00,2024/4/27,0,0,50,0,0,0,0,20.75878,19.83,104.36059,97.96,990.58618,995.59998,1.64789,1.41,127.34749,93,0,0
2305,2024/4/27 0:15,2024/4/27,0,15,50,0,0,0,0,20.7497,19.78,81.28156,98.1,993.33443,995.53998,1.96447,1.42,201.69688,87,0,0
2306,2024/4/27 0:30,2024/4/27,0,30,50,0,0,0,0,20.69,19.74,79.1072,98.21,998.25051,995.47998,2.15,1.42,46.77,80,0,0
2307,2024/4/27 0:45,2024/4/27,0,45,50,0,0,0,0,20.6,19.71,87.59,98.31,1000.75,995.41998,2.27,1.42,85.77,75,0,0
2308,2024/4/27 1:00,2024/4/27,1,0,50,0,0,0,0,20.61,19.68,86.98,98.39,1000.67999,995.37,2.37,1.43,245.69,70,0,0
2309,2024/4/27 1:15,2024/4/27,1,15,50,0,0,0,0,20.56,19.66,86.89,98.45,1000.71002,995.33002,2.45,1.43,186.47,67,0,0
2310,2024/4/27 1:30,2024/4/27,1,30,50,0,0,0,0,20.5,19.64,86.74,98.49,1000.96997,995.31,2.5,1.44,343.85998,65,0,0
2311,2024/4/27 1:45,2024/4/27,1,45,50,0,0,0,0,20.49,19.64,86.63,98.5,1000.84003,995.29999,2.52,1.45,181.24,64,0,0
2312,2024/4/27 2:00,2024/4/27,2,0,50,0,0,0,0,20.33,19.64,86.86,98.47,1000.65002,995.29999,2.52,1.46,56.71,66,0,0
2313,2024/4/27 2:15,2024/4/27,2,15,50,0,0,0,0,20.19,19.64,86.91,98.39,1000.72998,995.32001,2.5,1.48,160.7,69,0,0
2314,2024/4/27 2:30,2024/4/27,2,30,50,0,0,0,0,20.21,19.64,87.03,98.26,1000.75,995.34003,2.47,1.51,118.88,74,0,0
2315,2024/4/27 2:45,2024/4/27,2,45,50,0,0,0,0,20.34,19.63,86.98,98.09,1000.64001,995.37,2.44,1.54,178.92,80,0,0
2316,2024/4/27 3:00,2024/4/27,3,0,50,0,0,0,0,20.43,19.63,86.98,97.88,1000.79999,995.40002,2.4,1.59,121.59,88,0,0
2317,2024/4/27 3:15,2024/4/27,3,15,50,0,0,0,0,20.47,19.63,87.15,97.64,1000.66998,995.44,2.35,1.63,152.06,95,0,0
2318,2024/4/27 3:30,2024/4/27,3,30,50,0,0,0,0,20.48,19.63,87.21,97.37,1000.59998,995.48999,2.31,1.68,21.46,102,0,0
2319,2024/4/27 3:45,2024/4/27,3,45,50,0,0,0,0,20.4,19.63,87.54,97.08,1000.63,995.53998,2.27,1.73,78.14,108,0,0
2320,2024/4/27 4:00,2024/4/27,4,0,50,0,0,0,0,20.42,19.63,87.75,96.79,1000.84998,995.59998,2.24,1.78,74.62,112,0,0
2321,2024/4/27 4:15,2024/4/27,4,15,50,0,0,0,0,20.47,19.63,89.49,96.48,1000.89001,995.65002,2.21,1.83,75.69,115,0,0
2322,2024/4/27 4:30,2024/4/27,4,30,50,0,0,0,0,20.47,19.63,90.02,96.18,1000.91998,995.71002,2.19,1.88,20.41,117,0,0
2323,2024/4/27 4:45,2024/4/27,4,45,50,0,0,0,0,20.39,19.63,90.54,95.88,1000.83002,995.77002,2.19,1.92,82.02,117,0,0
2324,2024/4/27 5:00,2024/4/27,5,0,50,0,0,0,0,20.18,19.66,90.48,95.58,1000.91998,995.85999,2.21,1.97,165.53999,116,0,0
2325,2024/4/27 5:15,2024/4/27,5,15,50,0,0,0,0,20.15,19.75,90.14,95.26,1001.21002,995.97998,2.25,2.02,175,113,0,0
2326,2024/4/27 5:30,2024/4/27,5,30,50,0,0,0,0,20.12,19.88,90,94.92,1001.16998,996.14001,2.32,2.07,159.96001,110,0,0
2327,2024/4/27 5:45,2024/4/27,5,45,50,0,0,0.08,0.0016,20.16,20.06,90.19,94.56,1001.32001,996.32001,2.41,2.13,134.92999,106,11.59,11.81
2328,2024/4/27 6:00,2024/4/27,6,0,50,1.16783,0.0233565999999999,0.15,0.003,20.25,20.27,90.48,94.17,1001.40997,996.51001,2.52,2.19,161.07001,102,26.42,31.5
2329,2024/4/27 6:15,2024/4/27,6,15,50,2.4087,0.048174,0.38,0.0076,20.45,20.51,90.84,93.75,1001.47998,996.70001,2.62,2.25,141.28,98,45.67,61.36
2330,2024/4/27 6:30,2024/4/27,6,30,50,5.94749,0.1189498,0.75,0.015,21.04,20.78,91.33,93.3,1001.90002,996.89001,2.73,2.3,159.13001,93,68.1,156.46001
2331,2024/4/27 6:45,2024/4/27,6,45,50,4.22064,0.0844128,1.31,0.0262,21.7,21.06,91.36,92.81,1001.62,997.06,2.83,2.35,99.03,90,92.48,154.42999
2332,2024/4/27 7:00,2024/4/27,7,0,50,4.12598,0.0825196,2.24,0.0448,22.08,21.35,91.13,92.28,1001.66998,997.21997,2.92,2.39,121.23,87,117.99,108.76
2333,2024/4/27 7:15,2024/4/27,7,15,50,9.92675,0.198535,3.51,0.0702,22.49,21.65,90.95,91.7,1002.01001,997.34003,3,2.42,89.47,85,156.38001,237.42
2334,2024/4/27 7:30,2024/4/27,7,30,50,13.1812,0.263624,5.06,0.1012,23.54,21.95,91.27,91.07,1002.07001,997.40997,3.04,2.44,60.76,83,210.13001,324.17001
2335,2024/4/27 7:45,2024/4/27,7,45,50,16.4675,0.32935,7.06,0.1412,24.35,22.24,90.21,90.39,1001.87,997.44,3.06,2.44,77.35,83,274.63,417.32001
2336,2024/4/27 8:00,2024/4/27,8,0,50,19.0507,0.3810139999999999,9.47,0.1894,25.24,22.56,88.82,89.49,1002.04999,997.44,3.05,2.44,77.49,83,345.23999,448.98001
2337,2024/4/27 8:15,2024/4/27,8,15,50,24.6014,0.492028,12.26,0.2452,26.05,22.93,86.8,88.23,1001.88,997.42999,3.01,2.44,99.09,83,417.37,562.06
2338,2024/4/27 8:30,2024/4/27,8,30,50,23.318,0.46636,15.19,0.3038,26.49,23.36,84.25,86.69,1001.71002,997.41998,2.95,2.43,114.2,84,486.39002,558.66998
2339,2024/4/27 8:45,2024/4/27,8,45,50,25.6306,0.5126120000000001,18.24,0.3647999999999999,27.23,23.82,83.11,84.94,1001.82001,997.40997,2.87,2.42,130.11,86,547.69,593.02002
2340,2024/4/27 9:00,2024/4/27,9,0,50,22.4986,0.449972,21.26,0.4252,28.29,24.3,81.62,83.05,1001.96002,997.39001,2.79,2.41,53.36,87,596.66998,689.46002
2341,2024/4/27 9:15,2024/4/27,9,15,50,31.009,0.62018,24.01,0.4802,28.85,24.79,79.15,81.09,1001.95001,997.37,2.69,2.4,65.11,89,628.71002,703.34998
2342,2024/4/27 9:30,2024/4/27,9,30,50,33.3373,0.666746,26.43,0.5286,29.81,25.27,77.84,79.12,1002.09998,997.34998,2.59,2.38,91.88,90,642.17999,840.16998
2343,2024/4/27 9:45,2024/4/27,9,45,50,20.3101,0.4062019999999999,28.67,0.5734,29.97,25.73,75.17,77.22,1002.06,997.32001,2.48,2.36,104.4,92,652.20001,481.95999
2344,2024/4/27 10:00,2024/4/27,10,0,50,23.9792,0.4795839999999999,30.65,0.613,29.6,26.15,72.83,75.46,1001.94,997.28998,2.38,2.34,69.74,93,661.56,804.71997
2345,2024/4/27 10:15,2024/4/27,10,15,50,29.2113,0.584226,32.5,0.65,29.73,26.53,72.51,73.9,1002.19,997.26001,2.29,2.32,35.76,94,670.23999,910.06
2346,2024/4/27 10:30,2024/4/27,10,30,50,26.2579,0.525158,34.029999,0.6805999799999999,30.01,26.84,71.49,72.62,1001.82001,997.21997,2.2,2.3,110.54,95,678.25,899.47998
2347,2024/4/27 10:45,2024/4/27,10,45,50,38.9438,0.778876,35.450001,0.70900002,30.64,27.08,70.31,71.68,1001.87,997.19,2.13,2.28,100.65,95,685.56,926.09003
2348,2024/4/27 11:00,2024/4/27,11,0,50,42.0698,0.841396,36.32,0.7264,31.65,27.28,69.34,70.94,1001.70001,997.12,2.07,2.25,97.25,95,692.14001,985.5
2349,2024/4/27 11:15,2024/4/27,11,15,50,20.1525,0.40305,36.860001,0.73720002,31.86,27.48,67.79,70.22,1001.90002,996.98999,2.02,2.19,69.9,95,698.01001,486.75
2350,2024/4/27 11:30,2024/4/27,11,30,50,35.7113,0.714226,37.110001,0.74220002,32.6,27.67,66.8,69.52,1001.60999,996.82001,1.96,2.13,108.02,95,703.13,892.98999
2351,2024/4/27 11:45,2024/4/27,11,45,50,29.9907,0.599814,37.509998,0.7501999600000001,33.24,27.85,64.96,68.85,1001.62,996.60999,1.91,2.05,119.34,95,707.51001,749.28998
2352,2024/4/27 12:00,2024/4/27,12,0,50,35.016,0.7003199999999999,37.810001,0.75620002,33.59,28.02,65.22,68.22,1001.12,996.37,1.86,1.97,77.15,95,711.10999,801.96002
2353,2024/4/27 12:15,2024/4/27,12,15,50,36.6565,0.7331300000000001,38.080002,0.76160004,34.12,28.18,64.53,67.64,1001.12,996.12,1.82,1.88,163.64999,95,713.95001,772.40997
2354,2024/4/27 12:30,2024/4/27,12,30,50,33.6203,0.6724060000000001,38.119999,0.76239998,33.98,28.32,63.24,67.13,1001.08002,995.84998,1.77,1.8,155.39999,95,715.97998,1011.53003
2355,2024/4/27 12:45,2024/4/27,12,45,50,25.9609,0.519218,38.169998,0.76339996,33.82,28.44,61.83,66.69,1000.91998,995.59003,1.72,1.72,79.12,95,717.21997,686.35999
2356,2024/4/27 13:00,2024/4/27,13,0,50,27.1671,0.543342,37.990002,0.7598000399999999,34.56,28.53,61.47,66.33,1000.28998,995.33002,1.67,1.65,115.83,95,717.63,734.17999
2357,2024/4/27 13:15,2024/4/27,13,15,50,20.2666,0.405332,37.529999,0.7505999799999999,34.39,28.61,61.19,66.06,1000.33002,995.09998,1.62,1.6,131.49,95,707.51001,452.34
2358,2024/4/27 13:30,2024/4/27,13,30,50,20.2914,0.4058279999999999,36.310001,0.72620002,33.85,28.65,62.92,65.89,999.78998,994.89001,1.57,1.56,147.31,96,679.78998,447.03
2359,2024/4/27 13:45,2024/4/27,13,45,50,19.4716,0.389432,34.599998,0.69199996,33.27,28.67,62.74,65.84,999.92999,994.71997,1.51,1.55,153.26,96,638.44,445.95999
2360,2024/4/27 14:00,2024/4/27,14,0,50,21.6551,0.433102,32.57,0.6514,33.21,28.65,64.01,65.93,999.48999,994.57001,1.45,1.55,105.02,96,587.45001,506.12
2361,2024/4/27 14:15,2024/4/27,14,15,50,20.1695,0.4033899999999999,30.860001,0.61720002,33.96,28.61,63.51,66.22,999.46997,994.40997,1.38,1.57,119.34,98,530.76001,494.63
2362,2024/4/27 14:30,2024/4/27,14,30,50,20.7026,0.414052,29.219999,0.58439998,34.08,28.53,62.1,66.66,999.17999,994.25,1.3,1.6,90.94,101,472.37,500.45999
2363,2024/4/27 14:45,2024/4/27,14,45,50,24.6645,0.49329,27.450001,0.54900002,34.77,28.43,61.21,67.24,998.96997,994.09998,1.21,1.63,98.93,104,416.23001,584.92999
2364,2024/4/27 15:00,2024/4/27,15,0,50,20.8572,0.4171439999999999,25.1,0.502,35.72,28.31,61.11,67.94,998.69,993.95001,1.13,1.67,21.36,107,366.34,470.89002
2365,2024/4/27 15:15,2024/4/27,15,15,50,17.4136,0.3482719999999999,22.309999,0.44619998,35.64,28.18,60.13,68.73,998.56,993.81,1.04,1.72,352.07999,111,326.64002,450.34
2366,2024/4/27 15:30,2024/4/27,15,30,50,13.5863,0.2717259999999999,19.4,0.3879999999999999,35.34,28.02,58.67,69.59,998.21997,993.67999,0.96,1.77,93.73,114,294.22,331.25
2367,2024/4/27 15:45,2024/4/27,15,45,50,9.66035,0.193207,16.870001,0.3374000199999999,34.95,27.86,62.66,70.5,998.26001,993.57001,0.89,1.83,105.12,117,263.41,243.83
2368,2024/4/27 16:00,2024/4/27,16,0,50,8.67926,0.1735852,14.71,0.2942,33.98,27.69,63.64,71.43,998.26001,993.46997,0.83,1.88,138.89999,119,234.07001,195.28999
2369,2024/4/27 16:15,2024/4/27,16,15,50,6.85777,0.1371554,12.62,0.2523999999999999,33.24,27.52,64.82,72.36,998.42999,993.40002,0.79,1.94,140.97,121,206.06,167.34
2370,2024/4/27 16:30,2024/4/27,16,30,50,5.82089,0.1164178,10.33,0.2066,32.51,27.35,66.28,73.28,998.13,993.35999,0.75,1.99,121.88,122,179.23,130.36
2371,2024/4/27 16:45,2024/4/27,16,45,50,4.95296,0.0990592,8.1,0.162,17.51,27.18,67.186,74.15,998.25602,993.34003,0.74,2.05,0,122,153.42999,108.664
2372,2024/4/27 17:00,2024/4/27,17,0,50,3.73205,0.074641,6.22,0.1244,12.51,26.99,67.79,75.07,998.34003,993.37,0.79,2.11,165.78999,120,128.53999,94.2
2373,2024/4/27 17:15,2024/4/27,17,15,50,1.65837,0.0331674,4.81,0.0962,27.51,26.77,69.32,76.11,998.42999,993.46002,0.92,2.18,175.5,117,104.39,50.08
2374,2024/4/27 17:30,2024/4/27,17,30,50,0.90669,0.0181338,3.54,0.0708,31.61,26.52,70.3,77.25,998.66998,993.59003,1.12,2.27,171.11,112,80.86,27.8
2375,2024/4/27 17:45,2024/4/27,17,45,50,0.00916,0.0001832,1.77,0.0354,30.74,26.25,72.16,78.46,998.51001,993.76001,1.36,2.36,156.84,107,57.78,14.59
2376,2024/4/27 18:00,2024/4/27,18,0,50,0,0,0.71,0.0141999999999999,29.62,25.97,74.72,79.71,998.46997,993.96002,1.64,2.45,131.11,101,33.59,7.49
2377,2024/4/27 18:15,2024/4/27,18,15,50,0,0,0.35,0.0069999999999999,28.96,25.67,76.03,80.96,998.31,994.16998,1.94,2.54,165.96001,95,0,3.58
2378,2024/4/27 18:30,2024/4/27,18,30,50,0,0,0,0,28.36,25.38,76.83,82.2,998.64001,994.40002,2.24,2.63,175.71001,90,0,0.51
2379,2024/4/27 18:45,2024/4/27,18,45,50,0,0,0,0,27.85,25.09,77.73,83.4,998.79999,994.62,2.52,2.71,182.47,85,0,0
2380,2024/4/27 19:00,2024/4/27,19,0,50,0,0,0,0,27.51,24.81,78.07,84.52,998.56,994.83002,2.76,2.78,162.11999,81,0,0
2381,2024/4/27 19:15,2024/4/27,19,15,50,0,0,0,0,26.99,24.56,79.64,85.53,998.51001,995.02002,2.96,2.83,174.78999,79,0,0
2382,2024/4/27 19:30,2024/4/27,19,30,50,0,0,0,0,26.91,24.33,79.97,86.42,998.51001,995.17999,3.09,2.87,173.81,77,0,0
2383,2024/4/27 19:45,2024/4/27,19,45,50,0,0,0,0,26.99,24.13,79.44,87.14,998.96002,995.29999,3.14,2.88,270.51001,76,0,0
2384,2024/4/27 20:00,2024/4/27,20,0,50,0,0,0,0,26.81,23.96,79.11,87.76,999.04999,995.39001,3.11,2.86,230.31,76,0,0
2385,2024/4/27 20:15,2024/4/27,20,15,50,0,0,0,0,26.6,23.8,79.15,88.36,999.58002,995.48999,3.05,2.79,355.95999,77,0,0
2386,2024/4/27 20:30,2024/4/27,20,30,50,0,0,0,0,26.56,23.64,78.97,88.93,1000.07001,995.59003,2.95,2.68,47.04,78,0,0
2387,2024/4/27 20:45,2024/4/27,20,45,50,0,0,0,0,26.4,23.5,78.99,89.47,1000.31,995.67999,2.82,2.55,240.82001,79,0,0
2388,2024/4/27 21:00,2024/4/27,21,0,50,0,0,0,0,26.1,23.36,79.18,89.98,1000.84003,995.77002,2.68,2.4,268.12,80,0,0
2389,2024/4/27 21:15,2024/4/27,21,15,50,0,0,0,0,25.82,23.23,79.73,90.46,1000.96997,995.84998,2.53,2.25,45.77,82,0,0
2390,2024/4/27 21:30,2024/4/27,21,30,50,0,0,0,0,25.44,23.1,80.57,90.9,1001.25,995.91998,2.38,2.09,136.74,84,0,0
2391,2024/4/27 21:45,2024/4/27,21,45,50,0,0,0,0,25.3,22.97,80.48,91.31,1001.34003,995.98999,2.24,1.94,195.41,87,0,0
2392,2024/4/27 22:00,2024/4/27,22,0,50,0,0,0,0,25.2,22.85,80.15,91.68,1001.28998,996.03998,2.11,1.81,156.08,89,0,0
2393,2024/4/27 22:15,2024/4/27,22,15,50,0,0,0,0,25.02,22.73,80.23,92,1001.34003,996.08002,2.01,1.71,157.92,92,0,0
2394,2024/4/27 22:30,2024/4/27,22,30,50,0,0,0,0,24.68,22.61,80.47,92.29,1001.25,996.09998,1.95,1.64,154.39999,95,0,0
2395,2024/4/27 22:45,2024/4/27,22,45,50,0,0,0,0,24.39,22.5,80.53,92.53,1000.92999,996.10999,1.92,1.61,145.74,98,0,0
2396,2024/4/27 23:00,2024/4/27,23,0,50,0,0,0,0,24.09,22.38,81.17,92.74,1000.59998,996.09003,1.93,1.62,174.14999,100,0,0
2397,2024/4/27 23:15,2024/4/27,23,15,50,0,0,0,0,24.01,22.26,80.97,92.94,1000.52002,996.03003,1.96,1.63,171.73,102,0,0
2398,2024/4/27 23:30,2024/4/27,23,30,50,0,0,0,0,23.83,22.13,80.85,93.12,1000.23999,995.92999,2,1.65,87.55,103,0,0
2399,2024/4/27 23:45,2024/4/27,23,45,50,0,0,0,0,23.45,22.01,81.38,93.3,1000.16998,995.81,2.05,1.67,111.47,105,0,0
2400,2024/5/7 0:00,2024/5/7,0,0,50,0,0,0,0,19.67963,17.86,1655.25497,91.23,1010.19029,1003.46002,1.12297,1.61,107.92897,128,0,0
2401,2024/5/7 0:15,2024/5/7,0,15,50,0,0,0,0,19.55491,17.8,1625.25497,91.17,1009.52256,1003.38,1.05379,1.61,86.13975,126,0,0
2402,2024/5/7 0:30,2024/5/7,0,30,50,0,0,0,0,19.36,17.74,1595.25497,91.11,1009.37,1003.29999,1.017,1.62,152.89999,124,0,0
2403,2024/5/7 0:45,2024/5/7,0,45,50,0,0,0,0,19.18,17.68,1565.25497,91.05,1009.46002,1003.22998,1.0174,1.63,148.5,122,0,0
2404,2024/5/7 1:00,2024/5/7,1,0,50,0,0,0,0,19.1,17.62,1535.25497,90.98,1009.31,1003.16998,1.0562,1.64,118.88,120,0,0
2405,2024/5/7 1:15,2024/5/7,1,15,50,0,0,0,0,18.9,17.55,1505.25497,90.9,1009.28998,1003.10999,1.1046,1.65,120.49,119,0,0
2406,2024/5/7 1:30,2024/5/7,1,30,50,0,0,0,0,18.82,17.47,1475.25497,90.82,1009.34003,1003.08002,1.1371,1.66,159.66,118,0,0
2407,2024/5/7 1:45,2024/5/7,1,45,50,0,0,0,0,18.78,17.39,1445.25497,90.74,1009.34998,1003.07001,1.1582,1.67,43.89,117,0,0
2408,2024/5/7 2:00,2024/5/7,2,0,50,0,0,0,0,18.56,17.28,1415.25497,90.64,1009.22998,1003.07001,1.1893,1.68,60.9,117,0,0
2409,2024/5/7 2:15,2024/5/7,2,15,50,0,0,0,0,18.47,17.15,1385.25497,90.52,1009.39001,1003.09003,1.2292,1.7,87.77,117,0,0
2410,2024/5/7 2:30,2024/5/7,2,30,50,0,0,0,0,18.3,17,1355.25497,90.37,1008.98999,1003.12,1.2609,1.73,81.98,117,0,0
2411,2024/5/7 2:45,2024/5/7,2,45,50,0,0,0,0,18.18,16.83,1325.25497,90.2,1008.85999,1003.15002,1.2864,1.76,50.47,117,0,0
2412,2024/5/7 3:00,2024/5/7,3,0,50,0,0,0,0,18.11,16.67,1295.25497,90.01,1008.90002,1003.20001,1.3533,1.79,54.81,118,0,0
2413,2024/5/7 3:15,2024/5/7,3,15,50,0,0,0,0,18.04,16.5,1265.25497,89.79,1009.22998,1003.25,1.407,1.82,52.29,118,0,0
2414,2024/5/7 3:30,2024/5/7,3,30,50,0,0,0,0,17.93,16.34,1235.25497,89.56,1009.32001,1003.31,1.4204,1.85,171.06,118,0,0
2415,2024/5/7 3:45,2024/5/7,3,45,50,0,0,0,0,17.79,16.19,1205.25497,89.31,1009.44,1003.37,1.4363,1.88,154.91,118,0,0
2416,2024/5/7 4:00,2024/5/7,4,0,50,0,0,0,0,17.71,16.07,1175.25497,89.04,1009.32001,1003.44,1.4804,1.9,133.60001,119,0,0
2417,2024/5/7 4:15,2024/5/7,4,15,50,0,0,0,0,17.61,15.97,1145.25497,88.75,1009.27002,1003.51001,1.523,1.92,117.24,119,0,0
2418,2024/5/7 4:30,2024/5/7,4,30,50,0,0,0,0,17.51,15.91,1115.25497,88.45,1009.47998,1003.58002,1.5242,1.93,166.5,119,0,0
2419,2024/5/7 4:45,2024/5/7,4,45,50,0,0,0,0,17.48,15.89,1085.25497,88.14,1009.59998,1003.65002,1.5209,1.94,156,119,0,0
2420,2024/5/7 5:00,2024/5/7,5,0,50,0,0,0,0,17.38,15.94,1055.25497,87.78,1009.64001,1003.73999,1.5142,1.94,108.53,118,0,0
2421,2024/5/7 5:15,2024/5/7,5,15,50,0,0,0,0,17.23,16.11,1025.25497,87.35,1010.09003,1003.85999,1.503,1.94,235.97,117,0,0
2422,2024/5/7 5:30,2024/5/7,5,30,50,0,0,0,0,17.13,16.37,995.25497,86.86,1009.84998,1004.01001,1.5033,1.94,60.01,116,0,6.5
2423,2024/5/7 5:45,2024/5/7,5,45,50,0.77573,0.0155146,0.1,0.002,17.19,16.71,965.25497,86.32,1010.29999,1004.17999,1.4638,1.94,154.52,114,18.16,22.82
2424,2024/5/7 6:00,2024/5/7,6,0,50,1.80509,0.0361018,0.2,0.004,17.3,17.11,935.25497,85.72,1010.38,1004.35999,1.3785,1.94,74.88,113,34.55,47.08
2425,2024/5/7 6:15,2024/5/7,6,15,50,2.95287,0.0590573999999999,0.5,0.01,17.45,17.55,905.25497,85.08,1010.29999,1004.53998,1.3107,1.94,80.75,111,54.18,70.41
2426,2024/5/7 6:30,2024/5/7,6,30,50,3.5222,0.070444,1,0.02,17.86,18.02,875.25497,84.42,1010.53998,1004.71002,1.2755,1.94,120.73,109,75.67,83.56
2427,2024/5/7 6:45,2024/5/7,6,45,50,4.81785,0.096357,1.61,0.0322,18.21,18.51,845.25497,83.72,1010.62,1004.87,1.2242,1.94,72.34,107,97.69,110.32
2428,2024/5/7 7:00,2024/5/7,7,0,50,4.65918,0.0931836,2.54,0.0508,18.62,19,815.25497,83.01,1010.82001,1005.01001,1.1988,1.94,72.21,105,119.13,112.59
2429,2024/5/7 7:15,2024/5/7,7,15,50,8.90625,0.178125,3.6,0.072,19.33,19.47,785.25497,82.29,1011.07001,1005.13,1.1792,1.94,142.60001,103,146.36,200.66
2430,2024/5/7 7:30,2024/5/7,7,30,50,12.8061,0.256122,4.87,0.0974,20.33,19.9,755.25497,81.57,1011.03998,1005.21002,1.2074,1.94,138.60001,102,180.8,302.73999
2431,2024/5/7 7:45,2024/5/7,7,45,50,11.9528,0.239056,6.29,0.1258,21.21,20.29,725.25497,80.85,1011.09998,1005.25,1.2213,1.95,72.04,100,219.92999,260.07999
2432,2024/5/7 8:00,2024/5/7,8,0,50,12.3785,0.24757,8.23,0.1646,21.94,20.67,695.25497,80.08,1011.08002,1005.26001,1.2346,1.95,107.17,100,261.14002,275.06
2433,2024/5/7 8:15,2024/5/7,8,15,50,15.0258,0.300516,10.46,0.2092,22.66,21.07,665.25497,79.23,1011.10999,1005.27002,1.2158,1.97,84.96,99,301.88,350.23999
2434,2024/5/7 8:30,2024/5/7,8,30,50,16.7262,0.334524,12.73,0.2546,23.18,21.49,635.25497,78.32,1011.10999,1005.28003,1.2402,1.99,82.49,98,339.59,432.28
2435,2024/5/7 8:45,2024/5/7,8,45,50,21.2795,0.4255899999999999,14.67,0.2934,23.79,21.92,605.25497,77.35,1011.31,1005.29999,1.328,2.01,100.95,98,371.70999,420.82999
2436,2024/5/7 9:00,2024/5/7,9,0,50,20.3925,0.40785,16.469999,0.32939998,24.55,22.35,575.25497,76.37,1011.31,1005.29999,1.279,2.04,113.76,97,395.64002,453.29999
2437,2024/5/7 9:15,2024/5/7,9,15,50,25.0453,0.5009060000000001,18.42,0.3684,25.46,22.76,545.25497,75.38,1011.29999,1005.31,1.2452,2.07,129.17999,97,408.84,531.78003
2438,2024/5/7 9:30,2024/5/7,9,30,50,24.8419,0.496838,20.5,0.41,26.66,23.16,515.25497,74.4,1011.40997,1005.32001,1.2756,2.1,110.73,96,410.35998,665.19
2439,2024/5/7 9:45,2024/5/7,9,45,50,23.226,0.46452,22.48,0.4496,27.29,23.52,485.25497,73.46,1011.44,1005.33002,1.2447,2.13,123.86,96,408.5,595.98999
2440,2024/5/7 10:00,2024/5/7,10,0,50,28.9654,0.5793079999999999,24,0.48,27.68,23.85,455.25497,72.58,1011.13,1005.33002,1.2049,2.15,78.44,95,405.03,691.17999
2441,2024/5/7 10:15,2024/5/7,10,15,50,35.2387,0.704774,25.219999,0.5043999800000001,28.05,24.13,425.25497,71.78,1010.91998,1005.33002,1.1763,2.17,118.27,95,400.23001,806.71002
2442,2024/5/7 10:30,2024/5/7,10,30,50,33.6775,0.6735500000000001,26.129999,0.5225999800000001,29.27,24.35,395.25497,71.08,1010.95001,1005.34003,1.168,2.18,169.03999,94,394.39999,903.41998
2443,2024/5/7 10:45,2024/5/7,10,45,50,37.5169,0.750338,26.9,0.5379999999999999,30.11,24.5,365.25497,70.5,1011.04999,1005.34003,1.1375,2.19,108.71,94,387.79001,974.07001
2444,2024/5/7 11:00,2024/5/7,11,0,50,41.1412,0.822824,27.34,0.5468,30.92,24.6,335.25497,70,1011.09003,1005.31,1.113,2.17,153.3,93,380.70001,1001.03003
2445,2024/5/7 11:15,2024/5/7,11,15,50,33.0455,0.6609099999999999,27.700001,0.55400002,31.32,24.7,305.25497,69.54,1010.72998,1005.23999,1.1325,2.13,157.94,92,373.39999,931.25
2446,2024/5/7 11:30,2024/5/7,11,30,50,42.2963,0.8459260000000001,28,0.56,31.81,24.78,275.25497,69.11,1010.52002,1005.13,1.1759,2.06,18.66,90,366.17001,1030.81995
2447,2024/5/7 11:45,2024/5/7,11,45,50,39.9226,0.798452,28.42,0.5684,32.61,24.86,245.25497,68.71,1010.59998,1004.98999,1.2397,1.97,139.28999,89,359.29001,1100.97998
2448,2024/5/7 12:00,2024/5/7,12,0,50,33.9332,0.6786639999999999,28.700001,0.57400002,33.19,24.93,215.25497,68.33,1010.40002,1004.82001,1.3666,1.86,62.88,87,353.03,723.44
2449,2024/5/7 12:15,2024/5/7,12,15,50,26.3442,0.526884,28.85,0.5770000000000001,33.94,24.99,185.25497,67.97,1010.03003,1004.64001,1.5211,1.75,139.24,85,347.67999,1103.56995
2450,2024/5/7 12:30,2024/5/7,12,30,50,34.6689,0.693378,28.84,0.5768,33.79,25.05,155.25497,67.63,1009.95001,1004.45001,1.674,1.63,1.03,83,343.51001,537.5
2451,2024/5/7 12:45,2024/5/7,12,45,50,38.254,0.76508,28.860001,0.57720002,34.64,25.1,125.25497,67.31,1009.79999,1004.25,1.838,1.5,180.71001,81,340.81,992.76001
2452,2024/5/7 13:00,2024/5/7,13,0,50,41.4225,0.82845,28.73,0.5746,35.18,25.15,95.25497,67,1009.75,1004.04999,2.0026,1.39,53.55,78,339.85001,1037.54004
2453,2024/5/7 13:15,2024/5/7,13,15,50,38.249,0.76498,28.440001,0.56880002,35.98,25.2,65.25497,66.69,1009.32001,1003.87,2.1739,1.28,153.42999,76,341.82001,911.97998
2454,2024/5/7 13:30,2024/5/7,13,30,50,39.4771,0.789542,27.870001,0.55740002,37.03,25.25,54.62,66.4,1009.21997,1003.70001,2.3698,1.19,178.03999,74,347.13,1046.31006
2455,2024/5/7 13:45,2024/5/7,13,45,50,34.6991,0.693982,27.139999,0.54279998,37.64,25.31,54.63,66.11,1009.06,1003.56,2.5909,1.11,232.01,72,354.79001,953.09998
2456,2024/5/7 14:00,2024/5/7,14,0,50,36.5379,0.730758,26.24,0.5247999999999999,37.85,25.36,57.28,65.8,1008.87,1003.42999,2.815,1.05,43.93,71,363.89002,944.87
2457,2024/5/7 14:15,2024/5/7,14,15,50,19.251,0.38502,25.030001,0.5006000199999999,39,25.42,58.24,65.49,1008.54999,1003.28998,3.0442,0.98,261.10001,71,373.45999,376.39999
2458,2024/5/7 14:30,2024/5/7,14,30,50,14.7765,0.29553,23.549999,0.47099998,38.12,25.48,59.72,65.16,1008.71002,1003.14001,3.2661,0.92,276.53,70,382.54999,367.63
2459,2024/5/7 14:45,2024/5/7,14,45,50,24.0163,0.480326,21.77,0.4354,37.18,25.54,61.38,64.83,1008.51001,1003,3.4704,0.85,273.67999,70,390.22,549.45001
2460,2024/5/7 15:00,2024/5/7,15,0,50,29.4936,0.5898720000000001,19.98,0.3996,37.63,25.6,61.89,64.51,1008.42999,1002.84998,3.6295,0.79,284.29001,70,395.51001,728.57001
2461,2024/5/7 15:15,2024/5/7,15,15,50,23.7384,0.4747679999999999,18.290001,0.36580002,38.54,25.65,62.22,64.21,1008.35999,1002.71002,3.7713,0.73,299.63,70,397.48999,650.41998
2462,2024/5/7 15:30,2024/5/7,15,30,50,20.0104,0.400208,16.74,0.3348,38.75,25.7,60.4,63.94,1008.35999,1002.58002,3.8983,0.67,251.22,71,390.81,593.84998
2463,2024/5/7 15:45,2024/5/7,15,45,50,19.883,0.3976599999999999,15.37,0.3074,38.76,25.75,61.6,63.69,1007.95001,1002.46997,3.9972,0.63,322.78,72,372.28,492.53
2464,2024/5/7 16:00,2024/5/7,16,0,50,11.9373,0.238746,13.77,0.2754,38.37,25.79,61.41,63.49,1007.95001,1002.38,4.0623,0.59,263.42001,72,344.14002,275.60998
2465,2024/5/7 16:15,2024/5/7,16,15,50,8.88918,0.1777835999999999,12.02,0.2404,37.22,25.81,63.43,63.33,1007.87,1002.29999,4.084,0.56,256.95001,73,308.64999,246.44
2466,2024/5/7 16:30,2024/5/7,16,30,50,8.02542,0.1605084,9.83,0.1966,36.74,25.83,65.13,63.23,1007.66998,1002.26001,3.9691,0.54,299.82001,75,268.04001,223.2
2467,2024/5/7 16:45,2024/5/7,16,45,50,8.86271,0.1772542,7.7,0.154,36.38,25.84,66.28,63.19,1007.76001,1002.23999,3.8048,0.53,272.17001,76,224.58,241.61999
2468,2024/5/7 17:00,2024/5/7,17,0,50,7.20652,0.1441304,5.75,0.115,36.17,25.73,66.94,63.63,1007.72998,1002.26001,3.6448,0.55,294.29001,80,180.51,236.47
2469,2024/5/7 17:15,2024/5/7,17,15,50,3.66283,0.0732566,4.28,0.0856,30.97,25.44,69.1,64.83,1007.71002,1002.31,3.4857,0.59,0,92,138.08,123.11
2470,2024/5/7 17:30,2024/5/7,17,30,50,2.33538,0.0467075999999999,3.06,0.0612,33.78,25,70.47,66.67,1007.84003,1002.40002,3.3912,0.65,295.85998,115,99.55,71.86
2471,2024/5/7 17:45,2024/5/7,17,45,50,1.89791,0.0379582,1.53,0.0306,32.98,24.44,72.2,68.98,1007.83002,1002.51001,3.3003,0.72,321.44,149,67.15,59.69
2472,2024/5/7 18:00,2024/5/7,18,0,50,1.04147,0.0208293999999999,0.61,0.0121999999999999,32.13,23.79,73.31,71.62,1008.12,1002.64001,3.2265,0.81,264.32001,174,40.96,39.2
2473,2024/5/7 18:15,2024/5/7,18,15,50,0.4697,0.009394,0.31,0.0062,30.86,23.1,75.09,74.45,1008.23999,1002.78003,3.1704,0.9,256.85998,187,14.69,21.39
2474,2024/5/7 18:30,2024/5/7,18,30,50,0,0,0,0,29.74,22.4,76.28,77.32,1008.20001,1002.94,3.1433,0.99,245.02,195,0,4.59
2475,2024/5/7 18:45,2024/5/7,18,45,50,0,0,0,0,28.91,21.72,77.27,80.09,1008.57001,1003.09998,3.1528,1.08,306.73999,199,0,0
2476,2024/5/7 19:00,2024/5/7,19,0,50,0,0,0,0,28.16,21.1,77.99,82.61,1008.53003,1003.27002,3.1839,1.15,289.84,202,0,0
2477,2024/5/7 19:15,2024/5/7,19,15,50,0,0,0,0,27.51,20.57,78.46,84.73,1008.65997,1003.42999,3.2242,1.22,347.29001,203,0,0
2478,2024/5/7 19:30,2024/5/7,19,30,50,0,0,0,0,27.09,20.17,78.84,86.31,1008.70001,1003.59003,3.26,1.26,158.69,205,0,0
2479,2024/5/7 19:45,2024/5/7,19,45,50,0,0,0,0,26.22,19.93,79.63,87.19,1008.78998,1003.72998,3.2516,1.27,174.99,206,0,0
2480,2024/5/7 20:00,2024/5/7,20,0,50,0,0,0,0,25.55,19.78,80.3,87.68,1008.82001,1003.88,3.2312,1.27,165.03,207,0,0
2481,2024/5/7 20:15,2024/5/7,20,15,50,0,0,0,0,25.06,19.65,81.02,88.14,1009.10999,1004.04999,3.2116,1.27,172.42999,208,0,0
2482,2024/5/7 20:30,2024/5/7,20,30,50,0,0,0,0,24.77,19.52,81.31,88.57,1009.21002,1004.23999,3.1846,1.27,179.14,209,0,0
2483,2024/5/7 20:45,2024/5/7,20,45,50,0,0,0,0,24.65,19.4,81.33,88.96,1009.54999,1004.44,3.1443,1.27,144.5,210,0,0
2484,2024/5/7 21:00,2024/5/7,21,0,50,0,0,0,0,24.55,19.28,81.45,89.32,1009.87,1004.64001,3.1286,1.27,174,211,0,0
2485,2024/5/7 21:15,2024/5/7,21,15,50,0,0,0,0,24.34,19.19,81.31,89.64,1009.97998,1004.84003,3.1452,1.27,226.64999,212,0,0
2486,2024/5/7 21:30,2024/5/7,21,30,50,0,0,0,0,24.22,19.1,81.26,89.92,1010.23999,1005.02002,3.185,1.27,31.46,213,0,0
2487,2024/5/7 21:45,2024/5/7,21,45,50,0,0,0,0,23.91,19.03,81.94,90.16,1010.19,1005.19,3.2184,1.27,341.95001,213,0,0
2488,2024/5/7 22:00,2024/5/7,22,0,50,0,0,0,0,23.88,18.97,81.68,90.35,1010.20001,1005.33002,3.2374,1.27,244.84,214,0,0
2489,2024/5/7 22:15,2024/5/7,22,15,50,0,0,0,0,23.41,18.92,81.94,90.48,1010.40002,1005.44,3.245,1.27,237.61,215,0,0
2490,2024/5/7 22:30,2024/5/7,22,30,50,0,0,0,0,23.1,18.9,82.26,90.57,1010.56,1005.51001,3.2603,1.27,223.53999,215,0,0
2491,2024/5/7 22:45,2024/5/7,22,45,50,0,0,0,0,22.96,18.89,82.4,90.6,1010.57001,1005.53998,3.2633,1.27,258.76999,216,0,0
2492,2024/5/7 23:00,2024/5/7,23,0,50,0,0,0,0,22.79,18.9,82.36,90.45,1010.48999,1005.53003,3.2397,1.26,239.41,216,0,0
2493,2024/5/7 23:15,2024/5/7,23,15,50,0,0,0,0,22.66,18.92,82.46,90.05,1010.65997,1005.51001,3.2175,1.25,236.67999,216,0,0
2494,2024/5/7 23:30,2024/5/7,23,30,50,0,0,0,0,22.58,18.96,82.38,89.44,1010.78998,1005.46997,3.2067,1.23,248.55,217,0,0
2495,2024/5/7 23:45,2024/5/7,23,45,50,0,0,0,0,22.45,19.02,82.62,88.68,1010.62,1005.41998,1.0705,1.2,333.64002,218,0,0
